rowId,modelId,category,brand,modelFamily,identityTier,verifiedProductCodes,symptomId,supported,capability,repairPackId,troubleshootingEvidence,supportMissingReason,purchaseReady,exactPart,purchaseMissingReason
"lg-wm3400cw__will-not-drain","lg-wm3400cw","washer","LG","WM3400CW","exact-code","[""WM3400CW.ABWEVUS""]","will-not-drain","true","guided-checks","lg-wm3400cw::will-not-drain","[{""id"":""lg-no-drain"",""kind"":""manufacturer-troubleshooting"",""title"":""LG washer: water not draining"",""publisher"":""LG"",""url"":""https://www.lg.com/us/support/help-library/lg-washing-machine-water-not-draining--20154726902590"",""appliesTo"":""LG front-load washers"",""lastVerified"":""2026-08-27""},{""id"":""lg-filter"",""kind"":""manufacturer-troubleshooting"",""title"":""LG drain-pump filter cleaning"",""publisher"":""LG"",""url"":""https://www.lg.com/us/support/help-library/lg-washer-how-to-clean-the-drain-pump-filter--20150206838321"",""appliesTo"":""LG front-load washers with user-accessible filters"",""lastVerified"":""2026-08-27""}]","","false","","No accepted complete-revision → one exact-SKU compatibility chain plus separately verified seller offer is recorded."
"lg-wm3400cw__door-will-not-close","lg-wm3400cw","washer","LG","WM3400CW","exact-code","[""WM3400CW.ABWEVUS""]","door-will-not-close","true","guided-checks","lg-wm3400cw::door-will-not-close","[{""id"":""lg-front-washer-door"",""kind"":""manufacturer-troubleshooting"",""title"":""LG front-load washer dE/dE1/dE2 door errors"",""publisher"":""LG"",""url"":""https://www.lg.com/us/support/help-library/front-load-washer-what-are-de-de1-and-de2-error-codes--1400508168566"",""appliesTo"":""LG front-load washers; all-model article with model-dependent visuals"",""lastVerified"":""2026-08-28""}]","","false","","Purchase promotion is limited to the category's separately reviewed default component route."
"lg-wm3400cw__will-not-start","lg-wm3400cw","washer","LG","WM3400CW","exact-code","[""WM3400CW.ABWEVUS""]","will-not-start","true","guided-checks","lg-wm3400cw::will-not-start","[{""id"":""lg-washer-start"",""kind"":""manufacturer-troubleshooting"",""title"":""LG washer unresponsive-control checks"",""publisher"":""LG"",""url"":""https://www.lg.com/us/support/help-library/lg-washer-troubleshooting-unresponsive-washer-buttons-CT10000012-20152367429605"",""appliesTo"":""LG front- and top-load washers; visible controls and lock state only"",""lastVerified"":""2026-08-29""}]","","false","","Purchase promotion is limited to the category's separately reviewed default component route."
"lg-wm3400cw__will-not-spin","lg-wm3400cw","washer","LG","WM3400CW","exact-code","[""WM3400CW.ABWEVUS""]","will-not-spin","true","guided-checks","lg-wm3400cw::will-not-spin","[{""id"":""lg-washer-spin"",""kind"":""manufacturer-troubleshooting"",""title"":""LG washer drum-not-spinning checks"",""publisher"":""LG"",""url"":""https://www.lg.com/us/support/help-library/lg-washer-troubleshooting-washing-machine-drum-not-spinning-CT10000010-20150584818000"",""appliesTo"":""LG front- and top-load washers; load, drain, and closure observations only"",""lastVerified"":""2026-08-29""}]","","false","","Purchase promotion is limited to the category's separately reviewed default component route."
"lg-wm3400cw__is-leaking","lg-wm3400cw","washer","LG","WM3400CW","exact-code","[""WM3400CW.ABWEVUS""]","is-leaking","true","guided-checks","lg-wm3400cw::is-leaking","[{""id"":""lg-washer-leak"",""kind"":""manufacturer-troubleshooting"",""title"":""LG washer leak troubleshooting"",""publisher"":""LG"",""url"":""https://www.lg.com/us/support/help-library/leaking-washing-machine-troubleshooting-guide-CT10000010-20150295652820"",""appliesTo"":""LG front- and top-load washers; topology-selected visible leak checks only"",""lastVerified"":""2026-08-29""}]","","false","","Purchase promotion is limited to the category's separately reviewed default component route."
"lg-wm4000hwa__will-not-drain","lg-wm4000hwa","washer","LG","WM4000HWA","exact-code","[""WM4000HWA.ABWEUUS""]","will-not-drain","true","guided-checks","lg-wm4000hwa::will-not-drain","[{""id"":""lg-no-drain"",""kind"":""manufacturer-troubleshooting"",""title"":""LG washer: water not draining"",""publisher"":""LG"",""url"":""https://www.lg.com/us/support/help-library/lg-washing-machine-water-not-draining--20154726902590"",""appliesTo"":""LG front-load washers"",""lastVerified"":""2026-08-27""},{""id"":""lg-filter"",""kind"":""manufacturer-troubleshooting"",""title"":""LG drain-pump filter cleaning"",""publisher"":""LG"",""url"":""https://www.lg.com/us/support/help-library/lg-washer-how-to-clean-the-drain-pump-filter--20150206838321"",""appliesTo"":""LG front-load washers with user-accessible filters"",""lastVerified"":""2026-08-27""}]","","false","","No accepted complete-revision → one exact-SKU compatibility chain plus separately verified seller offer is recorded."
"lg-wm4000hwa__door-will-not-close","lg-wm4000hwa","washer","LG","WM4000HWA","exact-code","[""WM4000HWA.ABWEUUS""]","door-will-not-close","true","guided-checks","lg-wm4000hwa::door-will-not-close","[{""id"":""lg-front-washer-door"",""kind"":""manufacturer-troubleshooting"",""title"":""LG front-load washer dE/dE1/dE2 door errors"",""publisher"":""LG"",""url"":""https://www.lg.com/us/support/help-library/front-load-washer-what-are-de-de1-and-de2-error-codes--1400508168566"",""appliesTo"":""LG front-load washers; all-model article with model-dependent visuals"",""lastVerified"":""2026-08-28""}]","","false","","Purchase promotion is limited to the category's separately reviewed default component route."
"lg-wm4000hwa__will-not-start","lg-wm4000hwa","washer","LG","WM4000HWA","exact-code","[""WM4000HWA.ABWEUUS""]","will-not-start","true","guided-checks","lg-wm4000hwa::will-not-start","[{""id"":""lg-washer-start"",""kind"":""manufacturer-troubleshooting"",""title"":""LG washer unresponsive-control checks"",""publisher"":""LG"",""url"":""https://www.lg.com/us/support/help-library/lg-washer-troubleshooting-unresponsive-washer-buttons-CT10000012-20152367429605"",""appliesTo"":""LG front- and top-load washers; visible controls and lock state only"",""lastVerified"":""2026-08-29""}]","","false","","Purchase promotion is limited to the category's separately reviewed default component route."
"lg-wm4000hwa__will-not-spin","lg-wm4000hwa","washer","LG","WM4000HWA","exact-code","[""WM4000HWA.ABWEUUS""]","will-not-spin","true","guided-checks","lg-wm4000hwa::will-not-spin","[{""id"":""lg-washer-spin"",""kind"":""manufacturer-troubleshooting"",""title"":""LG washer drum-not-spinning checks"",""publisher"":""LG"",""url"":""https://www.lg.com/us/support/help-library/lg-washer-troubleshooting-washing-machine-drum-not-spinning-CT10000010-20150584818000"",""appliesTo"":""LG front- and top-load washers; load, drain, and closure observations only"",""lastVerified"":""2026-08-29""}]","","false","","Purchase promotion is limited to the category's separately reviewed default component route."
"lg-wm4000hwa__is-leaking","lg-wm4000hwa","washer","LG","WM4000HWA","exact-code","[""WM4000HWA.ABWEUUS""]","is-leaking","true","guided-checks","lg-wm4000hwa::is-leaking","[{""id"":""lg-washer-leak"",""kind"":""manufacturer-troubleshooting"",""title"":""LG washer leak troubleshooting"",""publisher"":""LG"",""url"":""https://www.lg.com/us/support/help-library/leaking-washing-machine-troubleshooting-guide-CT10000010-20150295652820"",""appliesTo"":""LG front- and top-load washers; topology-selected visible leak checks only"",""lastVerified"":""2026-08-29""}]","","false","","Purchase promotion is limited to the category's separately reviewed default component route."
"samsung-wf45t6000aw__will-not-drain","samsung-wf45t6000aw","washer","Samsung","WF45T6000AW","exact-code","[""WF45T6000AW/A5""]","will-not-drain","true","purchase-ready","samsung-wf45t6000aw::will-not-drain","[{""id"":""samsung-no-drain"",""kind"":""manufacturer-troubleshooting"",""title"":""Samsung washing machine will not drain"",""publisher"":""Samsung"",""url"":""https://www.samsung.com/us/support/troubleshoot/TSG10007110/"",""appliesTo"":""Samsung front- and top-load washers"",""lastVerified"":""2026-08-27""},{""id"":""samsung-filter"",""kind"":""manufacturer-troubleshooting"",""title"":""Samsung washer pump-filter cleaning"",""publisher"":""Samsung"",""url"":""https://www.samsung.com/us/support/answer/ANS10003197/"",""appliesTo"":""Samsung front-load washers with user-accessible filters"",""lastVerified"":""2026-08-27""}]","","true","{""name"":""Drain-pump assembly"",""sku"":""DC97-20621A"",""compatibleProductCodes"":[""WF45T6000AW/A5""],""installBoundary"":""professional-only"",""compatibilityEvidence"":[{""id"":""samsung-dc97-20621a"",""kind"":""authorized-parts"",""title"":""Samsung DC97-20621A compatible-model listing"",""publisher"":""Encompass"",""url"":""https://encompass.com/item/11667691/Samsung/DC97-20621A/"",""appliesTo"":""WF45T6000AW/A5 and WF45B6300AW/US"",""lastVerified"":""2026-08-27""}],""sellerOffer"":{""provider"":""shopify-global-catalog"",""protocol"":""UCP"",""query"":""Samsung DC97-20621A washer drain pump exact part"",""exactSku"":""DC97-20621A"",""offerCountAtVerification"":19,""lastVerified"":""2026-08-27""}}",""
"samsung-wf45t6000aw__door-will-not-close","samsung-wf45t6000aw","washer","Samsung","WF45T6000AW","exact-code","[""WF45T6000AW/A5""]","door-will-not-close","true","guided-checks","samsung-wf45t6000aw::door-will-not-close","[{""id"":""samsung-washer-door"",""kind"":""manufacturer-troubleshooting"",""title"":""Samsung washer door error guidance"",""publisher"":""Samsung"",""url"":""https://www.samsung.com/us/support/troubleshoot/TSG10000997/"",""appliesTo"":""Samsung washers; exact error meaning varies by model and manual"",""lastVerified"":""2026-08-28""}]","","false","","Purchase promotion is limited to the category's separately reviewed default component route."
"samsung-wf45t6000aw__will-not-start","samsung-wf45t6000aw","washer","Samsung","WF45T6000AW","exact-code","[""WF45T6000AW/A5""]","will-not-start","true","guided-checks","samsung-wf45t6000aw::will-not-start","[{""id"":""samsung-washer-start"",""kind"":""manufacturer-troubleshooting"",""title"":""Samsung washer start and power checks"",""publisher"":""Samsung"",""url"":""https://www.samsung.com/us/support/troubleshoot/TSG10007300/"",""appliesTo"":""Samsung front- and top-load washers; visible power, control-lock, door/lid, and cycle checks"",""lastVerified"":""2026-08-29""}]","","false","","Purchase promotion is limited to the category's separately reviewed default component route."
"samsung-wf45t6000aw__will-not-spin","samsung-wf45t6000aw","washer","Samsung","WF45T6000AW","exact-code","[""WF45T6000AW/A5""]","will-not-spin","true","guided-checks","samsung-wf45t6000aw::will-not-spin","[{""id"":""samsung-washer-spin"",""kind"":""manufacturer-troubleshooting"",""title"":""Samsung washer spin checks"",""publisher"":""Samsung"",""url"":""https://www.samsung.com/us/support/troubleshoot/TSG10003486/"",""appliesTo"":""Samsung front- and top-load washers; load, drain, and closure observations; pump-filter access excluded unless separately confirmed"",""lastVerified"":""2026-08-29""}]","","false","","Purchase promotion is limited to the category's separately reviewed default component route."
"samsung-wf45t6000aw__is-leaking","samsung-wf45t6000aw","washer","Samsung","WF45T6000AW","exact-code","[""WF45T6000AW/A5""]","is-leaking","true","guided-checks","samsung-wf45t6000aw::is-leaking","[{""id"":""samsung-washer-leak"",""kind"":""manufacturer-troubleshooting"",""title"":""Samsung washer leak checks"",""publisher"":""Samsung"",""url"":""https://www.samsung.com/us/support/troubleshoot/TSG10001007/"",""appliesTo"":""Samsung front- and top-load washers; topology-selected visible leak checks only"",""lastVerified"":""2026-08-29""}]","","false","","Purchase promotion is limited to the category's separately reviewed default component route."
"samsung-wf45b6300aw__will-not-drain","samsung-wf45b6300aw","washer","Samsung","WF45B6300AW","exact-code","[""WF45B6300AW/US""]","will-not-drain","true","purchase-ready","samsung-wf45b6300aw::will-not-drain","[{""id"":""samsung-no-drain"",""kind"":""manufacturer-troubleshooting"",""title"":""Samsung washing machine will not drain"",""publisher"":""Samsung"",""url"":""https://www.samsung.com/us/support/troubleshoot/TSG10007110/"",""appliesTo"":""Samsung front- and top-load washers"",""lastVerified"":""2026-08-27""},{""id"":""samsung-filter"",""kind"":""manufacturer-troubleshooting"",""title"":""Samsung washer pump-filter cleaning"",""publisher"":""Samsung"",""url"":""https://www.samsung.com/us/support/answer/ANS10003197/"",""appliesTo"":""Samsung front-load washers with user-accessible filters"",""lastVerified"":""2026-08-27""}]","","true","{""name"":""Drain-pump assembly"",""sku"":""DC97-20621A"",""compatibleProductCodes"":[""WF45B6300AW/US""],""installBoundary"":""professional-only"",""compatibilityEvidence"":[{""id"":""samsung-dc97-20621a"",""kind"":""authorized-parts"",""title"":""Samsung DC97-20621A compatible-model listing"",""publisher"":""Encompass"",""url"":""https://encompass.com/item/11667691/Samsung/DC97-20621A/"",""appliesTo"":""WF45T6000AW/A5 and WF45B6300AW/US"",""lastVerified"":""2026-08-27""}],""sellerOffer"":{""provider"":""shopify-global-catalog"",""protocol"":""UCP"",""query"":""Samsung DC97-20621A washer drain pump exact part"",""exactSku"":""DC97-20621A"",""offerCountAtVerification"":19,""lastVerified"":""2026-08-27""}}",""
"samsung-wf45b6300aw__door-will-not-close","samsung-wf45b6300aw","washer","Samsung","WF45B6300AW","exact-code","[""WF45B6300AW/US""]","door-will-not-close","true","guided-checks","samsung-wf45b6300aw::door-will-not-close","[{""id"":""samsung-washer-door"",""kind"":""manufacturer-troubleshooting"",""title"":""Samsung washer door error guidance"",""publisher"":""Samsung"",""url"":""https://www.samsung.com/us/support/troubleshoot/TSG10000997/"",""appliesTo"":""Samsung washers; exact error meaning varies by model and manual"",""lastVerified"":""2026-08-28""}]","","false","","Purchase promotion is limited to the category's separately reviewed default component route."
"samsung-wf45b6300aw__will-not-start","samsung-wf45b6300aw","washer","Samsung","WF45B6300AW","exact-code","[""WF45B6300AW/US""]","will-not-start","true","guided-checks","samsung-wf45b6300aw::will-not-start","[{""id"":""samsung-washer-start"",""kind"":""manufacturer-troubleshooting"",""title"":""Samsung washer start and power checks"",""publisher"":""Samsung"",""url"":""https://www.samsung.com/us/support/troubleshoot/TSG10007300/"",""appliesTo"":""Samsung front- and top-load washers; visible power, control-lock, door/lid, and cycle checks"",""lastVerified"":""2026-08-29""}]","","false","","Purchase promotion is limited to the category's separately reviewed default component route."
"samsung-wf45b6300aw__will-not-spin","samsung-wf45b6300aw","washer","Samsung","WF45B6300AW","exact-code","[""WF45B6300AW/US""]","will-not-spin","true","guided-checks","samsung-wf45b6300aw::will-not-spin","[{""id"":""samsung-washer-spin"",""kind"":""manufacturer-troubleshooting"",""title"":""Samsung washer spin checks"",""publisher"":""Samsung"",""url"":""https://www.samsung.com/us/support/troubleshoot/TSG10003486/"",""appliesTo"":""Samsung front- and top-load washers; load, drain, and closure observations; pump-filter access excluded unless separately confirmed"",""lastVerified"":""2026-08-29""}]","","false","","Purchase promotion is limited to the category's separately reviewed default component route."
"samsung-wf45b6300aw__is-leaking","samsung-wf45b6300aw","washer","Samsung","WF45B6300AW","exact-code","[""WF45B6300AW/US""]","is-leaking","true","guided-checks","samsung-wf45b6300aw::is-leaking","[{""id"":""samsung-washer-leak"",""kind"":""manufacturer-troubleshooting"",""title"":""Samsung washer leak checks"",""publisher"":""Samsung"",""url"":""https://www.samsung.com/us/support/troubleshoot/TSG10001007/"",""appliesTo"":""Samsung front- and top-load washers; topology-selected visible leak checks only"",""lastVerified"":""2026-08-29""}]","","false","","Purchase promotion is limited to the category's separately reviewed default component route."
"ge-gfw550ssnww__will-not-drain","ge-gfw550ssnww","washer","GE","GFW550SSNWW","exact-code","[""GFW550SSN0WW""]","will-not-drain","true","purchase-ready","ge-gfw550ssnww::will-not-drain","[{""id"":""ge-guidance"",""kind"":""manufacturer-troubleshooting"",""title"":""GE washer will not drain guidance"",""publisher"":""GE Appliances"",""url"":""https://products.geappliances.com/appliance/gea-support-search-content?contentId=23081"",""appliesTo"":""GE front-load washers"",""lastVerified"":""2026-08-27""}]","","true","{""name"":""Drain pump and filter assembly"",""sku"":""WH11X39237"",""compatibleProductCodes"":[""GFW550SSN0WW""],""installBoundary"":""professional-only"",""compatibilityEvidence"":[{""id"":""ge-wh11x39237-gfw550ssn0ww"",""kind"":""manufacturer-part"",""title"":""GE GFW550SSN0WW cabinet parts and drain-pump replacement"",""publisher"":""GE Appliances"",""url"":""https://www.geapplianceparts.com/store/parts/ModelSectionParts/GFW550SSN0WW/4/0/0/0/CABINET_%281%29"",""appliesTo"":""GE GFW550SSN0WW"",""lastVerified"":""2026-08-27""}],""sellerOffer"":{""provider"":""shopify-global-catalog"",""protocol"":""UCP"",""query"":""GE WH11X39237 washer drain pump exact part"",""exactSku"":""WH11X39237"",""offerCountAtVerification"":14,""lastVerified"":""2026-08-27""}}",""
"ge-gfw550ssnww__door-will-not-close","ge-gfw550ssnww","washer","GE","GFW550SSNWW","exact-code","[""GFW550SSN0WW""]","door-will-not-close","true","guided-checks","ge-gfw550ssnww::door-will-not-close","[{""id"":""washer-ge-front-owner-manual"",""kind"":""manufacturer-troubleshooting"",""title"":""GE Appliances Door or lid will not close owner guidance"",""publisher"":""GE Appliances"",""url"":""https://images.salsify.com/image/upload/s--Q2ZqW1dH--/207c3da007ffc1f522fe0a1723081c5d6c09941e.pdf"",""appliesTo"":""GFW850, GFW655, GFW650 and GFW550 model families named in the manual"",""lastVerified"":""2026-08-29""}]","","false","","Purchase promotion is limited to the category's separately reviewed default component route."
"ge-gfw550ssnww__will-not-start","ge-gfw550ssnww","washer","GE","GFW550SSNWW","exact-code","[""GFW550SSN0WW""]","will-not-start","true","guided-checks","ge-gfw550ssnww::will-not-start","[{""id"":""ge-washer-front-start"",""kind"":""manufacturer-troubleshooting"",""title"":""GE front-load washer start checks"",""publisher"":""GE Appliances"",""url"":""https://products.geappliances.com/appliance/gea-support-search-content?contentId=23094"",""appliesTo"":""GE front-load washers; visible controls, door, pause, and water supply only"",""lastVerified"":""2026-08-29""}]","","false","","Purchase promotion is limited to the category's separately reviewed default component route."
"ge-gfw550ssnww__will-not-spin","ge-gfw550ssnww","washer","GE","GFW550SSNWW","exact-code","[""GFW550SSN0WW""]","will-not-spin","true","guided-checks","ge-gfw550ssnww::will-not-spin","[{""id"":""ge-washer-front-spin"",""kind"":""manufacturer-troubleshooting"",""title"":""GE front-load washer spin checks"",""publisher"":""GE Appliances"",""url"":""https://products.geappliances.com/appliance/gea-support-search-content?contentId=16243"",""appliesTo"":""GE front-load washers; load, drain, and visible closure checks only"",""lastVerified"":""2026-08-29""}]","","false","","Purchase promotion is limited to the category's separately reviewed default component route."
"ge-gfw550ssnww__is-leaking","ge-gfw550ssnww","washer","GE","GFW550SSNWW","exact-code","[""GFW550SSN0WW""]","is-leaking","true","guided-checks","ge-gfw550ssnww::is-leaking","[{""id"":""ge-washer-front-leak"",""kind"":""manufacturer-troubleshooting"",""title"":""GE front-load washer leak checks"",""publisher"":""GE Appliances"",""url"":""https://products.geappliances.com/appliance/gea-support-search-content?contentId=17532"",""appliesTo"":""GE front-load washers; visible gasket, detergent, dispenser, and external hose checks"",""lastVerified"":""2026-08-29""}]","","false","","Purchase promotion is limited to the category's separately reviewed default component route."
"ge-gfw650ssnww__will-not-drain","ge-gfw650ssnww","washer","GE","GFW650SSNWW","family-only","[]","will-not-drain","true","guided-checks","ge-gfw650ssnww::will-not-drain","[{""id"":""ge-guidance"",""kind"":""manufacturer-troubleshooting"",""title"":""GE washer will not drain guidance"",""publisher"":""GE Appliances"",""url"":""https://products.geappliances.com/appliance/gea-support-search-content?contentId=23081"",""appliesTo"":""GE front-load washers"",""lastVerified"":""2026-08-27""}]","","false","","A complete revision code is not independently verified for this catalog identity."
"ge-gfw650ssnww__door-will-not-close","ge-gfw650ssnww","washer","GE","GFW650SSNWW","family-only","[]","door-will-not-close","true","guided-checks","ge-gfw650ssnww::door-will-not-close","[{""id"":""washer-ge-front-owner-manual"",""kind"":""manufacturer-troubleshooting"",""title"":""GE Appliances Door or lid will not close owner guidance"",""publisher"":""GE Appliances"",""url"":""https://images.salsify.com/image/upload/s--Q2ZqW1dH--/207c3da007ffc1f522fe0a1723081c5d6c09941e.pdf"",""appliesTo"":""GFW850, GFW655, GFW650 and GFW550 model families named in the manual"",""lastVerified"":""2026-08-29""}]","","false","","Purchase promotion is limited to the category's separately reviewed default component route."
"ge-gfw650ssnww__will-not-start","ge-gfw650ssnww","washer","GE","GFW650SSNWW","family-only","[]","will-not-start","true","guided-checks","ge-gfw650ssnww::will-not-start","[{""id"":""ge-washer-front-start"",""kind"":""manufacturer-troubleshooting"",""title"":""GE front-load washer start checks"",""publisher"":""GE Appliances"",""url"":""https://products.geappliances.com/appliance/gea-support-search-content?contentId=23094"",""appliesTo"":""GE front-load washers; visible controls, door, pause, and water supply only"",""lastVerified"":""2026-08-29""}]","","false","","Purchase promotion is limited to the category's separately reviewed default component route."
"ge-gfw650ssnww__will-not-spin","ge-gfw650ssnww","washer","GE","GFW650SSNWW","family-only","[]","will-not-spin","true","guided-checks","ge-gfw650ssnww::will-not-spin","[{""id"":""ge-washer-front-spin"",""kind"":""manufacturer-troubleshooting"",""title"":""GE front-load washer spin checks"",""publisher"":""GE Appliances"",""url"":""https://products.geappliances.com/appliance/gea-support-search-content?contentId=16243"",""appliesTo"":""GE front-load washers; load, drain, and visible closure checks only"",""lastVerified"":""2026-08-29""}]","","false","","Purchase promotion is limited to the category's separately reviewed default component route."
"ge-gfw650ssnww__is-leaking","ge-gfw650ssnww","washer","GE","GFW650SSNWW","family-only","[]","is-leaking","true","guided-checks","ge-gfw650ssnww::is-leaking","[{""id"":""ge-washer-front-leak"",""kind"":""manufacturer-troubleshooting"",""title"":""GE front-load washer leak checks"",""publisher"":""GE Appliances"",""url"":""https://products.geappliances.com/appliance/gea-support-search-content?contentId=17532"",""appliesTo"":""GE front-load washers; visible gasket, detergent, dispenser, and external hose checks"",""lastVerified"":""2026-08-29""}]","","false","","Purchase promotion is limited to the category's separately reviewed default component route."
"whirlpool-wfw5605mw__will-not-drain","whirlpool-wfw5605mw","washer","Whirlpool","WFW5605MW","family-only","[]","will-not-drain","true","guided-checks","whirlpool-wfw5605mw::will-not-drain","[{""id"":""whirlpool-no-drain"",""kind"":""manufacturer-troubleshooting"",""title"":""Whirlpool front-load washer not draining"",""publisher"":""Whirlpool"",""url"":""https://producthelp.whirlpool.com/Laundry/Washers/Front_Load_Washers/Cycle_Concerns/Not_Draining/Not_Draining_-_Front_Load_Washer"",""appliesTo"":""Whirlpool front-load washers"",""lastVerified"":""2026-08-27""},{""id"":""whirlpool-filter"",""kind"":""manufacturer-troubleshooting"",""title"":""Whirlpool front-load pump-filter cleaning"",""publisher"":""Whirlpool"",""url"":""https://producthelp.whirlpool.com/Laundry/Washers/Product_Info/Washer_Cleaning_and_Care/Cleaning_the_Pump_Filter_-_Front_Load_Washer"",""appliesTo"":""Models whose owner manual confirms filter access"",""lastVerified"":""2026-08-27""}]","","false","","A complete revision code is not independently verified for this catalog identity."
"whirlpool-wfw5605mw__door-will-not-close","whirlpool-wfw5605mw","washer","Whirlpool","WFW5605MW","family-only","[]","door-will-not-close","true","guided-checks","whirlpool-wfw5605mw::door-will-not-close","[{""id"":""whirlpool-front-washer-door"",""kind"":""manufacturer-troubleshooting"",""title"":""Whirlpool front-load washer door latching"",""publisher"":""Whirlpool"",""url"":""https://producthelp.whirlpool.com/Laundry/Washers/Product_Info/Washer_Product_Assistance/Latching_a_Front_Load_Washer_Door"",""appliesTo"":""Whirlpool front-load washers"",""lastVerified"":""2026-08-28""}]","","false","","Purchase promotion is limited to the category's separately reviewed default component route."
"whirlpool-wfw5605mw__will-not-start","whirlpool-wfw5605mw","washer","Whirlpool","WFW5605MW","family-only","[]","will-not-start","true","guided-checks","whirlpool-wfw5605mw::will-not-start","[{""id"":""whirlpool-washer-front-start"",""kind"":""manufacturer-troubleshooting"",""title"":""Whirlpool front-load washer start checks"",""publisher"":""Whirlpool"",""url"":""https://producthelp.whirlpool.com/Laundry/Washers/Front_Load_Washers/Not_Starting_or_Not_Operating/Not_Starting_or_Not_Operating/Not_Starting_or_Not_Operating_-_Front_Load_Washer"",""appliesTo"":""Whirlpool front-load washers; visible controls, door, and water supply only"",""lastVerified"":""2026-08-29""}]","","false","","Purchase promotion is limited to the category's separately reviewed default component route."
"whirlpool-wfw5605mw__will-not-spin","whirlpool-wfw5605mw","washer","Whirlpool","WFW5605MW","family-only","[]","will-not-spin","true","guided-checks","whirlpool-wfw5605mw::will-not-spin","[{""id"":""whirlpool-washer-front-spin"",""kind"":""manufacturer-troubleshooting"",""title"":""Whirlpool front-load washer spin checks"",""publisher"":""Whirlpool"",""url"":""https://producthelp.whirlpool.com/Laundry/Washers/Front_Load_Washers/Not_Starting_or_Not_Operating/Not_Spinning/Not_Spinning_-_Front_Load_Washer"",""appliesTo"":""Whirlpool front-load washers; cycle, load, suds, drain, and closure observations only"",""lastVerified"":""2026-08-29""}]","","false","","Purchase promotion is limited to the category's separately reviewed default component route."
"whirlpool-wfw5605mw__is-leaking","whirlpool-wfw5605mw","washer","Whirlpool","WFW5605MW","family-only","[]","is-leaking","true","guided-checks","whirlpool-wfw5605mw::is-leaking","[{""id"":""whirlpool-washer-front-leak"",""kind"":""manufacturer-troubleshooting"",""title"":""Whirlpool front-load washer leak checks"",""publisher"":""Whirlpool"",""url"":""https://producthelp.whirlpool.com/Laundry/Washers/Front_Load_Washers/Leaking/Leaking_from_Underneath_or_Bottom_-_Front_Load_Washer"",""appliesTo"":""Whirlpool front-load washers; visible front boundary and external hose checks only"",""lastVerified"":""2026-08-29""}]","","false","","Purchase promotion is limited to the category's separately reviewed default component route."
"whirlpool-wfw6620hw__will-not-drain","whirlpool-wfw6620hw","washer","Whirlpool","WFW6620HW","family-only","[]","will-not-drain","true","guided-checks","whirlpool-wfw6620hw::will-not-drain","[{""id"":""whirlpool-no-drain"",""kind"":""manufacturer-troubleshooting"",""title"":""Whirlpool front-load washer not draining"",""publisher"":""Whirlpool"",""url"":""https://producthelp.whirlpool.com/Laundry/Washers/Front_Load_Washers/Cycle_Concerns/Not_Draining/Not_Draining_-_Front_Load_Washer"",""appliesTo"":""Whirlpool front-load washers"",""lastVerified"":""2026-08-27""},{""id"":""whirlpool-filter"",""kind"":""manufacturer-troubleshooting"",""title"":""Whirlpool front-load pump-filter cleaning"",""publisher"":""Whirlpool"",""url"":""https://producthelp.whirlpool.com/Laundry/Washers/Product_Info/Washer_Cleaning_and_Care/Cleaning_the_Pump_Filter_-_Front_Load_Washer"",""appliesTo"":""Models whose owner manual confirms filter access"",""lastVerified"":""2026-08-27""}]","","false","","A complete revision code is not independently verified for this catalog identity."
"whirlpool-wfw6620hw__door-will-not-close","whirlpool-wfw6620hw","washer","Whirlpool","WFW6620HW","family-only","[]","door-will-not-close","true","guided-checks","whirlpool-wfw6620hw::door-will-not-close","[{""id"":""whirlpool-front-washer-door"",""kind"":""manufacturer-troubleshooting"",""title"":""Whirlpool front-load washer door latching"",""publisher"":""Whirlpool"",""url"":""https://producthelp.whirlpool.com/Laundry/Washers/Product_Info/Washer_Product_Assistance/Latching_a_Front_Load_Washer_Door"",""appliesTo"":""Whirlpool front-load washers"",""lastVerified"":""2026-08-28""}]","","false","","Purchase promotion is limited to the category's separately reviewed default component route."
"whirlpool-wfw6620hw__will-not-start","whirlpool-wfw6620hw","washer","Whirlpool","WFW6620HW","family-only","[]","will-not-start","true","guided-checks","whirlpool-wfw6620hw::will-not-start","[{""id"":""whirlpool-washer-front-start"",""kind"":""manufacturer-troubleshooting"",""title"":""Whirlpool front-load washer start checks"",""publisher"":""Whirlpool"",""url"":""https://producthelp.whirlpool.com/Laundry/Washers/Front_Load_Washers/Not_Starting_or_Not_Operating/Not_Starting_or_Not_Operating/Not_Starting_or_Not_Operating_-_Front_Load_Washer"",""appliesTo"":""Whirlpool front-load washers; visible controls, door, and water supply only"",""lastVerified"":""2026-08-29""}]","","false","","Purchase promotion is limited to the category's separately reviewed default component route."
"whirlpool-wfw6620hw__will-not-spin","whirlpool-wfw6620hw","washer","Whirlpool","WFW6620HW","family-only","[]","will-not-spin","true","guided-checks","whirlpool-wfw6620hw::will-not-spin","[{""id"":""whirlpool-washer-front-spin"",""kind"":""manufacturer-troubleshooting"",""title"":""Whirlpool front-load washer spin checks"",""publisher"":""Whirlpool"",""url"":""https://producthelp.whirlpool.com/Laundry/Washers/Front_Load_Washers/Not_Starting_or_Not_Operating/Not_Spinning/Not_Spinning_-_Front_Load_Washer"",""appliesTo"":""Whirlpool front-load washers; cycle, load, suds, drain, and closure observations only"",""lastVerified"":""2026-08-29""}]","","false","","Purchase promotion is limited to the category's separately reviewed default component route."
"whirlpool-wfw6620hw__is-leaking","whirlpool-wfw6620hw","washer","Whirlpool","WFW6620HW","family-only","[]","is-leaking","true","guided-checks","whirlpool-wfw6620hw::is-leaking","[{""id"":""whirlpool-washer-front-leak"",""kind"":""manufacturer-troubleshooting"",""title"":""Whirlpool front-load washer leak checks"",""publisher"":""Whirlpool"",""url"":""https://producthelp.whirlpool.com/Laundry/Washers/Front_Load_Washers/Leaking/Leaking_from_Underneath_or_Bottom_-_Front_Load_Washer"",""appliesTo"":""Whirlpool front-load washers; visible front boundary and external hose checks only"",""lastVerified"":""2026-08-29""}]","","false","","Purchase promotion is limited to the category's separately reviewed default component route."
"maytag-mhw5630hw__will-not-drain","maytag-mhw5630hw","washer","Maytag","MHW5630HW","family-only","[]","will-not-drain","true","guided-checks","maytag-mhw5630hw::will-not-drain","[{""id"":""maytag-no-drain"",""kind"":""manufacturer-troubleshooting"",""title"":""Maytag front-load washer not draining"",""publisher"":""Maytag"",""url"":""https://producthelp.maytag.com/Laundry/Washers/Front_Load_Washers/Cycle_Concerns/Not_Draining/Not_Draining_-_Front_Load_Washer"",""appliesTo"":""Maytag front-load washers"",""lastVerified"":""2026-08-27""},{""id"":""maytag-filter"",""kind"":""manufacturer-troubleshooting"",""title"":""Maytag front-load pump-filter cleaning"",""publisher"":""Maytag"",""url"":""https://producthelp.maytag.com/Laundry/Washers/Product_Info/Washer_Cleaning_and_Care/Cleaning_the_Pump_Filter_-_Front_Load_Washer"",""appliesTo"":""Models whose owner manual confirms filter access"",""lastVerified"":""2026-08-27""}]","","false","","A complete revision code is not independently verified for this catalog identity."
"maytag-mhw5630hw__door-will-not-close","maytag-mhw5630hw","washer","Maytag","MHW5630HW","family-only","[]","door-will-not-close","true","guided-checks","maytag-mhw5630hw::door-will-not-close","[{""id"":""maytag-front-washer-door"",""kind"":""manufacturer-troubleshooting"",""title"":""Maytag front-load washer door will not lock"",""publisher"":""Maytag"",""url"":""https://producthelp.maytag.com/Laundry/Washers/Front_Load_Washers/Door_Issues/Door_Will_Not_Lock_or_Unlock_-_Front_Load_Washer"",""appliesTo"":""Maytag front-load washers"",""lastVerified"":""2026-08-28""}]","","false","","Purchase promotion is limited to the category's separately reviewed default component route."
"maytag-mhw5630hw__will-not-start","maytag-mhw5630hw","washer","Maytag","MHW5630HW","family-only","[]","will-not-start","true","guided-checks","maytag-mhw5630hw::will-not-start","[{""id"":""washer-maytag-front-start"",""kind"":""manufacturer-troubleshooting"",""title"":""Maytag Washer will not start owner guidance"",""publisher"":""Maytag"",""url"":""https://producthelp.maytag.com/Laundry/Washers/Front_Load_Washers/Not_Starting_or_Not_Operating/Not_Starting_or_Not_Operating/Not_Starting_or_Not_Operating_-_Front_Load_Washer"",""appliesTo"":""Maytag front-load washers"",""lastVerified"":""2026-08-29""}]","","false","","Purchase promotion is limited to the category's separately reviewed default component route."
"maytag-mhw5630hw__will-not-spin","maytag-mhw5630hw","washer","Maytag","MHW5630HW","family-only","[]","will-not-spin","true","guided-checks","maytag-mhw5630hw::will-not-spin","[{""id"":""washer-maytag-front-spin"",""kind"":""manufacturer-troubleshooting"",""title"":""Maytag Washer will not spin owner guidance"",""publisher"":""Maytag"",""url"":""https://producthelp.maytag.com/Laundry/Washers/Front_Load_Washers/Not_Starting_or_Not_Operating/Not_Spinning/Not_Spinning_-_Front_Load_Washer"",""appliesTo"":""Maytag front-load washers"",""lastVerified"":""2026-08-29""}]","","false","","Purchase promotion is limited to the category's separately reviewed default component route."
"maytag-mhw5630hw__is-leaking","maytag-mhw5630hw","washer","Maytag","MHW5630HW","family-only","[]","is-leaking","true","guided-checks","maytag-mhw5630hw::is-leaking","[{""id"":""washer-maytag-front-leak"",""kind"":""manufacturer-troubleshooting"",""title"":""Maytag Washer is leaking owner guidance"",""publisher"":""Maytag"",""url"":""https://producthelp.maytag.com/Laundry/Washers/Front_Load_Washers/Leaking/Leaking_from_Underneath_or_Bottom_-_Front_Load_Washer"",""appliesTo"":""Maytag front-load washers"",""lastVerified"":""2026-08-29""}]","","false","","Purchase promotion is limited to the category's separately reviewed default component route."
"maytag-mhw6630hw__will-not-drain","maytag-mhw6630hw","washer","Maytag","MHW6630HW","family-only","[]","will-not-drain","true","guided-checks","maytag-mhw6630hw::will-not-drain","[{""id"":""maytag-no-drain"",""kind"":""manufacturer-troubleshooting"",""title"":""Maytag front-load washer not draining"",""publisher"":""Maytag"",""url"":""https://producthelp.maytag.com/Laundry/Washers/Front_Load_Washers/Cycle_Concerns/Not_Draining/Not_Draining_-_Front_Load_Washer"",""appliesTo"":""Maytag front-load washers"",""lastVerified"":""2026-08-27""},{""id"":""maytag-filter"",""kind"":""manufacturer-troubleshooting"",""title"":""Maytag front-load pump-filter cleaning"",""publisher"":""Maytag"",""url"":""https://producthelp.maytag.com/Laundry/Washers/Product_Info/Washer_Cleaning_and_Care/Cleaning_the_Pump_Filter_-_Front_Load_Washer"",""appliesTo"":""Models whose owner manual confirms filter access"",""lastVerified"":""2026-08-27""}]","","false","","A complete revision code is not independently verified for this catalog identity."
"maytag-mhw6630hw__door-will-not-close","maytag-mhw6630hw","washer","Maytag","MHW6630HW","family-only","[]","door-will-not-close","true","guided-checks","maytag-mhw6630hw::door-will-not-close","[{""id"":""maytag-front-washer-door"",""kind"":""manufacturer-troubleshooting"",""title"":""Maytag front-load washer door will not lock"",""publisher"":""Maytag"",""url"":""https://producthelp.maytag.com/Laundry/Washers/Front_Load_Washers/Door_Issues/Door_Will_Not_Lock_or_Unlock_-_Front_Load_Washer"",""appliesTo"":""Maytag front-load washers"",""lastVerified"":""2026-08-28""}]","","false","","Purchase promotion is limited to the category's separately reviewed default component route."
"maytag-mhw6630hw__will-not-start","maytag-mhw6630hw","washer","Maytag","MHW6630HW","family-only","[]","will-not-start","true","guided-checks","maytag-mhw6630hw::will-not-start","[{""id"":""washer-maytag-front-start"",""kind"":""manufacturer-troubleshooting"",""title"":""Maytag Washer will not start owner guidance"",""publisher"":""Maytag"",""url"":""https://producthelp.maytag.com/Laundry/Washers/Front_Load_Washers/Not_Starting_or_Not_Operating/Not_Starting_or_Not_Operating/Not_Starting_or_Not_Operating_-_Front_Load_Washer"",""appliesTo"":""Maytag front-load washers"",""lastVerified"":""2026-08-29""}]","","false","","Purchase promotion is limited to the category's separately reviewed default component route."
"maytag-mhw6630hw__will-not-spin","maytag-mhw6630hw","washer","Maytag","MHW6630HW","family-only","[]","will-not-spin","true","guided-checks","maytag-mhw6630hw::will-not-spin","[{""id"":""washer-maytag-front-spin"",""kind"":""manufacturer-troubleshooting"",""title"":""Maytag Washer will not spin owner guidance"",""publisher"":""Maytag"",""url"":""https://producthelp.maytag.com/Laundry/Washers/Front_Load_Washers/Not_Starting_or_Not_Operating/Not_Spinning/Not_Spinning_-_Front_Load_Washer"",""appliesTo"":""Maytag front-load washers"",""lastVerified"":""2026-08-29""}]","","false","","Purchase promotion is limited to the category's separately reviewed default component route."
"maytag-mhw6630hw__is-leaking","maytag-mhw6630hw","washer","Maytag","MHW6630HW","family-only","[]","is-leaking","true","guided-checks","maytag-mhw6630hw::is-leaking","[{""id"":""washer-maytag-front-leak"",""kind"":""manufacturer-troubleshooting"",""title"":""Maytag Washer is leaking owner guidance"",""publisher"":""Maytag"",""url"":""https://producthelp.maytag.com/Laundry/Washers/Front_Load_Washers/Leaking/Leaking_from_Underneath_or_Bottom_-_Front_Load_Washer"",""appliesTo"":""Maytag front-load washers"",""lastVerified"":""2026-08-29""}]","","false","","Purchase promotion is limited to the category's separately reviewed default component route."
"electrolux-elfw7537at__will-not-drain","electrolux-elfw7537at","washer","Electrolux","ELFW7537AT","family-only","[]","will-not-drain","true","guided-checks","electrolux-elfw7537at::will-not-drain","[{""id"":""electrolux-e21"",""kind"":""manufacturer-troubleshooting"",""title"":""Electrolux E21 long pump-out guidance"",""publisher"":""Electrolux"",""url"":""https://owner.electrolux.com/support-articles/article/1820072-laundry-front-loading-washer-displaying-error-code-e21-long-pump-out-time-"",""appliesTo"":""Electrolux front-load washers"",""lastVerified"":""2026-08-27""}]","","false","","A complete revision code is not independently verified for this catalog identity."
"electrolux-elfw7537at__door-will-not-close","electrolux-elfw7537at","washer","Electrolux","ELFW7537AT","family-only","[]","door-will-not-close","true","guided-checks","electrolux-elfw7537at::door-will-not-close","[{""id"":""electrolux-front-washer-door"",""kind"":""manufacturer-troubleshooting"",""title"":""Electrolux E41 washer door-open guidance"",""publisher"":""Electrolux"",""url"":""https://owner.electrolux.com/support-articles/article/1820509-laundry-front-loading-washer-displaying-error-code-e41-door-is-open-"",""appliesTo"":""Electrolux front-load washers"",""lastVerified"":""2026-08-28""}]","","false","","Purchase promotion is limited to the category's separately reviewed default component route."
"electrolux-elfw7537at__will-not-start","electrolux-elfw7537at","washer","Electrolux","ELFW7537AT","family-only","[]","will-not-start","true","guided-checks","electrolux-elfw7537at::will-not-start","[{""id"":""washer-electrolux-start"",""kind"":""manufacturer-troubleshooting"",""title"":""Electrolux Washer will not start owner guidance"",""publisher"":""Electrolux"",""url"":""https://owner.electrolux.com/support-articles/article/1853594-how-to-fix-your-front-load-washer-not-starting"",""appliesTo"":""Electrolux front-load washers"",""lastVerified"":""2026-08-29""}]","","false","","Purchase promotion is limited to the category's separately reviewed default component route."
"electrolux-elfw7537at__will-not-spin","electrolux-elfw7537at","washer","Electrolux","ELFW7537AT","family-only","[]","will-not-spin","true","guided-checks","electrolux-elfw7537at::will-not-spin","[{""id"":""washer-electrolux-spin-manual-7437-7738"",""kind"":""manufacturer-troubleshooting"",""title"":""Electrolux Washer will not spin owner guidance"",""publisher"":""Electrolux"",""url"":""https://frigidaire.bynder.com/m/673fe45bbf48d90f/original/A20448609-en-pdf.pdf"",""appliesTo"":""ELFW7437AW, ELFW7537AT, ELFW7637AT and ELFW7738AA; each exact Electrolux model page links this Complete Owner's Guide"",""lastVerified"":""2026-08-29""}]","","false","","Purchase promotion is limited to the category's separately reviewed default component route."
"electrolux-elfw7537at__is-leaking","electrolux-elfw7537at","washer","Electrolux","ELFW7537AT","family-only","[]","is-leaking","true","guided-checks","electrolux-elfw7537at::is-leaking","[{""id"":""washer-electrolux-leak"",""kind"":""manufacturer-troubleshooting"",""title"":""Electrolux Washer is leaking owner guidance"",""publisher"":""Electrolux"",""url"":""https://owner.electrolux.com/support-articles/article/1831358-laundry-front-loading-washer-is-leaking-water-"",""appliesTo"":""Electrolux front-load washers"",""lastVerified"":""2026-08-29""}]","","false","","Purchase promotion is limited to the category's separately reviewed default component route."
"electrolux-elfw7637at__will-not-drain","electrolux-elfw7637at","washer","Electrolux","ELFW7637AT","family-only","[]","will-not-drain","true","guided-checks","electrolux-elfw7637at::will-not-drain","[{""id"":""electrolux-e21"",""kind"":""manufacturer-troubleshooting"",""title"":""Electrolux E21 long pump-out guidance"",""publisher"":""Electrolux"",""url"":""https://owner.electrolux.com/support-articles/article/1820072-laundry-front-loading-washer-displaying-error-code-e21-long-pump-out-time-"",""appliesTo"":""Electrolux front-load washers"",""lastVerified"":""2026-08-27""}]","","false","","A complete revision code is not independently verified for this catalog identity."
"electrolux-elfw7637at__door-will-not-close","electrolux-elfw7637at","washer","Electrolux","ELFW7637AT","family-only","[]","door-will-not-close","true","guided-checks","electrolux-elfw7637at::door-will-not-close","[{""id"":""electrolux-front-washer-door"",""kind"":""manufacturer-troubleshooting"",""title"":""Electrolux E41 washer door-open guidance"",""publisher"":""Electrolux"",""url"":""https://owner.electrolux.com/support-articles/article/1820509-laundry-front-loading-washer-displaying-error-code-e41-door-is-open-"",""appliesTo"":""Electrolux front-load washers"",""lastVerified"":""2026-08-28""}]","","false","","Purchase promotion is limited to the category's separately reviewed default component route."
"electrolux-elfw7637at__will-not-start","electrolux-elfw7637at","washer","Electrolux","ELFW7637AT","family-only","[]","will-not-start","true","guided-checks","electrolux-elfw7637at::will-not-start","[{""id"":""washer-electrolux-start"",""kind"":""manufacturer-troubleshooting"",""title"":""Electrolux Washer will not start owner guidance"",""publisher"":""Electrolux"",""url"":""https://owner.electrolux.com/support-articles/article/1853594-how-to-fix-your-front-load-washer-not-starting"",""appliesTo"":""Electrolux front-load washers"",""lastVerified"":""2026-08-29""}]","","false","","Purchase promotion is limited to the category's separately reviewed default component route."
"electrolux-elfw7637at__will-not-spin","electrolux-elfw7637at","washer","Electrolux","ELFW7637AT","family-only","[]","will-not-spin","true","guided-checks","electrolux-elfw7637at::will-not-spin","[{""id"":""washer-electrolux-spin-manual-7437-7738"",""kind"":""manufacturer-troubleshooting"",""title"":""Electrolux Washer will not spin owner guidance"",""publisher"":""Electrolux"",""url"":""https://frigidaire.bynder.com/m/673fe45bbf48d90f/original/A20448609-en-pdf.pdf"",""appliesTo"":""ELFW7437AW, ELFW7537AT, ELFW7637AT and ELFW7738AA; each exact Electrolux model page links this Complete Owner's Guide"",""lastVerified"":""2026-08-29""}]","","false","","Purchase promotion is limited to the category's separately reviewed default component route."
"electrolux-elfw7637at__is-leaking","electrolux-elfw7637at","washer","Electrolux","ELFW7637AT","family-only","[]","is-leaking","true","guided-checks","electrolux-elfw7637at::is-leaking","[{""id"":""washer-electrolux-leak"",""kind"":""manufacturer-troubleshooting"",""title"":""Electrolux Washer is leaking owner guidance"",""publisher"":""Electrolux"",""url"":""https://owner.electrolux.com/support-articles/article/1831358-laundry-front-loading-washer-is-leaking-water-"",""appliesTo"":""Electrolux front-load washers"",""lastVerified"":""2026-08-29""}]","","false","","Purchase promotion is limited to the category's separately reviewed default component route."
"lg-wt7400cw__will-not-drain","lg-wt7400cw","washer","LG","WT7400CW","exact-code","[""WT7400CW.ABWEUUS"",""WT7400CW.ABWETUS""]","will-not-drain","true","purchase-ready","lg-wt7400cw::will-not-drain","[{""id"":""lg-top-load-no-drain"",""kind"":""manufacturer-troubleshooting"",""title"":""LG top-load washer: OE drain error"",""publisher"":""LG"",""url"":""https://www.lg.com/us/support/help-library/lg-top-load-washer-troubleshooting-an-oe-error-code-CT00000305-1425330996723"",""appliesTo"":""LG top-load washers"",""lastVerified"":""2026-08-27""}]","","true","{""name"":""LG washer drain pump assembly"",""sku"":""AHA75673404"",""compatibleProductCodes"":[""WT7400CW.ABWEUUS""],""installBoundary"":""professional-only"",""compatibilityEvidence"":[{""id"":""lg-wt7400cw-abweuus-aha75673404"",""kind"":""authorized-parts"",""title"":""LG-authorized exact-revision diagram naming drain pump AHA75673404"",""publisher"":""Encompass"",""url"":""https://partstore.encompass.com/model/ZENWT7400CW/ABWEUUS/"",""appliesTo"":""LG WT7400CW.ABWEUUS uses drain pump AHA75673404 at schematic location F080"",""lastVerified"":""2026-08-29""},{""id"":""lg-aha75673404-identity-2026-08-29"",""kind"":""authorized-parts"",""title"":""LG-authorized Encompass AHA75673404 drain-pump page"",""publisher"":""Encompass"",""url"":""https://partstore.encompass.com/item/12525404/LG/AHA75673404/"",""appliesTo"":""LG drain pump assembly AHA75673404; exact washer fit is established on the authorized model page"",""lastVerified"":""2026-08-29""}],""sellerOffer"":{""provider"":""shopify-global-catalog"",""protocol"":""UCP"",""query"":""LG AHA75673404 washer drain pump exact part"",""exactSku"":""AHA75673404"",""offerCountAtVerification"":8,""lastVerified"":""2026-08-29""}}",""
"lg-wt7400cw__door-will-not-close","lg-wt7400cw","washer","LG","WT7400CW","exact-code","[""WT7400CW.ABWEUUS"",""WT7400CW.ABWETUS""]","door-will-not-close","true","guided-checks","lg-wt7400cw::door-will-not-close","[{""id"":""lg-top-washer-lid"",""kind"":""manufacturer-troubleshooting"",""title"":""LG top-load washer door will not close"",""publisher"":""LG"",""url"":""https://www.lg.com/us/support/help-library/troubleshooting-an-lg-top-load-washer-door-that-will-not-close-properly-CT10000010-20152830489687"",""appliesTo"":""LG top-load washers; all-model article with model-dependent visuals"",""lastVerified"":""2026-08-28""}]","","false","","Purchase promotion is limited to the category's separately reviewed default component route."
"lg-wt7400cw__will-not-start","lg-wt7400cw","washer","LG","WT7400CW","exact-code","[""WT7400CW.ABWEUUS"",""WT7400CW.ABWETUS""]","will-not-start","true","guided-checks","lg-wt7400cw::will-not-start","[{""id"":""lg-washer-start"",""kind"":""manufacturer-troubleshooting"",""title"":""LG washer unresponsive-control checks"",""publisher"":""LG"",""url"":""https://www.lg.com/us/support/help-library/lg-washer-troubleshooting-unresponsive-washer-buttons-CT10000012-20152367429605"",""appliesTo"":""LG front- and top-load washers; visible controls and lock state only"",""lastVerified"":""2026-08-29""}]","","false","","Purchase promotion is limited to the category's separately reviewed default component route."
"lg-wt7400cw__will-not-spin","lg-wt7400cw","washer","LG","WT7400CW","exact-code","[""WT7400CW.ABWEUUS"",""WT7400CW.ABWETUS""]","will-not-spin","true","guided-checks","lg-wt7400cw::will-not-spin","[{""id"":""lg-washer-spin"",""kind"":""manufacturer-troubleshooting"",""title"":""LG washer drum-not-spinning checks"",""publisher"":""LG"",""url"":""https://www.lg.com/us/support/help-library/lg-washer-troubleshooting-washing-machine-drum-not-spinning-CT10000010-20150584818000"",""appliesTo"":""LG front- and top-load washers; load, drain, and closure observations only"",""lastVerified"":""2026-08-29""}]","","false","","Purchase promotion is limited to the category's separately reviewed default component route."
"lg-wt7400cw__is-leaking","lg-wt7400cw","washer","LG","WT7400CW","exact-code","[""WT7400CW.ABWEUUS"",""WT7400CW.ABWETUS""]","is-leaking","true","guided-checks","lg-wt7400cw::is-leaking","[{""id"":""lg-washer-leak"",""kind"":""manufacturer-troubleshooting"",""title"":""LG washer leak troubleshooting"",""publisher"":""LG"",""url"":""https://www.lg.com/us/support/help-library/leaking-washing-machine-troubleshooting-guide-CT10000010-20150295652820"",""appliesTo"":""LG front- and top-load washers; topology-selected visible leak checks only"",""lastVerified"":""2026-08-29""}]","","false","","Purchase promotion is limited to the category's separately reviewed default component route."
"lg-wt7405cw__will-not-drain","lg-wt7405cw","washer","LG","WT7405CW","exact-code","[""WT7405CW.ABWEUUS""]","will-not-drain","true","guided-checks","lg-wt7405cw::will-not-drain","[{""id"":""lg-top-load-no-drain"",""kind"":""manufacturer-troubleshooting"",""title"":""LG top-load washer: OE drain error"",""publisher"":""LG"",""url"":""https://www.lg.com/us/support/help-library/lg-top-load-washer-troubleshooting-an-oe-error-code-CT00000305-1425330996723"",""appliesTo"":""LG top-load washers"",""lastVerified"":""2026-08-27""}]","","false","","No accepted complete-revision → one exact-SKU compatibility chain plus separately verified seller offer is recorded."
"lg-wt7405cw__door-will-not-close","lg-wt7405cw","washer","LG","WT7405CW","exact-code","[""WT7405CW.ABWEUUS""]","door-will-not-close","true","guided-checks","lg-wt7405cw::door-will-not-close","[{""id"":""lg-top-washer-lid"",""kind"":""manufacturer-troubleshooting"",""title"":""LG top-load washer door will not close"",""publisher"":""LG"",""url"":""https://www.lg.com/us/support/help-library/troubleshooting-an-lg-top-load-washer-door-that-will-not-close-properly-CT10000010-20152830489687"",""appliesTo"":""LG top-load washers; all-model article with model-dependent visuals"",""lastVerified"":""2026-08-28""}]","","false","","Purchase promotion is limited to the category's separately reviewed default component route."
"lg-wt7405cw__will-not-start","lg-wt7405cw","washer","LG","WT7405CW","exact-code","[""WT7405CW.ABWEUUS""]","will-not-start","true","guided-checks","lg-wt7405cw::will-not-start","[{""id"":""lg-washer-start"",""kind"":""manufacturer-troubleshooting"",""title"":""LG washer unresponsive-control checks"",""publisher"":""LG"",""url"":""https://www.lg.com/us/support/help-library/lg-washer-troubleshooting-unresponsive-washer-buttons-CT10000012-20152367429605"",""appliesTo"":""LG front- and top-load washers; visible controls and lock state only"",""lastVerified"":""2026-08-29""}]","","false","","Purchase promotion is limited to the category's separately reviewed default component route."
"lg-wt7405cw__will-not-spin","lg-wt7405cw","washer","LG","WT7405CW","exact-code","[""WT7405CW.ABWEUUS""]","will-not-spin","true","guided-checks","lg-wt7405cw::will-not-spin","[{""id"":""lg-washer-spin"",""kind"":""manufacturer-troubleshooting"",""title"":""LG washer drum-not-spinning checks"",""publisher"":""LG"",""url"":""https://www.lg.com/us/support/help-library/lg-washer-troubleshooting-washing-machine-drum-not-spinning-CT10000010-20150584818000"",""appliesTo"":""LG front- and top-load washers; load, drain, and closure observations only"",""lastVerified"":""2026-08-29""}]","","false","","Purchase promotion is limited to the category's separately reviewed default component route."
"lg-wt7405cw__is-leaking","lg-wt7405cw","washer","LG","WT7405CW","exact-code","[""WT7405CW.ABWEUUS""]","is-leaking","true","guided-checks","lg-wt7405cw::is-leaking","[{""id"":""lg-washer-leak"",""kind"":""manufacturer-troubleshooting"",""title"":""LG washer leak troubleshooting"",""publisher"":""LG"",""url"":""https://www.lg.com/us/support/help-library/leaking-washing-machine-troubleshooting-guide-CT10000010-20150295652820"",""appliesTo"":""LG front- and top-load washers; topology-selected visible leak checks only"",""lastVerified"":""2026-08-29""}]","","false","","Purchase promotion is limited to the category's separately reviewed default component route."
"ge-gtw465asnww__will-not-drain","ge-gtw465asnww","washer","GE","GTW465ASNWW","family-only","[]","will-not-drain","true","guided-checks","ge-gtw465asnww::will-not-drain","[{""id"":""ge-top-load-no-drain"",""kind"":""manufacturer-troubleshooting"",""title"":""GE top-load washer no-drain guidance"",""publisher"":""GE Appliances"",""url"":""https://www.geappliances.com/ge/service-and-support/faq-washer.htm"",""appliesTo"":""GE top-load washers"",""lastVerified"":""2026-08-27""}]","","false","","A complete revision code is not independently verified for this catalog identity."
"ge-gtw465asnww__door-will-not-close","ge-gtw465asnww","washer","GE","GTW465ASNWW","family-only","[]","door-will-not-close","true","guided-checks","ge-gtw465asnww::door-will-not-close","[{""id"":""washer-ge-hotpoint-top-owner-manual"",""kind"":""manufacturer-troubleshooting"",""title"":""GE Appliances Door or lid will not close owner guidance"",""publisher"":""GE Appliances"",""url"":""https://images.salsify.com/image/upload/s--AKgAhUAs--/r4yctjlrytehsjedypih.pdf"",""appliesTo"":""GTW485, GTW465, GTW385, GTW335, GTW325, HTW265 and HTW240 families named in the manual"",""lastVerified"":""2026-08-29""}]","","false","","Purchase promotion is limited to the category's separately reviewed default component route."
"ge-gtw465asnww__will-not-start","ge-gtw465asnww","washer","GE","GTW465ASNWW","family-only","[]","will-not-start","true","guided-checks","ge-gtw465asnww::will-not-start","[{""id"":""ge-washer-top-start"",""kind"":""manufacturer-troubleshooting"",""title"":""GE top-load washer start checks"",""publisher"":""GE Appliances"",""url"":""https://products.geappliances.com/appliance/gea-support-search-content?contentId=17383"",""appliesTo"":""GE top-load washers; visible controls, lid, pause, and water supply only"",""lastVerified"":""2026-08-29""}]","","false","","Purchase promotion is limited to the category's separately reviewed default component route."
"ge-gtw465asnww__will-not-spin","ge-gtw465asnww","washer","GE","GTW465ASNWW","family-only","[]","will-not-spin","true","guided-checks","ge-gtw465asnww::will-not-spin","[{""id"":""ge-washer-top-spin"",""kind"":""manufacturer-troubleshooting"",""title"":""GE top-load washer spin checks"",""publisher"":""GE Appliances"",""url"":""https://products.geappliances.com/appliance/gea-support-search-content?contentId=23082"",""appliesTo"":""GE top-load washers; load, drain, and visible lid checks only"",""lastVerified"":""2026-08-29""}]","","false","","Purchase promotion is limited to the category's separately reviewed default component route."
"ge-gtw465asnww__is-leaking","ge-gtw465asnww","washer","GE","GTW465ASNWW","family-only","[]","is-leaking","true","guided-checks","ge-gtw465asnww::is-leaking","[{""id"":""ge-washer-top-leak"",""kind"":""manufacturer-troubleshooting"",""title"":""GE top-load washer leak checks"",""publisher"":""GE Appliances"",""url"":""https://products.geappliances.com/appliance/gea-support-search-content?contentId=17530"",""appliesTo"":""GE top-load washers; visible tub edge, detergent, loading, and external hose checks"",""lastVerified"":""2026-08-29""}]","","false","","Purchase promotion is limited to the category's separately reviewed default component route."
"ge-gtw585bsvws__will-not-drain","ge-gtw585bsvws","washer","GE","GTW585BSVWS","family-only","[]","will-not-drain","true","guided-checks","ge-gtw585bsvws::will-not-drain","[{""id"":""ge-top-load-no-drain"",""kind"":""manufacturer-troubleshooting"",""title"":""GE top-load washer no-drain guidance"",""publisher"":""GE Appliances"",""url"":""https://www.geappliances.com/ge/service-and-support/faq-washer.htm"",""appliesTo"":""GE top-load washers"",""lastVerified"":""2026-08-27""}]","","false","","A complete revision code is not independently verified for this catalog identity."
"ge-gtw585bsvws__door-will-not-close","ge-gtw585bsvws","washer","GE","GTW585BSVWS","family-only","[]","door-will-not-close","false","unsupported","","[]","No active exact model × symptom row is backed by current primary manufacturer troubleshooting evidence.","false","","The symptom route is unsupported, so no exact-part purchase claim is permitted."
"ge-gtw585bsvws__will-not-start","ge-gtw585bsvws","washer","GE","GTW585BSVWS","family-only","[]","will-not-start","true","guided-checks","ge-gtw585bsvws::will-not-start","[{""id"":""ge-washer-top-start"",""kind"":""manufacturer-troubleshooting"",""title"":""GE top-load washer start checks"",""publisher"":""GE Appliances"",""url"":""https://products.geappliances.com/appliance/gea-support-search-content?contentId=17383"",""appliesTo"":""GE top-load washers; visible controls, lid, pause, and water supply only"",""lastVerified"":""2026-08-29""}]","","false","","Purchase promotion is limited to the category's separately reviewed default component route."
"ge-gtw585bsvws__will-not-spin","ge-gtw585bsvws","washer","GE","GTW585BSVWS","family-only","[]","will-not-spin","true","guided-checks","ge-gtw585bsvws::will-not-spin","[{""id"":""ge-washer-top-spin"",""kind"":""manufacturer-troubleshooting"",""title"":""GE top-load washer spin checks"",""publisher"":""GE Appliances"",""url"":""https://products.geappliances.com/appliance/gea-support-search-content?contentId=23082"",""appliesTo"":""GE top-load washers; load, drain, and visible lid checks only"",""lastVerified"":""2026-08-29""}]","","false","","Purchase promotion is limited to the category's separately reviewed default component route."
"ge-gtw585bsvws__is-leaking","ge-gtw585bsvws","washer","GE","GTW585BSVWS","family-only","[]","is-leaking","true","guided-checks","ge-gtw585bsvws::is-leaking","[{""id"":""ge-washer-top-leak"",""kind"":""manufacturer-troubleshooting"",""title"":""GE top-load washer leak checks"",""publisher"":""GE Appliances"",""url"":""https://products.geappliances.com/appliance/gea-support-search-content?contentId=17530"",""appliesTo"":""GE top-load washers; visible tub edge, detergent, loading, and external hose checks"",""lastVerified"":""2026-08-29""}]","","false","","Purchase promotion is limited to the category's separately reviewed default component route."
"samsung-wa45t3200aw__will-not-drain","samsung-wa45t3200aw","washer","Samsung","WA45T3200AW","exact-code","[""WA45T3200AW/A4""]","will-not-drain","true","purchase-ready","samsung-wa45t3200aw::will-not-drain","[{""id"":""samsung-no-drain"",""kind"":""manufacturer-troubleshooting"",""title"":""Samsung washing machine will not drain"",""publisher"":""Samsung"",""url"":""https://www.samsung.com/us/support/troubleshoot/TSG10007110/"",""appliesTo"":""Samsung front- and top-load washers"",""lastVerified"":""2026-08-27""}]","","true","{""name"":""Samsung washer drain pump assembly"",""sku"":""DC97-19289F"",""compatibleProductCodes"":[""WA45T3200AW/A4""],""installBoundary"":""professional-only"",""compatibilityEvidence"":[{""id"":""samsung-wa45t3200awa4-dc97-19289f-fit"",""kind"":""authorized-parts"",""title"":""Samsung-authorized drain-pump record listing WA45T3200AW/A4 as compatible"",""publisher"":""Encompass"",""url"":""https://encompass.com/item/11667692/Samsung/DC97-19289F/"",""appliesTo"":""Samsung WA45T3200AW/A4 uses drain-pump assembly DC97-19289F"",""lastVerified"":""2026-08-29""},{""id"":""samsung-wa45t3200awa4-exact-model-dc97-19289f"",""kind"":""authorized-parts"",""title"":""Samsung-authorized exact-model diagram naming assembly pump drain DC97-19289F"",""publisher"":""Encompass"",""url"":""https://partstore.encompass.com/model/SMGWA45T3200AW%7CA4/0002/"",""appliesTo"":""Samsung WA45T3200AW/A4 exact-model diagram includes drain-pump assembly DC97-19289F"",""lastVerified"":""2026-08-29""},{""id"":""samsung-dc97-19289f-identity-2026-08-29"",""kind"":""authorized-parts"",""title"":""Samsung-authorized DC97-19289F drain-pump assembly page"",""publisher"":""Encompass"",""url"":""https://encompass.com/item/11667692/Samsung/DC97-19289F/"",""appliesTo"":""Samsung washer drain-pump assembly DC97-19289F; exact appliance fit is listed on the same authorized record"",""lastVerified"":""2026-08-29""}],""sellerOffer"":{""provider"":""shopify-global-catalog"",""protocol"":""UCP"",""query"":""Samsung DC97-19289F washer drain pump exact part"",""exactSku"":""DC97-19289F"",""offerCountAtVerification"":5,""lastVerified"":""2026-08-29""}}",""
"samsung-wa45t3200aw__door-will-not-close","samsung-wa45t3200aw","washer","Samsung","WA45T3200AW","exact-code","[""WA45T3200AW/A4""]","door-will-not-close","true","guided-checks","samsung-wa45t3200aw::door-will-not-close","[{""id"":""samsung-washer-door"",""kind"":""manufacturer-troubleshooting"",""title"":""Samsung washer door error guidance"",""publisher"":""Samsung"",""url"":""https://www.samsung.com/us/support/troubleshoot/TSG10000997/"",""appliesTo"":""Samsung washers; exact error meaning varies by model and manual"",""lastVerified"":""2026-08-28""}]","","false","","Purchase promotion is limited to the category's separately reviewed default component route."
"samsung-wa45t3200aw__will-not-start","samsung-wa45t3200aw","washer","Samsung","WA45T3200AW","exact-code","[""WA45T3200AW/A4""]","will-not-start","true","guided-checks","samsung-wa45t3200aw::will-not-start","[{""id"":""samsung-washer-start"",""kind"":""manufacturer-troubleshooting"",""title"":""Samsung washer start and power checks"",""publisher"":""Samsung"",""url"":""https://www.samsung.com/us/support/troubleshoot/TSG10007300/"",""appliesTo"":""Samsung front- and top-load washers; visible power, control-lock, door/lid, and cycle checks"",""lastVerified"":""2026-08-29""}]","","false","","Purchase promotion is limited to the category's separately reviewed default component route."
"samsung-wa45t3200aw__will-not-spin","samsung-wa45t3200aw","washer","Samsung","WA45T3200AW","exact-code","[""WA45T3200AW/A4""]","will-not-spin","true","guided-checks","samsung-wa45t3200aw::will-not-spin","[{""id"":""samsung-washer-spin"",""kind"":""manufacturer-troubleshooting"",""title"":""Samsung washer spin checks"",""publisher"":""Samsung"",""url"":""https://www.samsung.com/us/support/troubleshoot/TSG10003486/"",""appliesTo"":""Samsung front- and top-load washers; load, drain, and closure observations; pump-filter access excluded unless separately confirmed"",""lastVerified"":""2026-08-29""}]","","false","","Purchase promotion is limited to the category's separately reviewed default component route."
"samsung-wa45t3200aw__is-leaking","samsung-wa45t3200aw","washer","Samsung","WA45T3200AW","exact-code","[""WA45T3200AW/A4""]","is-leaking","true","guided-checks","samsung-wa45t3200aw::is-leaking","[{""id"":""samsung-washer-leak"",""kind"":""manufacturer-troubleshooting"",""title"":""Samsung washer leak checks"",""publisher"":""Samsung"",""url"":""https://www.samsung.com/us/support/troubleshoot/TSG10001007/"",""appliesTo"":""Samsung front- and top-load washers; topology-selected visible leak checks only"",""lastVerified"":""2026-08-29""}]","","false","","Purchase promotion is limited to the category's separately reviewed default component route."
"whirlpool-wtw5057lw__will-not-drain","whirlpool-wtw5057lw","washer","Whirlpool","WTW5057LW","family-only","[]","will-not-drain","true","guided-checks","whirlpool-wtw5057lw::will-not-drain","[{""id"":""whirlpool-top-load-no-drain"",""kind"":""manufacturer-troubleshooting"",""title"":""Whirlpool top-load washer not draining"",""publisher"":""Whirlpool"",""url"":""https://www.whirlpool.com/blog/washers-and-dryers/why-is-my-washing-machine-not-draining.html"",""appliesTo"":""Whirlpool top-load washers"",""lastVerified"":""2026-08-27""}]","","false","","A complete revision code is not independently verified for this catalog identity."
"whirlpool-wtw5057lw__door-will-not-close","whirlpool-wtw5057lw","washer","Whirlpool","WTW5057LW","family-only","[]","door-will-not-close","true","guided-checks","whirlpool-wtw5057lw::door-will-not-close","[{""id"":""whirlpool-top-washer-lid"",""kind"":""manufacturer-troubleshooting"",""title"":""Whirlpool top-load washer lid not latching"",""publisher"":""Whirlpool"",""url"":""https://producthelp.whirlpool.com/Laundry/Washers/Top_Load_Washer/Operation/Not_Operating/Lid_Not_Latching_-_Washer"",""appliesTo"":""Whirlpool top-load washers"",""lastVerified"":""2026-08-28""}]","","false","","Purchase promotion is limited to the category's separately reviewed default component route."
"whirlpool-wtw5057lw__will-not-start","whirlpool-wtw5057lw","washer","Whirlpool","WTW5057LW","family-only","[]","will-not-start","true","guided-checks","whirlpool-wtw5057lw::will-not-start","[{""id"":""whirlpool-washer-top-start"",""kind"":""manufacturer-troubleshooting"",""title"":""Whirlpool top-load washer start checks"",""publisher"":""Whirlpool"",""url"":""https://producthelp.whirlpool.com/Laundry/Washers/Top_Load_Washer/Operation/Not_Operating/Not_Starting_-_Washer"",""appliesTo"":""Whirlpool top-load washers; visible controls, lid, and water supply only"",""lastVerified"":""2026-08-29""}]","","false","","Purchase promotion is limited to the category's separately reviewed default component route."
"whirlpool-wtw5057lw__will-not-spin","whirlpool-wtw5057lw","washer","Whirlpool","WTW5057LW","family-only","[]","will-not-spin","true","guided-checks","whirlpool-wtw5057lw::will-not-spin","[{""id"":""whirlpool-washer-top-spin"",""kind"":""manufacturer-troubleshooting"",""title"":""Whirlpool top-load washer spin checks"",""publisher"":""Whirlpool"",""url"":""https://producthelp.whirlpool.com/Laundry/Washers/Top_Load_Washer/Cycle_Concerns/Not_Spinning_-_Washer"",""appliesTo"":""Whirlpool top-load washers; cycle, load, drain, and lid observations only"",""lastVerified"":""2026-08-29""}]","","false","","Purchase promotion is limited to the category's separately reviewed default component route."
"whirlpool-wtw5057lw__is-leaking","whirlpool-wtw5057lw","washer","Whirlpool","WTW5057LW","family-only","[]","is-leaking","true","guided-checks","whirlpool-wtw5057lw::is-leaking","[{""id"":""whirlpool-washer-top-leak"",""kind"":""manufacturer-troubleshooting"",""title"":""Whirlpool top-load washer leak checks"",""publisher"":""Whirlpool"",""url"":""https://producthelp.whirlpool.com/Laundry/Washers/Top_Load_Washer/Water/Leaking/Leaking_from_Front_or_Top_-_Washer"",""appliesTo"":""Whirlpool top-load washers; visible tub edge, loading, detergent, and external hose checks"",""lastVerified"":""2026-08-29""}]","","false","","Purchase promotion is limited to the category's separately reviewed default component route."
"maytag-mvw5430mw__will-not-drain","maytag-mvw5430mw","washer","Maytag","MVW5430MW","family-only","[]","will-not-drain","true","guided-checks","maytag-mvw5430mw::will-not-drain","[{""id"":""maytag-top-load-no-drain"",""kind"":""manufacturer-troubleshooting"",""title"":""Maytag washer not draining or spinning"",""publisher"":""Maytag"",""url"":""https://producthelp.maytag.com/Laundry/Washers/Product_Info/Washer_Product_Assistance/Washer_Not_Draining_or_Spinning%3F_Troubleshooting_Guide"",""appliesTo"":""Maytag top-load washers"",""lastVerified"":""2026-08-27""}]","","false","","A complete revision code is not independently verified for this catalog identity."
"maytag-mvw5430mw__door-will-not-close","maytag-mvw5430mw","washer","Maytag","MVW5430MW","family-only","[]","door-will-not-close","true","guided-checks","maytag-mvw5430mw::door-will-not-close","[{""id"":""maytag-top-washer-lid"",""kind"":""manufacturer-troubleshooting"",""title"":""Maytag top-load washer LdL lid-lock error"",""publisher"":""Maytag"",""url"":""https://producthelp.maytag.com/Laundry/Washers/Top_Load_Washer/Error_Codes_or_Flashing_Lights/Other_Error_Codes/LdL_-_Error_Code"",""appliesTo"":""Maytag top-load washers that display LdL; models without that code need manual confirmation"",""lastVerified"":""2026-08-28""}]","","false","","Purchase promotion is limited to the category's separately reviewed default component route."
"maytag-mvw5430mw__will-not-start","maytag-mvw5430mw","washer","Maytag","MVW5430MW","family-only","[]","will-not-start","true","guided-checks","maytag-mvw5430mw::will-not-start","[{""id"":""washer-maytag-top-start"",""kind"":""manufacturer-troubleshooting"",""title"":""Maytag Washer will not start owner guidance"",""publisher"":""Maytag"",""url"":""https://producthelp.maytag.com/Laundry/Washers/Top_Load_Washer/Operation/Not_Operating/Not_Starting_-_Washer"",""appliesTo"":""Maytag top-load washers"",""lastVerified"":""2026-08-29""}]","","false","","Purchase promotion is limited to the category's separately reviewed default component route."
"maytag-mvw5430mw__will-not-spin","maytag-mvw5430mw","washer","Maytag","MVW5430MW","family-only","[]","will-not-spin","true","guided-checks","maytag-mvw5430mw::will-not-spin","[{""id"":""washer-maytag-top-spin"",""kind"":""manufacturer-troubleshooting"",""title"":""Maytag Washer will not spin owner guidance"",""publisher"":""Maytag"",""url"":""https://producthelp.maytag.com/Laundry/Washers/Top_Load_Washer/Cycle_Concerns/Not_Spinning_-_Washer"",""appliesTo"":""Maytag top-load washers"",""lastVerified"":""2026-08-29""}]","","false","","Purchase promotion is limited to the category's separately reviewed default component route."
"maytag-mvw5430mw__is-leaking","maytag-mvw5430mw","washer","Maytag","MVW5430MW","family-only","[]","is-leaking","true","guided-checks","maytag-mvw5430mw::is-leaking","[{""id"":""washer-maytag-top-leak"",""kind"":""manufacturer-troubleshooting"",""title"":""Maytag Washer is leaking owner guidance"",""publisher"":""Maytag"",""url"":""https://producthelp.maytag.com/Laundry/Washers/Top_Load_Washer/Water/Leaking/Leaking_from_Front_or_Top_-_Washer"",""appliesTo"":""Maytag top-load washers"",""lastVerified"":""2026-08-29""}]","","false","","Purchase promotion is limited to the category's separately reviewed default component route."
"whirlpool-wdt750sakz1__will-not-drain","whirlpool-wdt750sakz1","dishwasher","Whirlpool","WDT750SAKZ1","exact-code","[""WDT750SAKZ1""]","will-not-drain","true","purchase-ready","whirlpool-wdt750sakz1::will-not-drain","[{""id"":""whirlpool-dishwasher-drain"",""kind"":""manufacturer-troubleshooting"",""title"":""Whirlpool dishwasher: water remains after a cycle"",""publisher"":""Whirlpool"",""url"":""https://producthelp.whirlpool.com/Dishwashers/Dishwasher/Operation/Not_Draining%2F%2FWater_Remains/Water_Remains_at_End_of_Cycle_-_Dishwasher"",""appliesTo"":""Whirlpool built-in dishwashers"",""lastVerified"":""2026-08-27""}]","","true","{""name"":""Dishwasher drain pump"",""sku"":""W11412291"",""compatibleProductCodes"":[""WDT750SAKZ1""],""installBoundary"":""professional-only"",""compatibilityEvidence"":[{""id"":""whirlpool-w11412291"",""kind"":""authorized-parts"",""title"":""Whirlpool W11412291 drain-pump model listing"",""publisher"":""Whirlpool Parts"",""url"":""https://www.whirlpoolparts.com/PartDetail/Drain-Pump/W11412291/4960707"",""appliesTo"":""Whirlpool WDT750SAKZ1"",""lastVerified"":""2026-08-27""}],""sellerOffer"":{""provider"":""shopify-global-catalog"",""protocol"":""UCP"",""query"":""Whirlpool W11412291 dishwasher drain pump exact part"",""exactSku"":""W11412291"",""offerCountAtVerification"":9,""lastVerified"":""2026-08-27""}}",""
"whirlpool-wdt750sakz1__door-will-not-close","whirlpool-wdt750sakz1","dishwasher","Whirlpool","WDT750SAKZ1","exact-code","[""WDT750SAKZ1""]","door-will-not-close","true","guided-checks","whirlpool-wdt750sakz1::door-will-not-close","[{""id"":""whirlpool-dishwasher-door"",""kind"":""manufacturer-troubleshooting"",""title"":""Whirlpool dishwasher door will not close"",""publisher"":""Whirlpool"",""url"":""https://producthelp.whirlpool.com/Dishwashers/Dishwasher/Door_Concerns/Door_Will_Not_Close/Door_Will_Not_Close_-_Dishwasher"",""appliesTo"":""Whirlpool built-in dishwashers; Open Door Dry step only on equipped models"",""lastVerified"":""2026-08-28""}]","","false","","Purchase promotion is limited to the category's separately reviewed default component route."
"whirlpool-wdt750sakz1__not-cleaning","whirlpool-wdt750sakz1","dishwasher","Whirlpool","WDT750SAKZ1","exact-code","[""WDT750SAKZ1""]","not-cleaning","true","guided-checks","whirlpool-wdt750sakz1::not-cleaning","[{""id"":""whirlpool-dishwasher-cleaning"",""kind"":""manufacturer-troubleshooting"",""title"":""Whirlpool dishwasher cleaning-performance checks"",""publisher"":""Whirlpool"",""url"":""https://producthelp.whirlpool.com/Dishwashers/Dishwasher/Wash_Performance/Other_Cookware_and_Dishes/Dull_Surfaces_on_Dishes"",""appliesTo"":""Whirlpool built-in dishwashers; loading, detergent, cycle, and visible spray observations only"",""lastVerified"":""2026-08-29""}]","","false","","Purchase promotion is limited to the category's separately reviewed default component route."
"whirlpool-wdt750sakz1__will-not-fill","whirlpool-wdt750sakz1","dishwasher","Whirlpool","WDT750SAKZ1","exact-code","[""WDT750SAKZ1""]","will-not-fill","true","guided-checks","whirlpool-wdt750sakz1::will-not-fill","[{""id"":""whirlpool-dishwasher-fill"",""kind"":""manufacturer-troubleshooting"",""title"":""Whirlpool dishwasher no-fill checks"",""publisher"":""Whirlpool"",""url"":""https://producthelp.whirlpool.com/Dishwashers/Dishwasher/Cycle_Concerns/Not_Filling%2F%2FNo_Water/Not_Filling_With_Water_-_Dishwasher"",""appliesTo"":""Whirlpool built-in dishwashers; household water, door, and visible supply checks only"",""lastVerified"":""2026-08-29""}]","","false","","Purchase promotion is limited to the category's separately reviewed default component route."
"whirlpool-wdt750sakz1__is-leaking","whirlpool-wdt750sakz1","dishwasher","Whirlpool","WDT750SAKZ1","exact-code","[""WDT750SAKZ1""]","is-leaking","true","guided-checks","whirlpool-wdt750sakz1::is-leaking","[{""id"":""whirlpool-dishwasher-leak"",""kind"":""manufacturer-troubleshooting"",""title"":""Whirlpool dishwasher leak troubleshooting"",""publisher"":""Whirlpool"",""url"":""https://producthelp.whirlpool.com/Dishwashers/Product_Info/Dishwasher_Product_Assistance/Dishwasher_Leaking_Troubleshooting_Guide"",""appliesTo"":""Whirlpool built-in dishwashers; suds, loading, and visible leak-location checks only"",""lastVerified"":""2026-08-29""}]","","false","","Purchase promotion is limited to the category's separately reviewed default component route."
"bosch-shpm65z55n20__will-not-drain","bosch-shpm65z55n20","dishwasher","Bosch","SHPM65Z55N/20","exact-code","[""SHPM65Z55N/20""]","will-not-drain","true","purchase-ready","bosch-shpm65z55n20::will-not-drain","[{""id"":""bosch-dishwasher-drain"",""kind"":""manufacturer-troubleshooting"",""title"":""Bosch dishwasher not draining"",""publisher"":""Bosch"",""url"":""https://www.bosch-home.com/us/owner-support/get-support/support-selfhelp-dishwasher-not-draining"",""appliesTo"":""Bosch dishwashers"",""lastVerified"":""2026-08-27""}]","","true","{""name"":""00631200 dishwasher drain pump"",""sku"":""00631200"",""compatibleProductCodes"":[""SHPM65Z55N/20""],""installBoundary"":""professional-only"",""compatibilityEvidence"":[{""id"":""bosch-shpm65z55n20-00631200-fit"",""kind"":""manufacturer-part"",""title"":""Exact SHPM65Z55N/20 drain-pump listing"",""publisher"":""Bosch"",""url"":""https://www.bosch-home.com/us/en/spare-parts-list/SHPM65Z55N-20"",""appliesTo"":""SHPM65Z55N/20 uses exact drain-pump SKU 00631200. Bosch's exact E-Nr spare-parts page places 00631200 on SHPM65Z55N/20 and Bosch identifies it as Pump-drain."",""lastVerified"":""2026-08-29""},{""id"":""demo-dishwasher-00631200-identity"",""kind"":""manufacturer-part"",""title"":""Bosch exact part 00631200"",""publisher"":""Bosch"",""url"":""https://www.bosch-home.com/us/en/product/00631200"",""appliesTo"":""Dishwasher drain-pump part 00631200; exact appliance fit is established separately"",""lastVerified"":""2026-08-29""}],""sellerOffer"":{""provider"":""shopify-global-catalog"",""protocol"":""UCP"",""query"":""00631200 dishwasher drain pump exact SKU"",""exactSku"":""00631200"",""offerCountAtVerification"":19,""lastVerified"":""2026-08-29""}}",""
"bosch-shpm65z55n20__door-will-not-close","bosch-shpm65z55n20","dishwasher","Bosch","SHPM65Z55N/20","exact-code","[""SHPM65Z55N/20""]","door-will-not-close","true","guided-checks","bosch-shpm65z55n20::door-will-not-close","[{""id"":""bosch-dishwasher-door"",""kind"":""manufacturer-troubleshooting"",""title"":""Bosch dishwasher troubleshooting"",""publisher"":""Bosch"",""url"":""https://www.bosch-home.com/us/owner-support/dishwashers/troubleshooting"",""appliesTo"":""Bosch dishwashers; AutoAir and error-code branches are model-specific"",""lastVerified"":""2026-08-28""}]","","false","","Purchase promotion is limited to the category's separately reviewed default component route."
"bosch-shpm65z55n20__not-cleaning","bosch-shpm65z55n20","dishwasher","Bosch","SHPM65Z55N/20","exact-code","[""SHPM65Z55N/20""]","not-cleaning","true","guided-checks","bosch-shpm65z55n20::not-cleaning","[{""id"":""bosch-dishwasher-cleaning"",""kind"":""manufacturer-troubleshooting"",""title"":""Bosch dishwasher not-cleaning checks"",""publisher"":""Bosch"",""url"":""https://www.bosch-home.com/us/owner-support/get-support/support-selfhelp-dishwasher-not-cleaning-dishes"",""appliesTo"":""Bosch dishwashers; loading, detergent, water temperature, and visible spray observations only"",""lastVerified"":""2026-08-29""}]","","false","","Purchase promotion is limited to the category's separately reviewed default component route."
"bosch-shpm65z55n20__will-not-fill","bosch-shpm65z55n20","dishwasher","Bosch","SHPM65Z55N/20","exact-code","[""SHPM65Z55N/20""]","will-not-fill","true","guided-checks","bosch-shpm65z55n20::will-not-fill","[{""id"":""bosch-dishwasher-fill"",""kind"":""manufacturer-troubleshooting"",""title"":""Bosch dishwasher not-drawing-water checks"",""publisher"":""Bosch"",""url"":""https://www.bosch-home.com/us/owner-support/get-support/support-selfhelp-dishwasher-not-drawing-water"",""appliesTo"":""Bosch dishwashers; household supply, visible hose, and door observations only"",""lastVerified"":""2026-08-29""}]","","false","","Purchase promotion is limited to the category's separately reviewed default component route."
"bosch-shpm65z55n20__is-leaking","bosch-shpm65z55n20","dishwasher","Bosch","SHPM65Z55N/20","exact-code","[""SHPM65Z55N/20""]","is-leaking","true","guided-checks","bosch-shpm65z55n20::is-leaking","[{""id"":""bosch-dishwasher-leak"",""kind"":""manufacturer-troubleshooting"",""title"":""Bosch dishwasher leak error guidance"",""publisher"":""Bosch"",""url"":""https://www.bosch-home.com/us/owner-support/error-codes/dishwashers"",""appliesTo"":""Bosch dishwashers; visible leak or E15 condition is a stop and service boundary"",""lastVerified"":""2026-08-29""}]","","false","","Purchase promotion is limited to the category's separately reviewed default component route."
"ge-gdf670syvfs__will-not-drain","ge-gdf670syvfs","dishwasher","GE","GDF670SYVFS","family-only","[]","will-not-drain","true","guided-checks","ge-gdf670syvfs::will-not-drain","[{""id"":""ge-dishwasher-support"",""kind"":""manufacturer-troubleshooting"",""title"":""GE dishwasher support"",""publisher"":""GE Appliances"",""url"":""https://www.geappliances.com/ge/service-and-support/dishwashers.htm"",""appliesTo"":""GE dishwashers"",""lastVerified"":""2026-08-27""}]","","false","","A complete revision code is not independently verified for this catalog identity."
"ge-gdf670syvfs__door-will-not-close","ge-gdf670syvfs","dishwasher","GE","GDF670SYVFS","family-only","[]","door-will-not-close","true","guided-checks","ge-gdf670syvfs::door-will-not-close","[{""id"":""ge-dishwasher-door"",""kind"":""manufacturer-troubleshooting"",""title"":""GE dishwasher door will not latch"",""publisher"":""GE Appliances"",""url"":""https://products.geappliances.com/appliance/gea-support-search-content?contentId=17527"",""appliesTo"":""GE dishwashers; adjustable-rack note only for listed model prefixes"",""lastVerified"":""2026-08-28""}]","","false","","Purchase promotion is limited to the category's separately reviewed default component route."
"ge-gdf670syvfs__not-cleaning","ge-gdf670syvfs","dishwasher","GE","GDF670SYVFS","family-only","[]","not-cleaning","true","guided-checks","ge-gdf670syvfs::not-cleaning","[{""id"":""ge-dishwasher-cleaning"",""kind"":""manufacturer-troubleshooting"",""title"":""GE dishwasher cleaning-performance checks"",""publisher"":""GE Appliances"",""url"":""https://products.geappliances.com/appliance/gea-support-search-content?contentId=38933"",""appliesTo"":""GE built-in dishwashers; loading, cycle, detergent, and visible spray obstruction only"",""lastVerified"":""2026-08-29""}]","","false","","Purchase promotion is limited to the category's separately reviewed default component route."
"ge-gdf670syvfs__will-not-fill","ge-gdf670syvfs","dishwasher","GE","GDF670SYVFS","family-only","[]","will-not-fill","true","guided-checks","ge-gdf670syvfs::will-not-fill","[{""id"":""ge-dishwasher-fill"",""kind"":""manufacturer-troubleshooting"",""title"":""GE dishwasher no-fill checks"",""publisher"":""GE Appliances"",""url"":""https://products.geappliances.com/appliance/gea-support-search-content?contentId=38924"",""appliesTo"":""GE built-in dishwashers; household water, door, and visible supply checks only"",""lastVerified"":""2026-08-29""}]","","false","","Purchase promotion is limited to the category's separately reviewed default component route."
"ge-gdf670syvfs__is-leaking","ge-gdf670syvfs","dishwasher","GE","GDF670SYVFS","family-only","[]","is-leaking","true","guided-checks","ge-gdf670syvfs::is-leaking","[{""id"":""ge-dishwasher-leak"",""kind"":""manufacturer-troubleshooting"",""title"":""GE dishwasher leak prevention and stop guidance"",""publisher"":""GE Appliances"",""url"":""https://products.geappliances.com/appliance/gea-support-search-content?contentId=18954"",""appliesTo"":""GE built-in dishwashers; suds, loading, gasket, and visible plumbing checks only"",""lastVerified"":""2026-08-29""}]","","false","","Purchase promotion is limited to the category's separately reviewed default component route."
"kitchenaid-kdtm404kps__will-not-drain","kitchenaid-kdtm404kps","dishwasher","KitchenAid","KDTM404KPS","exact-code","[""KDTM404KPS0""]","will-not-drain","true","purchase-ready","kitchenaid-kdtm404kps::will-not-drain","[{""id"":""kitchenaid-dishwasher-support"",""kind"":""manufacturer-troubleshooting"",""title"":""KitchenAid dishwasher not draining"",""publisher"":""KitchenAid"",""url"":""https://producthelp.kitchenaid.com/Dishwashers/Dishwasher/Operation/Not_Draining%2F%2FWater_Remains"",""appliesTo"":""KitchenAid dishwashers"",""lastVerified"":""2026-08-27""}]","","true","{""name"":""W11412291 dishwasher drain pump"",""sku"":""W11412291"",""compatibleProductCodes"":[""KDTM404KPS0""],""installBoundary"":""professional-only"",""compatibilityEvidence"":[{""id"":""kitchenaid-kdtm404kps-w11412291-fit"",""kind"":""authorized-parts"",""title"":""Exact KDTM404KPS0 drain-pump listing"",""publisher"":""Whirlpool Parts"",""url"":""https://www.whirlpoolparts.com/Shop-For-Parts/a9b121c36d2460010/Model-KDTM404KPS0-Kitchenaid-Dishwasher-Pump-Parts"",""appliesTo"":""KDTM404KPS0 uses exact drain-pump SKU W11412291. The Whirlpool-authorized exact-model pump page returns one item explicitly titled drain pump, manufacturer number W11412291, for KDTM404KPS0."",""lastVerified"":""2026-08-29""},{""id"":""demo-dishwasher-w11412291-identity"",""kind"":""authorized-parts"",""title"":""Whirlpool Parts exact part W11412291"",""publisher"":""Whirlpool Parts"",""url"":""https://www.whirlpoolparts.com/PartDetail/Drain-Pump/W11412291/4960707"",""appliesTo"":""Dishwasher drain-pump part W11412291; exact appliance fit is established separately"",""lastVerified"":""2026-08-29""}],""sellerOffer"":{""provider"":""shopify-global-catalog"",""protocol"":""UCP"",""query"":""W11412291 dishwasher drain pump exact SKU"",""exactSku"":""W11412291"",""offerCountAtVerification"":7,""lastVerified"":""2026-08-29""}}",""
"kitchenaid-kdtm404kps__door-will-not-close","kitchenaid-kdtm404kps","dishwasher","KitchenAid","KDTM404KPS","exact-code","[""KDTM404KPS0""]","door-will-not-close","true","guided-checks","kitchenaid-kdtm404kps::door-will-not-close","[{""id"":""kitchenaid-dishwasher-door"",""kind"":""manufacturer-troubleshooting"",""title"":""KitchenAid dishwasher door will not close"",""publisher"":""KitchenAid"",""url"":""https://producthelp.kitchenaid.com/Dishwashers/Dishwasher/Door_Concerns/Door_Will_Not_Close/Door_Will_Not_Close_-_Dishwasher"",""appliesTo"":""KitchenAid built-in dishwashers; Open Door Dry step only on equipped models"",""lastVerified"":""2026-08-28""}]","","false","","Purchase promotion is limited to the category's separately reviewed default component route."
"kitchenaid-kdtm404kps__not-cleaning","kitchenaid-kdtm404kps","dishwasher","KitchenAid","KDTM404KPS","exact-code","[""KDTM404KPS0""]","not-cleaning","true","guided-checks","kitchenaid-kdtm404kps::not-cleaning","[{""id"":""dishwasher-kitchenaid-cleaning"",""kind"":""manufacturer-troubleshooting"",""title"":""Dishes are not clean"",""publisher"":""KitchenAid"",""url"":""https://producthelp.kitchenaid.com/Dishwashers/Dishwasher/Wash_Performance/None_of_the_Dishes_are_Clean/Dishes_are_not_Clean"",""appliesTo"":""KitchenAid dishwashers"",""lastVerified"":""2026-08-29""}]","","false","","Purchase promotion is limited to the category's separately reviewed default component route."
"kitchenaid-kdtm404kps__will-not-fill","kitchenaid-kdtm404kps","dishwasher","KitchenAid","KDTM404KPS","exact-code","[""KDTM404KPS0""]","will-not-fill","true","guided-checks","kitchenaid-kdtm404kps::will-not-fill","[{""id"":""dishwasher-kitchenaid-fill"",""kind"":""manufacturer-troubleshooting"",""title"":""Dishwasher not filling with water"",""publisher"":""KitchenAid"",""url"":""https://producthelp.kitchenaid.com/Dishwashers/Dishwasher/Cycle_Concerns/Not_Filling%2F%2FNo_Water/Not_Filling_With_Water_-_Dishwasher"",""appliesTo"":""KitchenAid dishwashers"",""lastVerified"":""2026-08-29""}]","","false","","Purchase promotion is limited to the category's separately reviewed default component route."
"kitchenaid-kdtm404kps__is-leaking","kitchenaid-kdtm404kps","dishwasher","KitchenAid","KDTM404KPS","exact-code","[""KDTM404KPS0""]","is-leaking","true","guided-checks","kitchenaid-kdtm404kps::is-leaking","[{""id"":""dishwasher-kitchenaid-leak"",""kind"":""manufacturer-troubleshooting"",""title"":""Dishwasher leaking from door"",""publisher"":""KitchenAid"",""url"":""https://producthelp.kitchenaid.com/Dishwashers/Dishwasher/Leaking/Front%2F%2FDoor/Leaking_from_Door"",""appliesTo"":""KitchenAid dishwashers"",""lastVerified"":""2026-08-29""}]","","false","","Purchase promotion is limited to the category's separately reviewed default component route."
"ge-gtd42easj2ww__door-will-not-close","ge-gtd42easj2ww","dryer","GE","GTD42EASJ2WW","exact-code","[""GTD42EASJ2WW""]","door-will-not-close","true","purchase-ready","ge-gtd42easj2ww::door-will-not-close","[{""id"":""ge-dryer-door"",""kind"":""manufacturer-troubleshooting"",""title"":""GE dryer door support"",""publisher"":""GE Appliances"",""url"":""https://products.geappliances.com/appliance/gea-support-search-content?contentId=16635"",""appliesTo"":""GE electric dryers"",""lastVerified"":""2026-08-27""}]","","true","{""name"":""Dryer door strike"",""sku"":""WE01M10007"",""compatibleProductCodes"":[""GTD42EASJ2WW""],""installBoundary"":""user-replaceable"",""compatibilityEvidence"":[{""id"":""ge-we01m10007"",""kind"":""manufacturer-part"",""title"":""GE GTD42EASJ2WW front panel and door parts"",""publisher"":""GE Appliances"",""url"":""https://www.geapplianceparts.com/store/parts/ModelSectionParts/GTD42EASJ2WW/2/0/0/0/FRONT_PANEL_%26_DOOR"",""appliesTo"":""GE GTD42EASJ2WW"",""lastVerified"":""2026-08-27""}],""sellerOffer"":{""provider"":""shopify-global-catalog"",""protocol"":""UCP"",""query"":""GE WE01M10007 dryer door strike exact part"",""exactSku"":""WE01M10007"",""offerCountAtVerification"":19,""lastVerified"":""2026-08-27""}}",""
"ge-gtd42easj2ww__will-not-start","ge-gtd42easj2ww","dryer","GE","GTD42EASJ2WW","exact-code","[""GTD42EASJ2WW""]","will-not-start","true","guided-checks","ge-gtd42easj2ww::will-not-start","[{""id"":""ge-dryer-start"",""kind"":""manufacturer-troubleshooting"",""title"":""GE dryer will-not-start checks"",""publisher"":""GE Appliances"",""url"":""https://products.geappliances.com/appliance/gea-support-search-content?contentId=17381"",""appliesTo"":""GE electric dryers; visible plug, door, controls, and breaker observations only"",""lastVerified"":""2026-08-29""}]","","false","","Purchase promotion is limited to the category's separately reviewed default component route."
"ge-gtd42easj2ww__not-heating","ge-gtd42easj2ww","dryer","GE","GTD42EASJ2WW","exact-code","[""GTD42EASJ2WW""]","not-heating","true","guided-checks","ge-gtd42easj2ww::not-heating","[{""id"":""ge-dryer-heat"",""kind"":""manufacturer-troubleshooting"",""title"":""GE electric dryer runs-without-heat checks"",""publisher"":""GE Appliances"",""url"":""https://products.geappliances.com/appliance/gea-support-search-content?contentId=16921"",""appliesTo"":""GE electric dryers; cycle, airflow, and household breaker observations only; no terminal access"",""lastVerified"":""2026-08-29""}]","","false","","Purchase promotion is limited to the category's separately reviewed default component route."
"ge-gtd42easj2ww__drum-will-not-turn","ge-gtd42easj2ww","dryer","GE","GTD42EASJ2WW","exact-code","[""GTD42EASJ2WW""]","drum-will-not-turn","true","guided-checks","ge-gtd42easj2ww::drum-will-not-turn","[{""id"":""ge-dryer-drum"",""kind"":""manufacturer-troubleshooting"",""title"":""GE dryer drum-does-not-turn checks"",""publisher"":""GE Appliances"",""url"":""https://products.geappliances.com/appliance/gea-support-search-content?contentId=17096"",""appliesTo"":""GE dryers; load observation and professional stop; no internal access"",""lastVerified"":""2026-08-29""}]","","false","","Purchase promotion is limited to the category's separately reviewed default component route."
"whirlpool-wed4950hw__door-will-not-close","whirlpool-wed4950hw","dryer","Whirlpool","WED4950HW","exact-code","[""WED4950HW0""]","door-will-not-close","true","purchase-ready","whirlpool-wed4950hw::door-will-not-close","[{""id"":""whirlpool-dryer-support"",""kind"":""manufacturer-troubleshooting"",""title"":""Whirlpool electric dryer support"",""publisher"":""Whirlpool"",""url"":""https://producthelp.whirlpool.com/Laundry/Dryers/Electric_Dryer"",""appliesTo"":""Whirlpool electric dryers"",""lastVerified"":""2026-08-27""}]","","true","{""name"":""Dryer door catch kit"",""sku"":""279570"",""compatibleProductCodes"":[""WED4950HW0""],""installBoundary"":""user-replaceable"",""compatibilityEvidence"":[{""id"":""whirlpool-279570-wed4950hw0"",""kind"":""authorized-parts"",""title"":""Whirlpool WED4950HW0 door-latch parts listing"",""publisher"":""Whirlpool Parts"",""url"":""https://www.whirlpoolparts.com/Shop-For-Parts/a8b5c72d2170809/Model-WED4950HW0-Whirlpool-Dryer-Latch-Parts"",""appliesTo"":""Whirlpool WED4950HW0"",""lastVerified"":""2026-08-27""}],""sellerOffer"":{""provider"":""shopify-global-catalog"",""protocol"":""UCP"",""query"":""Whirlpool 279570 dryer door catch exact part"",""exactSku"":""279570"",""offerCountAtVerification"":20,""lastVerified"":""2026-08-27""}}",""
"whirlpool-wed4950hw__will-not-start","whirlpool-wed4950hw","dryer","Whirlpool","WED4950HW","exact-code","[""WED4950HW0""]","will-not-start","true","guided-checks","whirlpool-wed4950hw::will-not-start","[{""id"":""whirlpool-dryer-start"",""kind"":""manufacturer-troubleshooting"",""title"":""Whirlpool dryer not-starting checks"",""publisher"":""Whirlpool"",""url"":""https://producthelp.whirlpool.com/Laundry/Dryers/Dryer/Operation/Not_Starting/Not_Starting_or_Not_Operating_-_Dryer"",""appliesTo"":""Whirlpool electric dryers; visible controls, door, cycle, and power observations only"",""lastVerified"":""2026-08-29""}]","","false","","Purchase promotion is limited to the category's separately reviewed default component route."
"whirlpool-wed4950hw__not-heating","whirlpool-wed4950hw","dryer","Whirlpool","WED4950HW","exact-code","[""WED4950HW0""]","not-heating","true","guided-checks","whirlpool-wed4950hw::not-heating","[{""id"":""whirlpool-dryer-heat"",""kind"":""manufacturer-troubleshooting"",""title"":""Whirlpool electric dryer not-heating checks"",""publisher"":""Whirlpool"",""url"":""https://producthelp.whirlpool.com/Laundry/Dryers/Dryer/Operation/Not_Heating/Not_Heating_-_Electric_Dryer"",""appliesTo"":""Whirlpool electric dryers; heated cycle, airflow, and household breaker observations only"",""lastVerified"":""2026-08-29""}]","","false","","Purchase promotion is limited to the category's separately reviewed default component route."
"whirlpool-wed4950hw__drum-will-not-turn","whirlpool-wed4950hw","dryer","Whirlpool","WED4950HW","exact-code","[""WED4950HW0""]","drum-will-not-turn","true","guided-checks","whirlpool-wed4950hw::drum-will-not-turn","[{""id"":""whirlpool-dryer-drum"",""kind"":""manufacturer-troubleshooting"",""title"":""Whirlpool dryer not-tumbling checks"",""publisher"":""Whirlpool"",""url"":""https://producthelp.whirlpool.com/Laundry/Dryers/Dryer/Operation/Not_Starting/Not_Tumbling_or_Spinning_-_Dryer"",""appliesTo"":""Whirlpool electric dryers; power, start, and professional-stop observations only"",""lastVerified"":""2026-08-29""}]","","false","","Purchase promotion is limited to the category's separately reviewed default component route."
"maytag-med4500mw__door-will-not-close","maytag-med4500mw","dryer","Maytag","MED4500MW","exact-code","[""MED4500MW0""]","door-will-not-close","true","purchase-ready","maytag-med4500mw::door-will-not-close","[{""id"":""maytag-dryer-support"",""kind"":""manufacturer-troubleshooting"",""title"":""Maytag electric dryer support"",""publisher"":""Maytag"",""url"":""https://producthelp.maytag.com/Laundry/Dryers/Electric_Dryers"",""appliesTo"":""Maytag electric dryers"",""lastVerified"":""2026-08-27""}]","","true","{""name"":""Dryer door catch"",""sku"":""W11429587"",""compatibleProductCodes"":[""MED4500MW0""],""installBoundary"":""user-replaceable"",""compatibilityEvidence"":[{""id"":""maytag-w11429587-med4500mw0"",""kind"":""authorized-parts"",""title"":""Maytag MED4500MW0 door-latch parts listing"",""publisher"":""Whirlpool Parts"",""url"":""https://www.whirlpoolparts.com/Shop-For-Parts/a8b4c72d2454088/Model-MED4500MW0-Maytag-Dryer-Latch-Parts"",""appliesTo"":""Maytag MED4500MW0"",""lastVerified"":""2026-08-27""}],""sellerOffer"":{""provider"":""shopify-global-catalog"",""protocol"":""UCP"",""query"":""Maytag W11429587 dryer door catch exact part"",""exactSku"":""W11429587"",""offerCountAtVerification"":7,""lastVerified"":""2026-08-27""}}",""
"maytag-med4500mw__will-not-start","maytag-med4500mw","dryer","Maytag","MED4500MW","exact-code","[""MED4500MW0""]","will-not-start","true","guided-checks","maytag-med4500mw::will-not-start","[{""id"":""dryer-maytag-dryer-start"",""kind"":""manufacturer-troubleshooting"",""title"":""Maytag dryer troubleshooting: Door, cycle, Start control, Control Lock, visible power, and household breaker checks."",""publisher"":""Maytag"",""url"":""https://producthelp.maytag.com/Laundry/Dryers/Dryer/Operation/Not_Starting/Not_Starting_or_Not_Operating_-_Dryer"",""appliesTo"":""Maytag MED6500MBK; Content was used only for the stated visible or owner-accessible checks; unsafe and wrong-topology sections are excluded."",""lastVerified"":""2026-08-29""}]","","false","","Purchase promotion is limited to the category's separately reviewed default component route."
"maytag-med4500mw__not-heating","maytag-med4500mw","dryer","Maytag","MED4500MW","exact-code","[""MED4500MW0""]","not-heating","true","guided-checks","maytag-med4500mw::not-heating","[{""id"":""dryer-maytag-electric-dryer-heat"",""kind"":""manufacturer-troubleshooting"",""title"":""Maytag dryer troubleshooting: Electric-dryer dual-breaker and Air Only checks; terminal-block instructions are excluded."",""publisher"":""Maytag"",""url"":""https://producthelp.maytag.com/Laundry/Dryers/Dryer/Operation/Not_Heating/Not_Heating_-_Electric_Dryer"",""appliesTo"":""Maytag MED6500MBK; Content was used only for the stated visible or owner-accessible checks; unsafe and wrong-topology sections are excluded."",""lastVerified"":""2026-08-29""}]","","false","","Purchase promotion is limited to the category's separately reviewed default component route."
"maytag-med4500mw__drum-will-not-turn","maytag-med4500mw","dryer","Maytag","MED4500MW","exact-code","[""MED4500MW0""]","drum-will-not-turn","true","guided-checks","maytag-med4500mw::drum-will-not-turn","[{""id"":""dryer-maytag-dryer-tumble"",""kind"":""manufacturer-troubleshooting"",""title"":""Maytag dryer troubleshooting: Visible power and Start-control observations followed by service; terminal access is excluded."",""publisher"":""Maytag"",""url"":""https://producthelp.maytag.com/Laundry/Dryers/Dryer/Operation/Not_Starting/Not_Tumbling_or_Spinning_-_Dryer"",""appliesTo"":""Maytag MED6500MBK; Content was used only for the stated visible or owner-accessible checks; unsafe and wrong-topology sections are excluded."",""lastVerified"":""2026-08-29""}]","","false","","Purchase promotion is limited to the category's separately reviewed default component route."
"lg-dle3400w__door-will-not-close","lg-dle3400w","dryer","LG","DLE3400W","family-only","[]","door-will-not-close","true","guided-checks","lg-dle3400w::door-will-not-close","[{""id"":""lg-dryer-support"",""kind"":""manufacturer-troubleshooting"",""title"":""LG electric dryer support"",""publisher"":""LG"",""url"":""https://www.lg.com/us/support/product/lg-DLE3400W.ABWETUS"",""appliesTo"":""LG DLE3400W"",""lastVerified"":""2026-08-27""}]","","false","","A complete revision code is not independently verified for this catalog identity."
"lg-dle3400w__will-not-start","lg-dle3400w","dryer","LG","DLE3400W","family-only","[]","will-not-start","true","guided-checks","lg-dle3400w::will-not-start","[{""id"":""lg-dryer-start"",""kind"":""manufacturer-troubleshooting"",""title"":""LG dryer power and start checks"",""publisher"":""LG"",""url"":""https://www.lg.com/us/support/help-library/power-issues-laundry-dryer--20150394890820"",""appliesTo"":""LG electric dryers; visible power, control-lock, door, and cycle observations only"",""lastVerified"":""2026-08-29""}]","","false","","Purchase promotion is limited to the category's separately reviewed default component route."
"lg-dle3400w__not-heating","lg-dle3400w","dryer","LG","DLE3400W","family-only","[]","not-heating","true","guided-checks","lg-dle3400w::not-heating","[{""id"":""lg-dryer-heat"",""kind"":""manufacturer-troubleshooting"",""title"":""LG dryer not-heating checks"",""publisher"":""LG"",""url"":""https://www.lg.com/us/support/help-library/not-heating-not-drying-or-long-time-drying-CT10000011-1432223739634"",""appliesTo"":""LG electric dryers; cycle, lint screen, and household vent observations only"",""lastVerified"":""2026-08-29""}]","","false","","Purchase promotion is limited to the category's separately reviewed default component route."
"lg-dle3400w__drum-will-not-turn","lg-dle3400w","dryer","LG","DLE3400W","family-only","[]","drum-will-not-turn","true","guided-checks","lg-dle3400w::drum-will-not-turn","[{""id"":""lg-dryer-drum"",""kind"":""manufacturer-troubleshooting"",""title"":""LG dryer drum-not-turning checks"",""publisher"":""LG"",""url"":""https://www.lg.com/us/support/help-library/lg-dryer-dryer-drum-not-turning--20154713270264"",""appliesTo"":""All LG dryer models; load, door, and service-stop observations only"",""lastVerified"":""2026-08-29""}]","","false","","Purchase promotion is limited to the category's separately reviewed default component route."
"ge-gss25gypfs__slow-water-flow","ge-gss25gypfs","refrigerator","GE","GSS25GYPFS","exact-code","[""GSS25GYPFS""]","slow-water-flow","true","purchase-ready","ge-gss25gypfs::slow-water-flow","[{""id"":""ge-refrigerator-water"",""kind"":""manufacturer-troubleshooting"",""title"":""GE refrigerator water-filter guidance"",""publisher"":""GE Appliances"",""url"":""https://products.geappliances.com/appliance/gea-support-search-content?contentId=17409"",""appliesTo"":""GE refrigerators with XWFE filters"",""lastVerified"":""2026-08-27""}]","","true","{""name"":""XWFE refrigerator water filter"",""sku"":""XWFE"",""compatibleProductCodes"":[""GSS25GYPFS""],""installBoundary"":""user-replaceable"",""compatibilityEvidence"":[{""id"":""ge-xwfe"",""kind"":""manufacturer-part"",""title"":""GE GSS25GYPFS replacement-parts listing"",""publisher"":""GE Appliances"",""url"":""https://products.geappliances.com/appliance/gea-specs/gss25gypfs/parts"",""appliesTo"":""GE GSS25GYPFS"",""lastVerified"":""2026-08-27""}],""sellerOffer"":{""provider"":""shopify-global-catalog"",""protocol"":""UCP"",""query"":""GE XWFE refrigerator water filter exact part"",""exactSku"":""XWFE"",""offerCountAtVerification"":19,""lastVerified"":""2026-08-27""}}",""
"ge-gss25gypfs__door-will-not-close","ge-gss25gypfs","refrigerator","GE","GSS25GYPFS","exact-code","[""GSS25GYPFS""]","door-will-not-close","true","guided-checks","ge-gss25gypfs::door-will-not-close","[{""id"":""ge-refrigerator-door"",""kind"":""manufacturer-troubleshooting"",""title"":""GE refrigerator door will not close"",""publisher"":""GE Appliances"",""url"":""https://products.geappliances.com/appliance/gea-support-search-content?contentId=18947"",""appliesTo"":""GE refrigerators and freezers; built-in leveling exclusions apply"",""lastVerified"":""2026-08-28""}]","","false","","Purchase promotion is limited to the category's separately reviewed default component route."
"ge-gss25gypfs__not-cooling","ge-gss25gypfs","refrigerator","GE","GSS25GYPFS","exact-code","[""GSS25GYPFS""]","not-cooling","true","guided-checks","ge-gss25gypfs::not-cooling","[{""id"":""ge-refrigerator-cooling"",""kind"":""manufacturer-troubleshooting"",""title"":""GE refrigerator not-cooling-enough checks"",""publisher"":""GE Appliances"",""url"":""https://products.geappliances.com/appliance/gea-support-search-content?contentId=21185"",""appliesTo"":""GE full-size refrigerators; settings, room conditions, airflow, door, and light observations only"",""lastVerified"":""2026-08-29""}]","","false","","Purchase promotion is limited to the category's separately reviewed default component route."
"ge-gss25gypfs__is-leaking","ge-gss25gypfs","refrigerator","GE","GSS25GYPFS","exact-code","[""GSS25GYPFS""]","is-leaking","true","guided-checks","ge-gss25gypfs::is-leaking","[{""id"":""ge-refrigerator-leak"",""kind"":""manufacturer-troubleshooting"",""title"":""GE refrigerator icemaker leak stop guidance"",""publisher"":""GE Appliances"",""url"":""https://products.geappliances.com/appliance/gea-support-search-content?contentId=19092"",""appliesTo"":""GE refrigerators with factory icemakers; turn-off and household-water stop only"",""lastVerified"":""2026-08-29""}]","","false","","Purchase promotion is limited to the category's separately reviewed default component route."
"ge-gss25gypfs__ice-maker-not-making-ice","ge-gss25gypfs","refrigerator","GE","GSS25GYPFS","exact-code","[""GSS25GYPFS""]","ice-maker-not-making-ice","true","guided-checks","ge-gss25gypfs::ice-maker-not-making-ice","[{""id"":""ge-refrigerator-ice"",""kind"":""manufacturer-troubleshooting"",""title"":""GE refrigerator icemaker no-ice checks"",""publisher"":""GE Appliances"",""url"":""https://products.geappliances.com/appliance/gea-support-search-content?contentId=39364"",""appliesTo"":""GE refrigerators with factory icemakers; power, temperature, filter-age, and visible ice-bin checks only"",""lastVerified"":""2026-08-29""}]","","false","","Purchase promotion is limited to the category's separately reviewed default component route."
"whirlpool-wrs315sdhz__slow-water-flow","whirlpool-wrs315sdhz","refrigerator","Whirlpool","WRS315SDHZ","exact-code","[""WRS315SDHZ08""]","slow-water-flow","true","purchase-ready","whirlpool-wrs315sdhz::slow-water-flow","[{""id"":""whirlpool-refrigerator-support"",""kind"":""manufacturer-troubleshooting"",""title"":""Whirlpool refrigerator water and filter support"",""publisher"":""Whirlpool"",""url"":""https://producthelp.whirlpool.com/Refrigeration/Full-Size_Refrigerators/Product_Info/Water_Filter_Information"",""appliesTo"":""Whirlpool refrigerators"",""lastVerified"":""2026-08-27""}]","","true","{""name"":""EveryDrop 1 refrigerator water filter"",""sku"":""EDR1RXD1"",""compatibleProductCodes"":[""WRS315SDHZ08""],""installBoundary"":""user-replaceable"",""compatibilityEvidence"":[{""id"":""whirlpool-edr1rxd1-wrs315sdhz08"",""kind"":""authorized-parts"",""title"":""Whirlpool WRS315SDHZ08 water-filter parts listing"",""publisher"":""Whirlpool Parts"",""url"":""https://www.whirlpoolparts.com/Shop-For-Parts/i183d2454535/Model-WRS315SDHZ08-Water-Filter-Parts"",""appliesTo"":""Whirlpool WRS315SDHZ08"",""lastVerified"":""2026-08-27""}],""sellerOffer"":{""provider"":""shopify-global-catalog"",""protocol"":""UCP"",""query"":""Whirlpool EveryDrop EDR1RXD1 refrigerator water filter exact part"",""exactSku"":""EDR1RXD1"",""offerCountAtVerification"":16,""lastVerified"":""2026-08-27""}}",""
"whirlpool-wrs315sdhz__door-will-not-close","whirlpool-wrs315sdhz","refrigerator","Whirlpool","WRS315SDHZ","exact-code","[""WRS315SDHZ08""]","door-will-not-close","true","guided-checks","whirlpool-wrs315sdhz::door-will-not-close","[{""id"":""whirlpool-refrigerator-door"",""kind"":""manufacturer-troubleshooting"",""title"":""Whirlpool refrigerator doors not closing properly"",""publisher"":""Whirlpool"",""url"":""https://producthelp.whirlpool.com/Refrigeration/Full-Size_Refrigerators/Product_Info/Installation_Support/Doors_Not_Closing_Properly"",""appliesTo"":""Whirlpool full-size refrigerators; French-door mullion guidance only on French-door models"",""lastVerified"":""2026-08-28""}]","","false","","Purchase promotion is limited to the category's separately reviewed default component route."
"whirlpool-wrs315sdhz__not-cooling","whirlpool-wrs315sdhz","refrigerator","Whirlpool","WRS315SDHZ","exact-code","[""WRS315SDHZ08""]","not-cooling","true","guided-checks","whirlpool-wrs315sdhz::not-cooling","[{""id"":""whirlpool-refrigerator-cooling"",""kind"":""manufacturer-troubleshooting"",""title"":""Whirlpool refrigerator not-cooling checks"",""publisher"":""Whirlpool"",""url"":""https://producthelp.whirlpool.com/Refrigeration/Full-Size_Refrigerators/All_Refrigerator/Operation/Temperature_Concerns/Not_Cooling"",""appliesTo"":""Whirlpool full-size refrigerators; settings, room conditions, airflow, door, and food-safety observations only"",""lastVerified"":""2026-08-29""}]","","false","","Purchase promotion is limited to the category's separately reviewed default component route."
"whirlpool-wrs315sdhz__is-leaking","whirlpool-wrs315sdhz","refrigerator","Whirlpool","WRS315SDHZ","exact-code","[""WRS315SDHZ08""]","is-leaking","true","guided-checks","whirlpool-wrs315sdhz::is-leaking","[{""id"":""whirlpool-refrigerator-leak"",""kind"":""manufacturer-troubleshooting"",""title"":""Whirlpool refrigerator water-on-floor checks"",""publisher"":""Whirlpool"",""url"":""https://producthelp.whirlpool.com/Refrigeration/Full-Size_Refrigerators/Product_Info/Installation_Support/What_to_Do_if_There_is_Water_on_the_Floor"",""appliesTo"":""Whirlpool refrigerators with factory water/ice systems; visible filter, supply, and floor-water checks only"",""lastVerified"":""2026-08-29""}]","","false","","Purchase promotion is limited to the category's separately reviewed default component route."
"whirlpool-wrs315sdhz__ice-maker-not-making-ice","whirlpool-wrs315sdhz","refrigerator","Whirlpool","WRS315SDHZ","exact-code","[""WRS315SDHZ08""]","ice-maker-not-making-ice","true","guided-checks","whirlpool-wrs315sdhz::ice-maker-not-making-ice","[{""id"":""whirlpool-refrigerator-ice"",""kind"":""manufacturer-troubleshooting"",""title"":""Whirlpool refrigerator water-supply checks"",""publisher"":""Whirlpool"",""url"":""https://producthelp.whirlpool.com/Refrigeration/Full-Size_Refrigerators/Product_Info/Installation_Support/How_to_Check_the_Water_Supply_Line"",""appliesTo"":""Whirlpool refrigerators with factory icemakers; visible household water, supply-line, and leak observations only"",""lastVerified"":""2026-08-29""}]","","false","","Purchase promotion is limited to the category's separately reviewed default component route."
"samsung-rf28t5001sr__slow-water-flow","samsung-rf28t5001sr","refrigerator","Samsung","RF28T5001SR","exact-code","[""RF28T5001SR/AA""]","slow-water-flow","true","purchase-ready","samsung-rf28t5001sr::slow-water-flow","[{""id"":""samsung-refrigerator-support"",""kind"":""manufacturer-troubleshooting"",""title"":""Samsung refrigerator water-filter support"",""publisher"":""Samsung"",""url"":""https://www.samsung.com/us/support/troubleshoot/TSG10003791/"",""appliesTo"":""Samsung refrigerators"",""lastVerified"":""2026-08-27""}]","","true","{""name"":""HAF-QIN refrigerator water filter"",""sku"":""DA97-17376B"",""compatibleProductCodes"":[""RF28T5001SR/AA""],""installBoundary"":""user-replaceable"",""compatibilityEvidence"":[{""id"":""samsung-da97-17376b-rf28t5001sr-aa"",""kind"":""manufacturer-part"",""title"":""Samsung RF28T5001SR specifications naming the HAF-QIN filter"",""publisher"":""Samsung"",""url"":""https://image-us.samsung.com/SamsungUS/home/home-appliances/refrigerators/3-door-french-door/pdp/rf28t5001/RF28T5001SR.pdf"",""appliesTo"":""Samsung RF28T5001SR/AA"",""lastVerified"":""2026-08-27""}],""sellerOffer"":{""provider"":""shopify-global-catalog"",""protocol"":""UCP"",""query"":""Samsung HAF-QIN DA97-17376B refrigerator water filter exact part"",""exactSku"":""DA97-17376B"",""offerCountAtVerification"":20,""lastVerified"":""2026-08-27""}}",""
"samsung-rf28t5001sr__door-will-not-close","samsung-rf28t5001sr","refrigerator","Samsung","RF28T5001SR","exact-code","[""RF28T5001SR/AA""]","door-will-not-close","true","guided-checks","samsung-rf28t5001sr::door-will-not-close","[{""id"":""samsung-refrigerator-door"",""kind"":""manufacturer-troubleshooting"",""title"":""Samsung refrigerator or freezer doors will not close"",""publisher"":""Samsung"",""url"":""https://www.samsung.com/us/support/troubleshoot/TSG10007112/"",""appliesTo"":""Samsung refrigerators; drawer, showcase, flap, and alignment branches are topology-specific"",""lastVerified"":""2026-08-28""}]","","false","","Purchase promotion is limited to the category's separately reviewed default component route."
"samsung-rf28t5001sr__not-cooling","samsung-rf28t5001sr","refrigerator","Samsung","RF28T5001SR","exact-code","[""RF28T5001SR/AA""]","not-cooling","true","guided-checks","samsung-rf28t5001sr::not-cooling","[{""id"":""samsung-refrigerator-cooling"",""kind"":""manufacturer-troubleshooting"",""title"":""Samsung refrigerator cooling checks"",""publisher"":""Samsung"",""url"":""https://www.samsung.com/us/support/troubleshoot/TSG10003479/"",""appliesTo"":""Samsung full-size refrigerators; error, settings, cooling mode, door seal, and food-safety observations only"",""lastVerified"":""2026-08-29""}]","","false","","Purchase promotion is limited to the category's separately reviewed default component route."
"samsung-rf28t5001sr__is-leaking","samsung-rf28t5001sr","refrigerator","Samsung","RF28T5001SR","exact-code","[""RF28T5001SR/AA""]","is-leaking","true","guided-checks","samsung-rf28t5001sr::is-leaking","[{""id"":""samsung-refrigerator-leak"",""kind"":""manufacturer-troubleshooting"",""title"":""Samsung refrigerator leak checks"",""publisher"":""Samsung"",""url"":""https://www.samsung.com/us/support/troubleshoot/TSG10003766/"",""appliesTo"":""Samsung refrigerators with factory water/ice systems; visible source, filter, supply, and service-stop observations only"",""lastVerified"":""2026-08-29""}]","","false","","Purchase promotion is limited to the category's separately reviewed default component route."
"samsung-rf28t5001sr__ice-maker-not-making-ice","samsung-rf28t5001sr","refrigerator","Samsung","RF28T5001SR","exact-code","[""RF28T5001SR/AA""]","ice-maker-not-making-ice","true","guided-checks","samsung-rf28t5001sr::ice-maker-not-making-ice","[{""id"":""samsung-refrigerator-ice"",""kind"":""manufacturer-troubleshooting"",""title"":""Samsung refrigerator ice-maker checks"",""publisher"":""Samsung"",""url"":""https://www.samsung.com/us/support/troubleshoot/TSG10002387/"",""appliesTo"":""Samsung refrigerators with factory icemakers; seal, power, water supply, temperature, and visible bin checks only; model-specific reset excluded"",""lastVerified"":""2026-08-29""}]","","false","","Purchase promotion is limited to the category's separately reviewed default component route."
"lg-lrflc2706s__slow-water-flow","lg-lrflc2706s","refrigerator","LG","LRFLC2706S","exact-code","[""LRFLC2706S.ASTCNA0""]","slow-water-flow","true","purchase-ready","lg-lrflc2706s::slow-water-flow","[{""id"":""lg-refrigerator-support"",""kind"":""manufacturer-troubleshooting"",""title"":""LG refrigerator water-filter support"",""publisher"":""LG"",""url"":""https://www.lg.com/us/support/help-library/lg-refrigerator-how-to-replace-the-water-filter--20153120724998"",""appliesTo"":""LG refrigerators"",""lastVerified"":""2026-08-27""}]","","true","{""name"":""LT1000P refrigerator water filter"",""sku"":""LT1000P"",""compatibleProductCodes"":[""LRFLC2706S.ASTCNA0""],""installBoundary"":""user-replaceable"",""compatibilityEvidence"":[{""id"":""lg-lt1000p-lrflc2706s-astcna0"",""kind"":""manufacturer-part"",""title"":""LG LRFLC2706S specifications naming the LT1000P filter"",""publisher"":""LG"",""url"":""https://www.lg.com/us/business/download/resources/CT00021979/LRFLC2706S_LG_Pro_Builder_Spec_Sheet%5B20240531_231311%5D.pdf"",""appliesTo"":""LG LRFLC2706S.ASTCNA0"",""lastVerified"":""2026-08-27""}],""sellerOffer"":{""provider"":""shopify-global-catalog"",""protocol"":""UCP"",""query"":""LG LT1000P refrigerator water filter exact part"",""exactSku"":""LT1000P"",""offerCountAtVerification"":20,""lastVerified"":""2026-08-27""}}",""
"lg-lrflc2706s__door-will-not-close","lg-lrflc2706s","refrigerator","LG","LRFLC2706S","exact-code","[""LRFLC2706S.ASTCNA0""]","door-will-not-close","true","guided-checks","lg-lrflc2706s::door-will-not-close","[{""id"":""lg-refrigerator-door"",""kind"":""manufacturer-troubleshooting"",""title"":""LG refrigerator door not closing properly"",""publisher"":""LG"",""url"":""https://www.lg.com/us/support/help-library/lg-refrigerator-how-to-troubleshoot-a-refrigerator-door-not-closing-properly-CT10000021-20153109606488"",""appliesTo"":""LG refrigerators; all-model article with model-dependent visuals"",""lastVerified"":""2026-08-28""}]","","false","","Purchase promotion is limited to the category's separately reviewed default component route."
"lg-lrflc2706s__not-cooling","lg-lrflc2706s","refrigerator","LG","LRFLC2706S","exact-code","[""LRFLC2706S.ASTCNA0""]","not-cooling","true","guided-checks","lg-lrflc2706s::not-cooling","[{""id"":""lg-refrigerator-cooling"",""kind"":""manufacturer-troubleshooting"",""title"":""LG refrigerator cooling troubleshooting"",""publisher"":""LG"",""url"":""https://www.lg.com/us/support/help-library/lg-refrigerator-not-cooling-CT10000021-1429710717769"",""appliesTo"":""LG full-size refrigerators; settings, door, airflow, and food-safety observations only"",""lastVerified"":""2026-08-29""}]","","false","","Purchase promotion is limited to the category's separately reviewed default component route."
"lg-lrflc2706s__is-leaking","lg-lrflc2706s","refrigerator","LG","LRFLC2706S","exact-code","[""LRFLC2706S.ASTCNA0""]","is-leaking","true","guided-checks","lg-lrflc2706s::is-leaking","[{""id"":""lg-refrigerator-leak"",""kind"":""manufacturer-troubleshooting"",""title"":""LG refrigerator leak troubleshooting"",""publisher"":""LG"",""url"":""https://www.lg.com/us/support/help-library/lg-refrigerator-troubleshooting-a-leaking-refrigerator--20152715569705"",""appliesTo"":""LG refrigerators with factory water/ice systems; visible source, shutoff, filter, and service-stop observations only"",""lastVerified"":""2026-08-29""}]","","false","","Purchase promotion is limited to the category's separately reviewed default component route."
"lg-lrflc2706s__ice-maker-not-making-ice","lg-lrflc2706s","refrigerator","LG","LRFLC2706S","exact-code","[""LRFLC2706S.ASTCNA0""]","ice-maker-not-making-ice","true","guided-checks","lg-lrflc2706s::ice-maker-not-making-ice","[{""id"":""lg-refrigerator-ice"",""kind"":""manufacturer-troubleshooting"",""title"":""LG refrigerator no-ice checks"",""publisher"":""LG"",""url"":""https://www.lg.com/us/support/help-library/lg-refrigerator-why-is-my-refrigerator-not-making-ice-CT10000021-1400773605181"",""appliesTo"":""LG refrigerators with factory icemakers; temperature, power, water, and visible bin checks only; test-mode instructions excluded"",""lastVerified"":""2026-08-29""}]","","false","","Purchase promotion is limited to the category's separately reviewed default component route."
"frigidaire-fftw4120sw__will-not-drain","frigidaire-fftw4120sw","washer","Frigidaire","FFTW4120SW","family-only","[]","will-not-drain","true","guided-checks","frigidaire-fftw4120sw::will-not-drain","[{""id"":""frigidaire-washer-support"",""kind"":""manufacturer-troubleshooting"",""title"":""Frigidaire washer not-draining guidance"",""publisher"":""Frigidaire"",""url"":""https://owner.frigidaire.com/support-articles/article/1853127-what-to-do-if-your-washer-is-not-draining"",""appliesTo"":""Frigidaire washers"",""lastVerified"":""2026-08-27""}]","","false","","A complete revision code is not independently verified for this catalog identity."
"frigidaire-fftw4120sw__door-will-not-close","frigidaire-fftw4120sw","washer","Frigidaire","FFTW4120SW","family-only","[]","door-will-not-close","true","guided-checks","frigidaire-fftw4120sw::door-will-not-close","[{""id"":""washer-frigidaire-top-closure"",""kind"":""manufacturer-troubleshooting"",""title"":""Frigidaire Door or lid will not close owner guidance"",""publisher"":""Frigidaire"",""url"":""https://owner.frigidaire.com/support-articles/article/1829706-laundry-top-loading-washer-displaying-error-code-e3-washer-lid-open-or-lid-lock-failed-"",""appliesTo"":""Frigidaire top-load washers"",""lastVerified"":""2026-08-29""}]","","false","","Purchase promotion is limited to the category's separately reviewed default component route."
"frigidaire-fftw4120sw__will-not-start","frigidaire-fftw4120sw","washer","Frigidaire","FFTW4120SW","family-only","[]","will-not-start","true","guided-checks","frigidaire-fftw4120sw::will-not-start","[{""id"":""frigidaire-washer-start"",""kind"":""manufacturer-troubleshooting"",""title"":""Frigidaire washer start checks"",""publisher"":""Frigidaire"",""url"":""https://owner.frigidaire.com/support-articles/article/1853029-what-should-i-do-if-my-washer-does-not-start-"",""appliesTo"":""Frigidaire washers; visible power, controls, closure, and water supply only"",""lastVerified"":""2026-08-29""}]","","false","","Purchase promotion is limited to the category's separately reviewed default component route."
"frigidaire-fftw4120sw__will-not-spin","frigidaire-fftw4120sw","washer","Frigidaire","FFTW4120SW","family-only","[]","will-not-spin","true","guided-checks","frigidaire-fftw4120sw::will-not-spin","[{""id"":""frigidaire-washer-spin"",""kind"":""manufacturer-troubleshooting"",""title"":""Frigidaire washer spin checks"",""publisher"":""Frigidaire"",""url"":""https://owner.frigidaire.com/support-articles/article/1853131-how-to-fix-your-washer-not-spinning"",""appliesTo"":""Frigidaire washers; visible load, drain, and closure observations only"",""lastVerified"":""2026-08-29""}]","","false","","Purchase promotion is limited to the category's separately reviewed default component route."
"frigidaire-fftw4120sw__is-leaking","frigidaire-fftw4120sw","washer","Frigidaire","FFTW4120SW","family-only","[]","is-leaking","true","guided-checks","frigidaire-fftw4120sw::is-leaking","[{""id"":""frigidaire-washer-leak"",""kind"":""manufacturer-troubleshooting"",""title"":""Frigidaire washer leak checks"",""publisher"":""Frigidaire"",""url"":""https://owner.frigidaire.com/support-articles/article/1853025-what-should-i-do-if-my-washer-is-leaking-"",""appliesTo"":""Frigidaire washers; visible drain, hose, detergent, and suds checks only"",""lastVerified"":""2026-08-29""}]","","false","","Purchase promotion is limited to the category's separately reviewed default component route."
"frigidaire-fffw5000qw__will-not-drain","frigidaire-fffw5000qw","washer","Frigidaire","FFFW5000QW","family-only","[]","will-not-drain","true","guided-checks","frigidaire-fffw5000qw::will-not-drain","[{""id"":""frigidaire-washer-support"",""kind"":""manufacturer-troubleshooting"",""title"":""Frigidaire washer not-draining guidance"",""publisher"":""Frigidaire"",""url"":""https://owner.frigidaire.com/support-articles/article/1853127-what-to-do-if-your-washer-is-not-draining"",""appliesTo"":""Frigidaire washers"",""lastVerified"":""2026-08-27""}]","","false","","A complete revision code is not independently verified for this catalog identity."
"frigidaire-fffw5000qw__door-will-not-close","frigidaire-fffw5000qw","washer","Frigidaire","FFFW5000QW","family-only","[]","door-will-not-close","false","unsupported","","[]","No active exact model × symptom row is backed by current primary manufacturer troubleshooting evidence.","false","","The symptom route is unsupported, so no exact-part purchase claim is permitted."
"frigidaire-fffw5000qw__will-not-start","frigidaire-fffw5000qw","washer","Frigidaire","FFFW5000QW","family-only","[]","will-not-start","true","guided-checks","frigidaire-fffw5000qw::will-not-start","[{""id"":""frigidaire-washer-start"",""kind"":""manufacturer-troubleshooting"",""title"":""Frigidaire washer start checks"",""publisher"":""Frigidaire"",""url"":""https://owner.frigidaire.com/support-articles/article/1853029-what-should-i-do-if-my-washer-does-not-start-"",""appliesTo"":""Frigidaire washers; visible power, controls, closure, and water supply only"",""lastVerified"":""2026-08-29""}]","","false","","Purchase promotion is limited to the category's separately reviewed default component route."
"frigidaire-fffw5000qw__will-not-spin","frigidaire-fffw5000qw","washer","Frigidaire","FFFW5000QW","family-only","[]","will-not-spin","true","guided-checks","frigidaire-fffw5000qw::will-not-spin","[{""id"":""frigidaire-washer-spin"",""kind"":""manufacturer-troubleshooting"",""title"":""Frigidaire washer spin checks"",""publisher"":""Frigidaire"",""url"":""https://owner.frigidaire.com/support-articles/article/1853131-how-to-fix-your-washer-not-spinning"",""appliesTo"":""Frigidaire washers; visible load, drain, and closure observations only"",""lastVerified"":""2026-08-29""}]","","false","","Purchase promotion is limited to the category's separately reviewed default component route."
"frigidaire-fffw5000qw__is-leaking","frigidaire-fffw5000qw","washer","Frigidaire","FFFW5000QW","family-only","[]","is-leaking","true","guided-checks","frigidaire-fffw5000qw::is-leaking","[{""id"":""frigidaire-washer-leak"",""kind"":""manufacturer-troubleshooting"",""title"":""Frigidaire washer leak checks"",""publisher"":""Frigidaire"",""url"":""https://owner.frigidaire.com/support-articles/article/1853025-what-should-i-do-if-my-washer-is-leaking-"",""appliesTo"":""Frigidaire washers; visible drain, hose, detergent, and suds checks only"",""lastVerified"":""2026-08-29""}]","","false","","Purchase promotion is limited to the category's separately reviewed default component route."
"amana-ntw4519jw__will-not-drain","amana-ntw4519jw","washer","Amana","NTW4519JW","family-only","[]","will-not-drain","true","guided-checks","amana-ntw4519jw::will-not-drain","[{""id"":""amana-washer-support"",""kind"":""manufacturer-troubleshooting"",""title"":""Amana washer owner support"",""publisher"":""Amana"",""url"":""https://producthelp.amana.com/Laundry/Washers"",""appliesTo"":""Amana top-load washers"",""lastVerified"":""2026-08-27""}]","","false","","A complete revision code is not independently verified for this catalog identity."
"amana-ntw4519jw__door-will-not-close","amana-ntw4519jw","washer","Amana","NTW4519JW","family-only","[]","door-will-not-close","true","guided-checks","amana-ntw4519jw::door-will-not-close","[{""id"":""amana-top-washer-lid"",""kind"":""manufacturer-troubleshooting"",""title"":""Amana top-load washer lid not latching"",""publisher"":""Amana"",""url"":""https://producthelp.amana.com/Laundry/Washers/Top_Load_Washer/Operation/Not_Operating/Lid_Not_Latching_-_Washer"",""appliesTo"":""Amana top-load washers"",""lastVerified"":""2026-08-28""}]","","false","","Purchase promotion is limited to the category's separately reviewed default component route."
"amana-ntw4519jw__will-not-start","amana-ntw4519jw","washer","Amana","NTW4519JW","family-only","[]","will-not-start","true","guided-checks","amana-ntw4519jw::will-not-start","[{""id"":""washer-amana-top-start"",""kind"":""manufacturer-troubleshooting"",""title"":""Amana Washer will not start owner guidance"",""publisher"":""Amana"",""url"":""https://producthelp.amana.com/Laundry/Washers/Top_Load_Washer/Operation/Not_Operating/Not_Starting_-_Washer"",""appliesTo"":""Amana top-load washers"",""lastVerified"":""2026-08-29""}]","","false","","Purchase promotion is limited to the category's separately reviewed default component route."
"amana-ntw4519jw__will-not-spin","amana-ntw4519jw","washer","Amana","NTW4519JW","family-only","[]","will-not-spin","true","guided-checks","amana-ntw4519jw::will-not-spin","[{""id"":""washer-amana-top-spin"",""kind"":""manufacturer-troubleshooting"",""title"":""Amana Washer will not spin owner guidance"",""publisher"":""Amana"",""url"":""https://producthelp.amana.com/Laundry/Washers/Top_Load_Washer/Cycle_Concerns/Not_Spinning_-_Washer"",""appliesTo"":""Amana top-load washers"",""lastVerified"":""2026-08-29""}]","","false","","Purchase promotion is limited to the category's separately reviewed default component route."
"amana-ntw4519jw__is-leaking","amana-ntw4519jw","washer","Amana","NTW4519JW","family-only","[]","is-leaking","true","guided-checks","amana-ntw4519jw::is-leaking","[{""id"":""washer-amana-top-leak"",""kind"":""manufacturer-troubleshooting"",""title"":""Amana Washer is leaking owner guidance"",""publisher"":""Amana"",""url"":""https://producthelp.amana.com/Laundry/Washers/Top_Load_Washer/Water/Leaking/Leaking_Water_Underneath_-_Washer"",""appliesTo"":""Amana top-load washers"",""lastVerified"":""2026-08-29""}]","","false","","Purchase promotion is limited to the category's separately reviewed default component route."
"hotpoint-htw240askws__will-not-drain","hotpoint-htw240askws","washer","Hotpoint","HTW240ASKWS","family-only","[]","will-not-drain","true","guided-checks","hotpoint-htw240askws::will-not-drain","[{""id"":""ge-top-load-no-drain"",""kind"":""manufacturer-troubleshooting"",""title"":""GE top-load washer no-drain guidance"",""publisher"":""GE Appliances"",""url"":""https://www.geappliances.com/ge/service-and-support/faq-washer.htm"",""appliesTo"":""GE top-load washers"",""lastVerified"":""2026-08-27""}]","","false","","A complete revision code is not independently verified for this catalog identity."
"hotpoint-htw240askws__door-will-not-close","hotpoint-htw240askws","washer","Hotpoint","HTW240ASKWS","family-only","[]","door-will-not-close","true","guided-checks","hotpoint-htw240askws::door-will-not-close","[{""id"":""washer-ge-hotpoint-top-owner-manual"",""kind"":""manufacturer-troubleshooting"",""title"":""GE Appliances Door or lid will not close owner guidance"",""publisher"":""GE Appliances"",""url"":""https://images.salsify.com/image/upload/s--AKgAhUAs--/r4yctjlrytehsjedypih.pdf"",""appliesTo"":""GTW485, GTW465, GTW385, GTW335, GTW325, HTW265 and HTW240 families named in the manual"",""lastVerified"":""2026-08-29""}]","","false","","Purchase promotion is limited to the category's separately reviewed default component route."
"hotpoint-htw240askws__will-not-start","hotpoint-htw240askws","washer","Hotpoint","HTW240ASKWS","family-only","[]","will-not-start","true","guided-checks","hotpoint-htw240askws::will-not-start","[{""id"":""washer-ge-hotpoint-top-owner-manual"",""kind"":""manufacturer-troubleshooting"",""title"":""GE Appliances Door or lid will not close owner guidance"",""publisher"":""GE Appliances"",""url"":""https://images.salsify.com/image/upload/s--AKgAhUAs--/r4yctjlrytehsjedypih.pdf"",""appliesTo"":""GTW485, GTW465, GTW385, GTW335, GTW325, HTW265 and HTW240 families named in the manual"",""lastVerified"":""2026-08-29""}]","","false","","Purchase promotion is limited to the category's separately reviewed default component route."
"hotpoint-htw240askws__will-not-spin","hotpoint-htw240askws","washer","Hotpoint","HTW240ASKWS","family-only","[]","will-not-spin","true","guided-checks","hotpoint-htw240askws::will-not-spin","[{""id"":""washer-ge-hotpoint-top-owner-manual"",""kind"":""manufacturer-troubleshooting"",""title"":""GE Appliances Door or lid will not close owner guidance"",""publisher"":""GE Appliances"",""url"":""https://images.salsify.com/image/upload/s--AKgAhUAs--/r4yctjlrytehsjedypih.pdf"",""appliesTo"":""GTW485, GTW465, GTW385, GTW335, GTW325, HTW265 and HTW240 families named in the manual"",""lastVerified"":""2026-08-29""}]","","false","","Purchase promotion is limited to the category's separately reviewed default component route."
"hotpoint-htw240askws__is-leaking","hotpoint-htw240askws","washer","Hotpoint","HTW240ASKWS","family-only","[]","is-leaking","true","guided-checks","hotpoint-htw240askws::is-leaking","[{""id"":""washer-ge-hotpoint-top-owner-manual"",""kind"":""manufacturer-troubleshooting"",""title"":""GE Appliances Door or lid will not close owner guidance"",""publisher"":""GE Appliances"",""url"":""https://images.salsify.com/image/upload/s--AKgAhUAs--/r4yctjlrytehsjedypih.pdf"",""appliesTo"":""GTW485, GTW465, GTW385, GTW335, GTW325, HTW265 and HTW240 families named in the manual"",""lastVerified"":""2026-08-29""}]","","false","","Purchase promotion is limited to the category's separately reviewed default component route."
"lg-ldfn4542s__will-not-drain","lg-ldfn4542s","dishwasher","LG","LDFN4542S","exact-code","[""LDFN4542S.ASSESNA""]","will-not-drain","true","guided-checks","lg-ldfn4542s::will-not-drain","[{""id"":""lg-dishwasher-support"",""kind"":""manufacturer-troubleshooting"",""title"":""LG dishwasher owner support"",""publisher"":""LG"",""url"":""https://www.lg.com/us/support/product/lg-LDFN4542S.ASSESNA"",""appliesTo"":""LG LDFN4542S"",""lastVerified"":""2026-08-27""}]","","false","","No accepted complete-revision → one exact-SKU compatibility chain plus separately verified seller offer is recorded."
"lg-ldfn4542s__door-will-not-close","lg-ldfn4542s","dishwasher","LG","LDFN4542S","exact-code","[""LDFN4542S.ASSESNA""]","door-will-not-close","true","guided-checks","lg-ldfn4542s::door-will-not-close","[{""id"":""dishwasher-lg-ldfn4542-door-manual"",""kind"":""manufacturer-troubleshooting"",""title"":""LDFN4542S exact support page and owner's manual index"",""publisher"":""LG"",""url"":""https://www.lg.com/us/support/product/lg-LDFN4542S.ASSESNA"",""appliesTo"":""LDFN4542S.ASSESNA only; the indexed owner's manual directs checking that the door is completely closed and latched"",""lastVerified"":""2026-08-29""}]","","false","","Purchase promotion is limited to the category's separately reviewed default component route."
"lg-ldfn4542s__not-cleaning","lg-ldfn4542s","dishwasher","LG","LDFN4542S","exact-code","[""LDFN4542S.ASSESNA""]","not-cleaning","true","guided-checks","lg-ldfn4542s::not-cleaning","[{""id"":""lg-dishwasher-cleaning"",""kind"":""manufacturer-troubleshooting"",""title"":""LG dishwasher cleaning-performance maintenance"",""publisher"":""LG"",""url"":""https://www.lg.com/us/support/help-library/lg-dishwasher-maintenance--1433962981524"",""appliesTo"":""LG dishwashers; loading, water temperature, and visible spray obstruction; filter removal excluded unless the exact manual matches"",""lastVerified"":""2026-08-29""}]","","false","","Purchase promotion is limited to the category's separately reviewed default component route."
"lg-ldfn4542s__will-not-fill","lg-ldfn4542s","dishwasher","LG","LDFN4542S","exact-code","[""LDFN4542S.ASSESNA""]","will-not-fill","true","guided-checks","lg-ldfn4542s::will-not-fill","[{""id"":""lg-dishwasher-fill"",""kind"":""manufacturer-troubleshooting"",""title"":""LG dishwasher no-water checks"",""publisher"":""LG"",""url"":""https://www.lg.com/us/support/help-library/dishwasher-no-water-ie-error-code--20154712581272"",""appliesTo"":""All LG dishwasher models; household water and visible supply-hose checks only"",""lastVerified"":""2026-08-29""}]","","false","","Purchase promotion is limited to the category's separately reviewed default component route."
"lg-ldfn4542s__is-leaking","lg-ldfn4542s","dishwasher","LG","LDFN4542S","exact-code","[""LDFN4542S.ASSESNA""]","is-leaking","true","guided-checks","lg-ldfn4542s::is-leaking","[{""id"":""lg-dishwasher-leak"",""kind"":""manufacturer-troubleshooting"",""title"":""LG dishwasher leak-code and suds guidance"",""publisher"":""LG"",""url"":""https://www.lg.com/us/support/help-library/lg-dishwasher-guide-to-error-codes--20154464775480"",""appliesTo"":""LG dishwashers; stop, suds, and error-code observations only"",""lastVerified"":""2026-08-29""}]","","false","","Purchase promotion is limited to the category's separately reviewed default component route."
"samsung-dw80cg4021sr__will-not-drain","samsung-dw80cg4021sr","dishwasher","Samsung","DW80CG4021SR","exact-code","[""DW80CG4021SR/AA""]","will-not-drain","true","purchase-ready","samsung-dw80cg4021sr::will-not-drain","[{""id"":""samsung-dishwasher-support"",""kind"":""manufacturer-troubleshooting"",""title"":""Samsung dishwasher owner support"",""publisher"":""Samsung"",""url"":""https://www.samsung.com/us/support/troubleshoot/TSG10004498/"",""appliesTo"":""Samsung dishwashers"",""lastVerified"":""2026-08-27""}]","","true","{""name"":""Samsung dishwasher drain pump"",""sku"":""DD81-02635A"",""compatibleProductCodes"":[""DW80CG4021SR/AA""],""installBoundary"":""professional-only"",""compatibilityEvidence"":[{""id"":""samsung-dw80cg4021sr-dd81-02635a"",""kind"":""authorized-parts"",""title"":""Samsung-authorized exact-model parts list naming pump-drain DD81-02635A"",""publisher"":""Encompass"",""url"":""https://partstore.encompass.com/model/SMGDW80CG4021SRAA"",""appliesTo"":""Samsung DW80CG4021SR/AA uses drain pump DD81-02635A"",""lastVerified"":""2026-08-29""},{""id"":""samsung-dd81-02635a-identity-2026-08-29"",""kind"":""authorized-parts"",""title"":""Samsung-authorized Encompass DD81-02635A drain-pump page"",""publisher"":""Encompass"",""url"":""https://encompass.com/item/12313027/Samsung/DD81-02635A/"",""appliesTo"":""Samsung drain pump DD81-02635A; exact appliance fit is established on authorized model pages"",""lastVerified"":""2026-08-29""}],""sellerOffer"":{""provider"":""shopify-global-catalog"",""protocol"":""UCP"",""query"":""Samsung DD81-02635A dishwasher drain pump exact part"",""exactSku"":""DD81-02635A"",""offerCountAtVerification"":5,""lastVerified"":""2026-08-29""}}",""
"samsung-dw80cg4021sr__door-will-not-close","samsung-dw80cg4021sr","dishwasher","Samsung","DW80CG4021SR","exact-code","[""DW80CG4021SR/AA""]","door-will-not-close","true","guided-checks","samsung-dw80cg4021sr::door-will-not-close","[{""id"":""samsung-dishwasher-door"",""kind"":""manufacturer-troubleshooting"",""title"":""Samsung dishwasher door does not close"",""publisher"":""Samsung"",""url"":""https://www.samsung.com/us/support/troubleshooting/TSG01001919/"",""appliesTo"":""Samsung dishwashers; AutoRelease step only on equipped models"",""lastVerified"":""2026-08-28""}]","","false","","Purchase promotion is limited to the category's separately reviewed default component route."
"samsung-dw80cg4021sr__not-cleaning","samsung-dw80cg4021sr","dishwasher","Samsung","DW80CG4021SR","exact-code","[""DW80CG4021SR/AA""]","not-cleaning","true","guided-checks","samsung-dw80cg4021sr::not-cleaning","[{""id"":""dishwasher-samsung-cleaning"",""kind"":""manufacturer-troubleshooting"",""title"":""Dishwasher cycle ends before dishes are clean"",""publisher"":""Samsung"",""url"":""https://www.samsung.com/us/support/troubleshoot/TSG10000118/"",""appliesTo"":""Samsung dishwashers"",""lastVerified"":""2026-08-29""}]","","false","","Purchase promotion is limited to the category's separately reviewed default component route."
"samsung-dw80cg4021sr__will-not-fill","samsung-dw80cg4021sr","dishwasher","Samsung","DW80CG4021SR","exact-code","[""DW80CG4021SR/AA""]","will-not-fill","true","guided-checks","samsung-dw80cg4021sr::will-not-fill","[{""id"":""dishwasher-samsung-fill"",""kind"":""manufacturer-troubleshooting"",""title"":""Samsung dishwasher water-supply error guidance"",""publisher"":""Samsung"",""url"":""https://www.samsung.com/us/support/troubleshoot/TSG10004499/"",""appliesTo"":""Samsung dishwashers reporting a water-supply error"",""lastVerified"":""2026-08-29""}]","","false","","Purchase promotion is limited to the category's separately reviewed default component route."
"samsung-dw80cg4021sr__is-leaking","samsung-dw80cg4021sr","dishwasher","Samsung","DW80CG4021SR","exact-code","[""DW80CG4021SR/AA""]","is-leaking","true","guided-checks","samsung-dw80cg4021sr::is-leaking","[{""id"":""dishwasher-samsung-leak"",""kind"":""manufacturer-troubleshooting"",""title"":""Samsung dishwasher leak guidance"",""publisher"":""Samsung"",""url"":""https://www.samsung.com/us/support/troubleshoot/TSG10010593/"",""appliesTo"":""Samsung dishwashers"",""lastVerified"":""2026-08-29""}]","","false","","Purchase promotion is limited to the category's separately reviewed default component route."
"amana-adb1400agw__will-not-drain","amana-adb1400agw","dishwasher","Amana","ADB1400AGW","exact-code","[""ADB1400AGW0""]","will-not-drain","true","purchase-ready","amana-adb1400agw::will-not-drain","[{""id"":""amana-dishwasher-filter"",""kind"":""manufacturer-troubleshooting"",""title"":""Amana dishwasher triple-filter owner manual"",""publisher"":""Amana"",""url"":""https://www.amana.com/content/dam/global/documents/201305/owners-manual-W10596250-RevA.pdf"",""appliesTo"":""Amana ADB1400AGW"",""lastVerified"":""2026-08-27""}]","","true","{""name"":""W10876537 dishwasher drain pump"",""sku"":""W10876537"",""compatibleProductCodes"":[""ADB1400AGW0""],""installBoundary"":""professional-only"",""compatibilityEvidence"":[{""id"":""amana-adb1400agw-w10876537-fit"",""kind"":""authorized-parts"",""title"":""Exact ADB1400AGW0 drain-pump listing"",""publisher"":""Whirlpool Parts"",""url"":""https://www.whirlpoolparts.com/Shop-For-Parts/a9b1c36d2150695/Model-ADB1400AGW0-Amana-Dishwasher-Pump-Parts"",""appliesTo"":""ADB1400AGW0 uses exact drain-pump SKU W10876537. The Whirlpool-authorized exact-model pump page explicitly lists W10876537 as the drain pump fitting ADB1400AGW0."",""lastVerified"":""2026-08-29""},{""id"":""demo-dishwasher-w10876537-identity"",""kind"":""authorized-parts"",""title"":""Whirlpool Parts exact part W10876537"",""publisher"":""Whirlpool Parts"",""url"":""https://www.whirlpoolparts.com/PartDetail/Drain-Pump/W10876537/4454971"",""appliesTo"":""Dishwasher drain-pump part W10876537; exact appliance fit is established separately"",""lastVerified"":""2026-08-29""}],""sellerOffer"":{""provider"":""shopify-global-catalog"",""protocol"":""UCP"",""query"":""W10876537 dishwasher drain pump exact SKU"",""exactSku"":""W10876537"",""offerCountAtVerification"":20,""lastVerified"":""2026-08-29""}}",""
"amana-adb1400agw__door-will-not-close","amana-adb1400agw","dishwasher","Amana","ADB1400AGW","exact-code","[""ADB1400AGW0""]","door-will-not-close","true","guided-checks","amana-adb1400agw::door-will-not-close","[{""id"":""dishwasher-amana-door"",""kind"":""manufacturer-troubleshooting"",""title"":""Dishwasher door will not close"",""publisher"":""Amana"",""url"":""https://producthelp.amana.com/Dishwashers/Dishwasher/Door_Concerns/Door_Will_Not_Close/Door_Will_Not_Close_-_Dishwasher"",""appliesTo"":""Amana dishwashers"",""lastVerified"":""2026-08-29""}]","","false","","Purchase promotion is limited to the category's separately reviewed default component route."
"amana-adb1400agw__not-cleaning","amana-adb1400agw","dishwasher","Amana","ADB1400AGW","exact-code","[""ADB1400AGW0""]","not-cleaning","true","guided-checks","amana-adb1400agw::not-cleaning","[{""id"":""dishwasher-amana-cleaning"",""kind"":""manufacturer-troubleshooting"",""title"":""Dishes are not clean"",""publisher"":""Amana"",""url"":""https://producthelp.amana.com/Dishwashers/Dishwasher/Wash_Performance/None_of_the_Dishes_are_Clean/Dishes_are_not_Clean"",""appliesTo"":""Amana dishwashers"",""lastVerified"":""2026-08-29""}]","","false","","Purchase promotion is limited to the category's separately reviewed default component route."
"amana-adb1400agw__will-not-fill","amana-adb1400agw","dishwasher","Amana","ADB1400AGW","exact-code","[""ADB1400AGW0""]","will-not-fill","true","guided-checks","amana-adb1400agw::will-not-fill","[{""id"":""dishwasher-amana-fill"",""kind"":""manufacturer-troubleshooting"",""title"":""Dishwasher not filling with water"",""publisher"":""Amana"",""url"":""https://producthelp.amana.com/Dishwashers/Dishwasher/Cycle_Concerns/Not_Filling%2F%2FNo_Water/Not_Filling_With_Water_-_Dishwasher"",""appliesTo"":""Amana dishwashers"",""lastVerified"":""2026-08-29""}]","","false","","Purchase promotion is limited to the category's separately reviewed default component route."
"amana-adb1400agw__is-leaking","amana-adb1400agw","dishwasher","Amana","ADB1400AGW","exact-code","[""ADB1400AGW0""]","is-leaking","true","guided-checks","amana-adb1400agw::is-leaking","[{""id"":""dishwasher-amana-leak"",""kind"":""manufacturer-troubleshooting"",""title"":""Dishwasher leaking underneath"",""publisher"":""Amana"",""url"":""https://producthelp.amana.com/Dishwashers/Dishwasher/Leaking/Underneath_or_Behind/Leaking_-_Underneath_-_Dishwasher"",""appliesTo"":""Amana dishwashers"",""lastVerified"":""2026-08-29""}]","","false","","Purchase promotion is limited to the category's separately reviewed default component route."
"frigidaire-fdph4316as__will-not-drain","frigidaire-fdph4316as","dishwasher","Frigidaire","FDPH4316AS","family-only","[]","will-not-drain","true","guided-checks","frigidaire-fdph4316as::will-not-drain","[{""id"":""frigidaire-dishwasher-support"",""kind"":""manufacturer-troubleshooting"",""title"":""Frigidaire dishwasher glass-trap and filter guide"",""publisher"":""Frigidaire"",""url"":""https://owner.frigidaire.com/support-articles/article/1829617-dishwasher-glass-trap-and-filter-guide"",""appliesTo"":""Frigidaire dishwashers"",""lastVerified"":""2026-08-27""}]","","false","","A complete revision code is not independently verified for this catalog identity."
"frigidaire-fdph4316as__door-will-not-close","frigidaire-fdph4316as","dishwasher","Frigidaire","FDPH4316AS","family-only","[]","door-will-not-close","true","guided-checks","frigidaire-fdph4316as::door-will-not-close","[{""id"":""frigidaire-dishwasher-door"",""kind"":""manufacturer-troubleshooting"",""title"":""Frigidaire dishwasher CL/Cd door-open code"",""publisher"":""Frigidaire"",""url"":""https://owner.frigidaire.com/support-articles/article/1830354-dishwasher-error-code-cl-or-cd-door-is-open"",""appliesTo"":""Frigidaire dishwashers that display CL or Cd; supports closure/latch confirmation only"",""lastVerified"":""2026-08-28""}]","","false","","Purchase promotion is limited to the category's separately reviewed default component route."
"frigidaire-fdph4316as__not-cleaning","frigidaire-fdph4316as","dishwasher","Frigidaire","FDPH4316AS","family-only","[]","not-cleaning","true","guided-checks","frigidaire-fdph4316as::not-cleaning","[{""id"":""frigidaire-dishwasher-cleaning"",""kind"":""manufacturer-troubleshooting"",""title"":""Frigidaire dishwasher not-cleaning checks"",""publisher"":""Frigidaire"",""url"":""https://owner.frigidaire.com/support-articles/article/1831286-dishwasher-not-cleaning"",""appliesTo"":""Frigidaire dishwashers; cycle, loading, detergent, and visible spray observations only"",""lastVerified"":""2026-08-29""}]","","false","","Purchase promotion is limited to the category's separately reviewed default component route."
"frigidaire-fdph4316as__will-not-fill","frigidaire-fdph4316as","dishwasher","Frigidaire","FDPH4316AS","family-only","[]","will-not-fill","true","guided-checks","frigidaire-fdph4316as::will-not-fill","[{""id"":""frigidaire-dishwasher-fill"",""kind"":""manufacturer-troubleshooting"",""title"":""Frigidaire dishwasher not-filling checks"",""publisher"":""Frigidaire"",""url"":""https://owner.frigidaire.com/support-articles/article/1835628-dishwasher-not-filling"",""appliesTo"":""Frigidaire dishwashers; household water and visible supply-line checks only"",""lastVerified"":""2026-08-29""}]","","false","","Purchase promotion is limited to the category's separately reviewed default component route."
"frigidaire-fdph4316as__is-leaking","frigidaire-fdph4316as","dishwasher","Frigidaire","FDPH4316AS","family-only","[]","is-leaking","true","guided-checks","frigidaire-fdph4316as::is-leaking","[{""id"":""frigidaire-dishwasher-leak"",""kind"":""manufacturer-troubleshooting"",""title"":""Frigidaire dishwasher water-leak checks"",""publisher"":""Frigidaire"",""url"":""https://owner.frigidaire.com/support-articles/article/1838717-dishwasher-water-leaking"",""appliesTo"":""Frigidaire dishwashers; suds, loading, and visible hose checks only"",""lastVerified"":""2026-08-29""}]","","false","","Purchase promotion is limited to the category's separately reviewed default component route."
"bosch-shem63w55n01__will-not-drain","bosch-shem63w55n01","dishwasher","Bosch","SHEM63W55N/01","exact-code","[""SHEM63W55N/01""]","will-not-drain","true","purchase-ready","bosch-shem63w55n01::will-not-drain","[{""id"":""bosch-dishwasher-drain"",""kind"":""manufacturer-troubleshooting"",""title"":""Bosch dishwasher not draining"",""publisher"":""Bosch"",""url"":""https://www.bosch-home.com/us/owner-support/get-support/support-selfhelp-dishwasher-not-draining"",""appliesTo"":""Bosch dishwashers"",""lastVerified"":""2026-08-27""}]","","true","{""name"":""Bosch dishwasher drain pump"",""sku"":""00631200"",""compatibleProductCodes"":[""SHEM63W55N/01""],""installBoundary"":""professional-only"",""compatibilityEvidence"":[{""id"":""bosch-shem63w55n01-00631200"",""kind"":""manufacturer-part"",""title"":""Bosch exact E-Nr spare-parts list containing drain pump 00631200"",""publisher"":""Bosch"",""url"":""https://www.bosch-home.com/us/en/spare-parts-list/SHEM63W55N-01"",""appliesTo"":""Bosch SHEM63W55N/01 includes drain pump 00631200"",""lastVerified"":""2026-08-29""},{""id"":""bosch-00631200-identity-2026-08-29"",""kind"":""manufacturer-part"",""title"":""Bosch 00631200 Pump-drain product page"",""publisher"":""Bosch"",""url"":""https://www.bosch-home.com/us/en/product/00631200"",""appliesTo"":""Bosch manufacturer drain pump 00631200; exact E-Nr fit is established separately"",""lastVerified"":""2026-08-29""}],""sellerOffer"":{""provider"":""shopify-global-catalog"",""protocol"":""UCP"",""query"":""Bosch 00631200 dishwasher drain pump exact part"",""exactSku"":""00631200"",""offerCountAtVerification"":5,""lastVerified"":""2026-08-29""}}",""
"bosch-shem63w55n01__door-will-not-close","bosch-shem63w55n01","dishwasher","Bosch","SHEM63W55N/01","exact-code","[""SHEM63W55N/01""]","door-will-not-close","true","guided-checks","bosch-shem63w55n01::door-will-not-close","[{""id"":""bosch-dishwasher-door"",""kind"":""manufacturer-troubleshooting"",""title"":""Bosch dishwasher troubleshooting"",""publisher"":""Bosch"",""url"":""https://www.bosch-home.com/us/owner-support/dishwashers/troubleshooting"",""appliesTo"":""Bosch dishwashers; AutoAir and error-code branches are model-specific"",""lastVerified"":""2026-08-28""}]","","false","","Purchase promotion is limited to the category's separately reviewed default component route."
"bosch-shem63w55n01__not-cleaning","bosch-shem63w55n01","dishwasher","Bosch","SHEM63W55N/01","exact-code","[""SHEM63W55N/01""]","not-cleaning","true","guided-checks","bosch-shem63w55n01::not-cleaning","[{""id"":""bosch-dishwasher-cleaning"",""kind"":""manufacturer-troubleshooting"",""title"":""Bosch dishwasher not-cleaning checks"",""publisher"":""Bosch"",""url"":""https://www.bosch-home.com/us/owner-support/get-support/support-selfhelp-dishwasher-not-cleaning-dishes"",""appliesTo"":""Bosch dishwashers; loading, detergent, water temperature, and visible spray observations only"",""lastVerified"":""2026-08-29""}]","","false","","Purchase promotion is limited to the category's separately reviewed default component route."
"bosch-shem63w55n01__will-not-fill","bosch-shem63w55n01","dishwasher","Bosch","SHEM63W55N/01","exact-code","[""SHEM63W55N/01""]","will-not-fill","true","guided-checks","bosch-shem63w55n01::will-not-fill","[{""id"":""bosch-dishwasher-fill"",""kind"":""manufacturer-troubleshooting"",""title"":""Bosch dishwasher not-drawing-water checks"",""publisher"":""Bosch"",""url"":""https://www.bosch-home.com/us/owner-support/get-support/support-selfhelp-dishwasher-not-drawing-water"",""appliesTo"":""Bosch dishwashers; household supply, visible hose, and door observations only"",""lastVerified"":""2026-08-29""}]","","false","","Purchase promotion is limited to the category's separately reviewed default component route."
"bosch-shem63w55n01__is-leaking","bosch-shem63w55n01","dishwasher","Bosch","SHEM63W55N/01","exact-code","[""SHEM63W55N/01""]","is-leaking","true","guided-checks","bosch-shem63w55n01::is-leaking","[{""id"":""bosch-dishwasher-leak"",""kind"":""manufacturer-troubleshooting"",""title"":""Bosch dishwasher leak error guidance"",""publisher"":""Bosch"",""url"":""https://www.bosch-home.com/us/owner-support/error-codes/dishwashers"",""appliesTo"":""Bosch dishwashers; visible leak or E15 condition is a stop and service boundary"",""lastVerified"":""2026-08-29""}]","","false","","Purchase promotion is limited to the category's separately reviewed default component route."
"samsung-dve45t6000w__door-will-not-close","samsung-dve45t6000w","dryer","Samsung","DVE45T6000W","exact-code","[""DVE45T6000W/A3""]","door-will-not-close","true","purchase-ready","samsung-dve45t6000w::door-will-not-close","[{""id"":""samsung-dryer-support"",""kind"":""manufacturer-troubleshooting"",""title"":""Samsung dryer owner support"",""publisher"":""Samsung"",""url"":""https://www.samsung.com/us/support/home-appliances/dryers/"",""appliesTo"":""Samsung electric dryers"",""lastVerified"":""2026-08-27""}]","","true","{""name"":""Samsung dryer door lever"",""sku"":""DC66-00814A"",""compatibleProductCodes"":[""DVE45T6000W/A3""],""installBoundary"":""professional-only"",""compatibilityEvidence"":[{""id"":""samsung-dve45t6000wa3-dc66-00814a-bom"",""kind"":""authorized-parts"",""title"":""Exact Samsung service BOM placing DC66-00814A inside the door assembly"",""publisher"":""Encompass"",""url"":""https://research.encompass.com/SMG/sb/ExplodedView_DVE45T6000W_A3_0000.pdf"",""appliesTo"":""Samsung DVE45T6000W/A3 uses door-side lever DC66-00814A; the BOM separately identifies the cabinet holder and door switch"",""lastVerified"":""2026-08-29""},{""id"":""samsung-dc66-00814a-identity-2026-08-29"",""kind"":""authorized-parts"",""title"":""Samsung service BOM identifying DC66-00814A as the door lever"",""publisher"":""Encompass"",""url"":""https://research.encompass.com/SMG/sb/ExplodedView_DVE45T6000W_A3_0000.pdf"",""appliesTo"":""Samsung service part DC66-00814A is the door-side lever; exact dryer fit is established separately for each complete model code"",""lastVerified"":""2026-08-29""}],""sellerOffer"":{""provider"":""shopify-global-catalog"",""protocol"":""UCP"",""query"":""Samsung DC66-00814A dryer door lever exact part"",""exactSku"":""DC66-00814A"",""offerCountAtVerification"":6,""lastVerified"":""2026-08-29""}}",""
"samsung-dve45t6000w__will-not-start","samsung-dve45t6000w","dryer","Samsung","DVE45T6000W","exact-code","[""DVE45T6000W/A3""]","will-not-start","true","guided-checks","samsung-dve45t6000w::will-not-start","[{""id"":""samsung-dryer-start-drum"",""kind"":""manufacturer-troubleshooting"",""title"":""Samsung dryer start and spin checks"",""publisher"":""Samsung"",""url"":""https://www.samsung.com/us/support/troubleshoot/TSG10007168/"",""appliesTo"":""Samsung dryers; error, child-lock, cycle-start, door, and service-stop observations only"",""lastVerified"":""2026-08-29""}]","","false","","Purchase promotion is limited to the category's separately reviewed default component route."
"samsung-dve45t6000w__not-heating","samsung-dve45t6000w","dryer","Samsung","DVE45T6000W","exact-code","[""DVE45T6000W/A3""]","not-heating","true","guided-checks","samsung-dve45t6000w::not-heating","[{""id"":""samsung-dryer-heat"",""kind"":""manufacturer-troubleshooting"",""title"":""Samsung dryer no-heat and airflow checks"",""publisher"":""Samsung"",""url"":""https://www.samsung.com/us/support/troubleshoot/TSG10001001/"",""appliesTo"":""Samsung vented electric dryers; timed-cycle, lint screen, and visible vent observations only"",""lastVerified"":""2026-08-29""}]","","false","","Purchase promotion is limited to the category's separately reviewed default component route."
"samsung-dve45t6000w__drum-will-not-turn","samsung-dve45t6000w","dryer","Samsung","DVE45T6000W","exact-code","[""DVE45T6000W/A3""]","drum-will-not-turn","true","guided-checks","samsung-dve45t6000w::drum-will-not-turn","[{""id"":""samsung-dryer-start-drum"",""kind"":""manufacturer-troubleshooting"",""title"":""Samsung dryer start and spin checks"",""publisher"":""Samsung"",""url"":""https://www.samsung.com/us/support/troubleshoot/TSG10007168/"",""appliesTo"":""Samsung dryers; error, child-lock, cycle-start, door, and service-stop observations only"",""lastVerified"":""2026-08-29""}]","","false","","Purchase promotion is limited to the category's separately reviewed default component route."
"electrolux-elfe7637at__door-will-not-close","electrolux-elfe7637at","dryer","Electrolux","ELFE7637AT","family-only","[]","door-will-not-close","true","guided-checks","electrolux-elfe7637at::door-will-not-close","[{""id"":""electrolux-dryer-support"",""kind"":""manufacturer-troubleshooting"",""title"":""Electrolux dryer door-open error guidance"",""publisher"":""Electrolux"",""url"":""https://owner.electrolux.com/support-articles/article/1820071-laundry-dryer-error-code-guide"",""appliesTo"":""Electrolux electric dryers"",""lastVerified"":""2026-08-27""}]","","false","","A complete revision code is not independently verified for this catalog identity."
"electrolux-elfe7637at__will-not-start","electrolux-elfe7637at","dryer","Electrolux","ELFE7637AT","family-only","[]","will-not-start","true","guided-checks","electrolux-elfe7637at::will-not-start","[{""id"":""dryer-electrolux-dryer-start"",""kind"":""manufacturer-troubleshooting"",""title"":""Electrolux dryer troubleshooting: Start control, cycle selector, door, plug, and household breaker checks."",""publisher"":""Electrolux"",""url"":""https://owner.electrolux.com/support-articles/article/1853009-what-should-i-do-if-my-dryer-does-not-start-"",""appliesTo"":""Electrolux ELFE7437AW; Content was used only for the stated visible or owner-accessible checks; unsafe and wrong-topology sections are excluded."",""lastVerified"":""2026-08-29""}]","","false","","Purchase promotion is limited to the category's separately reviewed default component route."
"electrolux-elfe7637at__not-heating","electrolux-elfe7637at","dryer","Electrolux","ELFE7637AT","family-only","[]","not-heating","true","guided-checks","electrolux-elfe7637at::not-heating","[{""id"":""dryer-electrolux-electric-dryer-heat"",""kind"":""manufacturer-troubleshooting"",""title"":""Electrolux dryer troubleshooting: Electric-dryer dual-circuit and Air Fluff checks; outlet verification is professional-only."",""publisher"":""Electrolux"",""url"":""https://owner.electrolux.com/support-articles/article/1853007-my-dryer-is-running-but-does-not-seem-to-be-heating-what-should-i-do-"",""appliesTo"":""Electrolux ELFE7437AW; Content was used only for the stated visible or owner-accessible checks; unsafe and wrong-topology sections are excluded."",""lastVerified"":""2026-08-29""}]","","false","","Purchase promotion is limited to the category's separately reviewed default component route."
"electrolux-elfe7637at__drum-will-not-turn","electrolux-elfe7637at","dryer","Electrolux","ELFE7637AT","family-only","[]","drum-will-not-turn","true","guided-checks","electrolux-elfe7637at::drum-will-not-turn","[{""id"":""dryer-electrolux-dryer-stop-overload"",""kind"":""manufacturer-troubleshooting"",""title"":""Electrolux dryer troubleshooting: Overload reduction, cool-down, and service stop for the thermal limiter."",""publisher"":""Electrolux"",""url"":""https://owner.electrolux.com/support-articles/article/1853011-what-should-i-do-if-my-dryer-stops-operating-?locale=en-US"",""appliesTo"":""Electrolux ELFE7437AW; Content was used only for the stated visible or owner-accessible checks; unsafe and wrong-topology sections are excluded."",""lastVerified"":""2026-08-29""}]","","false","","Purchase promotion is limited to the category's separately reviewed default component route."
"frigidaire-ffre4120sw__door-will-not-close","frigidaire-ffre4120sw","dryer","Frigidaire","FFRE4120SW","family-only","[]","door-will-not-close","true","guided-checks","frigidaire-ffre4120sw::door-will-not-close","[{""id"":""frigidaire-dryer-support"",""kind"":""manufacturer-troubleshooting"",""title"":""Frigidaire FFRE4120SW owner support"",""publisher"":""Frigidaire"",""url"":""https://www.frigidaire.com/en/p/owner-center/product-support/FFRE4120SW"",""appliesTo"":""Frigidaire electric dryers"",""lastVerified"":""2026-08-27""}]","","false","","A complete revision code is not independently verified for this catalog identity."
"frigidaire-ffre4120sw__will-not-start","frigidaire-ffre4120sw","dryer","Frigidaire","FFRE4120SW","family-only","[]","will-not-start","true","guided-checks","frigidaire-ffre4120sw::will-not-start","[{""id"":""dryer-frigidaire-dryer-start"",""kind"":""manufacturer-troubleshooting"",""title"":""Frigidaire dryer troubleshooting: Start control, cycle selector, door, plug, and household breaker checks."",""publisher"":""Frigidaire"",""url"":""https://owner.frigidaire.com/support-articles/article/1853009-what-should-i-do-if-my-dryer-does-not-start-"",""appliesTo"":""Frigidaire FLVE7000AW; Content was used only for the stated visible or owner-accessible checks; unsafe and wrong-topology sections are excluded."",""lastVerified"":""2026-08-29""}]","","false","","Purchase promotion is limited to the category's separately reviewed default component route."
"frigidaire-ffre4120sw__not-heating","frigidaire-ffre4120sw","dryer","Frigidaire","FFRE4120SW","family-only","[]","not-heating","true","guided-checks","frigidaire-ffre4120sw::not-heating","[{""id"":""dryer-frigidaire-electric-dryer-heat"",""kind"":""manufacturer-troubleshooting"",""title"":""Frigidaire dryer troubleshooting: Electric-dryer dual-circuit and Air Fluff checks; outlet verification is professional-only."",""publisher"":""Frigidaire"",""url"":""https://owner.frigidaire.com/support-articles/article/1853007-my-dryer-is-running-but-does-not-seem-to-be-heating-what-should-i-do-"",""appliesTo"":""Frigidaire FLVE7000AW; Content was used only for the stated visible or owner-accessible checks; unsafe and wrong-topology sections are excluded."",""lastVerified"":""2026-08-29""}]","","false","","Purchase promotion is limited to the category's separately reviewed default component route."
"frigidaire-ffre4120sw__drum-will-not-turn","frigidaire-ffre4120sw","dryer","Frigidaire","FFRE4120SW","family-only","[]","drum-will-not-turn","true","guided-checks","frigidaire-ffre4120sw::drum-will-not-turn","[{""id"":""dryer-frigidaire-dryer-stop-overload"",""kind"":""manufacturer-troubleshooting"",""title"":""Frigidaire dryer troubleshooting: Overload reduction, cool-down, and service stop for the thermal limiter."",""publisher"":""Frigidaire"",""url"":""https://owner.frigidaire.com/support-articles/article/1853011-what-should-i-do-if-my-dryer-stops-operating-"",""appliesTo"":""Frigidaire FLVE7000AW; Content was used only for the stated visible or owner-accessible checks; unsafe and wrong-topology sections are excluded."",""lastVerified"":""2026-08-29""}]","","false","","Purchase promotion is limited to the category's separately reviewed default component route."
"amana-ned4655ew__door-will-not-close","amana-ned4655ew","dryer","Amana","NED4655EW","exact-code","[""NED4655EW1""]","door-will-not-close","true","purchase-ready","amana-ned4655ew::door-will-not-close","[{""id"":""amana-dryer-support"",""kind"":""manufacturer-troubleshooting"",""title"":""Amana dryer owner support"",""publisher"":""Amana"",""url"":""https://producthelp.amana.com/Laundry/Dryers"",""appliesTo"":""Amana electric dryers"",""lastVerified"":""2026-08-27""}]","","true","{""name"":""Dryer door catch"",""sku"":""W11429587"",""compatibleProductCodes"":[""NED4655EW1""],""installBoundary"":""user-replaceable"",""compatibilityEvidence"":[{""id"":""amana-w11429587-ned4655ew1"",""kind"":""authorized-parts"",""title"":""Amana NED4655EW1 exact parts listing"",""publisher"":""Whirlpool Parts"",""url"":""https://www.whirlpoolparts.com/Shop-For-Parts/a8b1d2169040/Model-NED4655EW1-Amana-Dryer-Parts"",""appliesTo"":""Amana NED4655EW1"",""lastVerified"":""2026-08-27""}],""sellerOffer"":{""provider"":""shopify-global-catalog"",""protocol"":""UCP"",""query"":""Amana W11429587 dryer door catch exact part"",""exactSku"":""W11429587"",""offerCountAtVerification"":7,""lastVerified"":""2026-08-27""}}",""
"amana-ned4655ew__will-not-start","amana-ned4655ew","dryer","Amana","NED4655EW","exact-code","[""NED4655EW1""]","will-not-start","true","guided-checks","amana-ned4655ew::will-not-start","[{""id"":""dryer-amana-dryer-start"",""kind"":""manufacturer-troubleshooting"",""title"":""Amana dryer troubleshooting: Door, cycle, Start control, Control Lock, and visible power checks."",""publisher"":""Amana"",""url"":""https://producthelp.amana.com/Laundry/Dryers/Dryer/Operation/Not_Starting/Not_Starting_or_Not_Operating_-_Dryer"",""appliesTo"":""Amana NED5800HW; Content was used only for the stated visible or owner-accessible checks; unsafe and wrong-topology sections are excluded."",""lastVerified"":""2026-08-29""}]","","false","","Purchase promotion is limited to the category's separately reviewed default component route."
"amana-ned4655ew__not-heating","amana-ned4655ew","dryer","Amana","NED4655EW","exact-code","[""NED4655EW1""]","not-heating","true","guided-checks","amana-ned4655ew::not-heating","[{""id"":""dryer-amana-electric-dryer-heat"",""kind"":""manufacturer-troubleshooting"",""title"":""Amana dryer troubleshooting: Air Only, external vent, and electric-dryer dual-breaker checks; terminal access is excluded."",""publisher"":""Amana"",""url"":""https://producthelp.amana.com/Laundry/Dryers/Product_Info/Dryer_Product_Assistance/Dryer_is_Not_Heating"",""appliesTo"":""Amana NED5800HW; Content was used only for the stated visible or owner-accessible checks; unsafe and wrong-topology sections are excluded."",""lastVerified"":""2026-08-29""}]","","false","","Purchase promotion is limited to the category's separately reviewed default component route."
"amana-ned4655ew__drum-will-not-turn","amana-ned4655ew","dryer","Amana","NED4655EW","exact-code","[""NED4655EW1""]","drum-will-not-turn","true","guided-checks","amana-ned4655ew::drum-will-not-turn","[{""id"":""dryer-amana-dryer-tumble"",""kind"":""manufacturer-troubleshooting"",""title"":""Amana dryer troubleshooting: Visible power and Start-control observations followed by service; terminal access is excluded."",""publisher"":""Amana"",""url"":""https://producthelp.amana.com/Laundry/Dryers/Dryer/Operation/Not_Starting/Not_Tumbling_or_Spinning_-_Dryer"",""appliesTo"":""Amana NED5800HW; Content was used only for the stated visible or owner-accessible checks; unsafe and wrong-topology sections are excluded."",""lastVerified"":""2026-08-29""}]","","false","","Purchase promotion is limited to the category's separately reviewed default component route."
"hotpoint-htx24easkws__door-will-not-close","hotpoint-htx24easkws","dryer","Hotpoint","HTX24EASKWS","exact-code","[""HTX24EASK0WS""]","door-will-not-close","true","purchase-ready","hotpoint-htx24easkws::door-will-not-close","[{""id"":""ge-dryer-door"",""kind"":""manufacturer-troubleshooting"",""title"":""GE dryer door support"",""publisher"":""GE Appliances"",""url"":""https://products.geappliances.com/appliance/gea-support-search-content?contentId=16635"",""appliesTo"":""GE electric dryers"",""lastVerified"":""2026-08-27""}]","","true","{""name"":""Dryer strike"",""sku"":""WE01M10007"",""compatibleProductCodes"":[""HTX24EASK0WS""],""installBoundary"":""user-replaceable"",""compatibilityEvidence"":[{""id"":""hotpoint-htx24easkws-we01m10007-fit"",""kind"":""authorized-parts"",""title"":""Exact HTX24EASK0WS visible door-side strike listing"",""publisher"":""GE Appliances Parts"",""url"":""https://www.geapplianceparts.com/store/parts/ModelSectionParts/HTX24EASK0WS/2/0/0/0/FRONT_PANEL_%26_DOOR"",""appliesTo"":""HTX24EASK0WS uses visible door-side strike WE01M10007. Exact model assembly lists diagram 3049 Dryer strike WE01M10007 and offers it for sale."",""lastVerified"":""2026-08-29""},{""id"":""demo-dryer-we01m10007-identity"",""kind"":""authorized-parts"",""title"":""GE Appliances Parts exact door-side strike WE01M10007"",""publisher"":""GE Appliances Parts"",""url"":""https://www.geapplianceparts.com/store/parts/ModelSectionParts/HTX24EASK0WS/2/0/0/0/FRONT_PANEL_%26_DOOR"",""appliesTo"":""Dryer door-side strike WE01M10007; exact appliance fit and observation gate are established separately"",""lastVerified"":""2026-08-29""}],""sellerOffer"":{""provider"":""shopify-global-catalog"",""protocol"":""UCP"",""query"":""WE01M10007 dryer door strike exact SKU"",""exactSku"":""WE01M10007"",""offerCountAtVerification"":10,""lastVerified"":""2026-08-29""}}",""
"hotpoint-htx24easkws__will-not-start","hotpoint-htx24easkws","dryer","Hotpoint","HTX24EASKWS","exact-code","[""HTX24EASK0WS""]","will-not-start","true","guided-checks","hotpoint-htx24easkws::will-not-start","[{""id"":""dryer-ge-hotpoint-dryer-start"",""kind"":""manufacturer-troubleshooting"",""title"":""GE Appliances dryer troubleshooting: Plug, door, cycle, Start control, and breaker checks; exact Hotpoint owner pages link the GE-hosted support library."",""publisher"":""GE Appliances"",""url"":""https://products.geappliances.com/appliance/gea-support-search-content?contentId=17381"",""appliesTo"":""Hotpoint HTX26EASWWW; Content was used only for the stated visible or owner-accessible checks; unsafe and wrong-topology sections are excluded."",""lastVerified"":""2026-08-29""}]","","false","","Purchase promotion is limited to the category's separately reviewed default component route."
"hotpoint-htx24easkws__not-heating","hotpoint-htx24easkws","dryer","Hotpoint","HTX24EASKWS","exact-code","[""HTX24EASK0WS""]","not-heating","true","guided-checks","hotpoint-htx24easkws::not-heating","[{""id"":""dryer-ge-hotpoint-electric-dryer-heat"",""kind"":""manufacturer-troubleshooting"",""title"":""GE Appliances dryer troubleshooting: Heated-cycle, airflow, and household-breaker checks; cord-terminal inspection is excluded."",""publisher"":""GE Appliances"",""url"":""https://products.geappliances.com/appliance/gea-support-search-content?contentId=16921"",""appliesTo"":""Hotpoint HTX26EASWWW; Content was used only for the stated visible or owner-accessible checks; unsafe and wrong-topology sections are excluded."",""lastVerified"":""2026-08-29""}]","","false","","Purchase promotion is limited to the category's separately reviewed default component route."
"hotpoint-htx24easkws__drum-will-not-turn","hotpoint-htx24easkws","dryer","Hotpoint","HTX24EASKWS","exact-code","[""HTX24EASK0WS""]","drum-will-not-turn","true","guided-checks","hotpoint-htx24easkws::drum-will-not-turn","[{""id"":""dryer-ge-hotpoint-dryer-drum"",""kind"":""manufacturer-troubleshooting"",""title"":""GE Appliances dryer troubleshooting: Load observation and service escalation; the manufacturer's hand-turn test is deliberately excluded."",""publisher"":""GE Appliances"",""url"":""https://products.geappliances.com/appliance/gea-support-search-content?contentId=17096"",""appliesTo"":""Hotpoint HTX26EASWWW; Content was used only for the stated visible or owner-accessible checks; unsafe and wrong-topology sections are excluded."",""lastVerified"":""2026-08-29""}]","","false","","Purchase promotion is limited to the category's separately reviewed default component route."
"frigidaire-frss2623as__slow-water-flow","frigidaire-frss2623as","refrigerator","Frigidaire","FRSS2623AS","family-only","[]","slow-water-flow","true","guided-checks","frigidaire-frss2623as::slow-water-flow","[{""id"":""frigidaire-refrigerator-support"",""kind"":""manufacturer-troubleshooting"",""title"":""Frigidaire refrigerator owner support"",""publisher"":""Frigidaire"",""url"":""https://owner.frigidaire.com/support-articles/kitchen/refrigerators"",""appliesTo"":""Frigidaire refrigerators"",""lastVerified"":""2026-08-27""}]","","false","","A complete revision code is not independently verified for this catalog identity."
"frigidaire-frss2623as__door-will-not-close","frigidaire-frss2623as","refrigerator","Frigidaire","FRSS2623AS","family-only","[]","door-will-not-close","true","guided-checks","frigidaire-frss2623as::door-will-not-close","[{""id"":""frigidaire-refrigerator-door"",""kind"":""manufacturer-troubleshooting"",""title"":""Frigidaire refrigerator door issues"",""publisher"":""Frigidaire"",""url"":""https://owner.frigidaire.com/support-articles/article/refrigerators-door-issues"",""appliesTo"":""Frigidaire refrigerators"",""lastVerified"":""2026-08-28""}]","","false","","Purchase promotion is limited to the category's separately reviewed default component route."
"frigidaire-frss2623as__not-cooling","frigidaire-frss2623as","refrigerator","Frigidaire","FRSS2623AS","family-only","[]","not-cooling","true","guided-checks","frigidaire-frss2623as::not-cooling","[{""id"":""frigidaire-refrigerator-cooling"",""kind"":""manufacturer-troubleshooting"",""title"":""Frigidaire refrigerator not-cooling checks"",""publisher"":""Frigidaire"",""url"":""https://owner.frigidaire.com/support-articles/article/1898299-refrigerators-not-cooling"",""appliesTo"":""Frigidaire refrigerators; power, temperature, airflow, door-seal, and food-safety observations only"",""lastVerified"":""2026-08-29""}]","","false","","Purchase promotion is limited to the category's separately reviewed default component route."
"frigidaire-frss2623as__is-leaking","frigidaire-frss2623as","refrigerator","Frigidaire","FRSS2623AS","family-only","[]","is-leaking","true","guided-checks","frigidaire-frss2623as::is-leaking","[{""id"":""frigidaire-refrigerator-leak"",""kind"":""manufacturer-troubleshooting"",""title"":""Frigidaire refrigerator water-leak checks"",""publisher"":""Frigidaire"",""url"":""https://owner.frigidaire.com/support-articles/article/1847166-refrigerators-water-leaks"",""appliesTo"":""Frigidaire refrigerators with factory water/ice systems; visible filter, dispenser, and connection observations only"",""lastVerified"":""2026-08-29""}]","","false","","Purchase promotion is limited to the category's separately reviewed default component route."
"frigidaire-frss2623as__ice-maker-not-making-ice","frigidaire-frss2623as","refrigerator","Frigidaire","FRSS2623AS","family-only","[]","ice-maker-not-making-ice","true","guided-checks","frigidaire-frss2623as::ice-maker-not-making-ice","[{""id"":""frigidaire-refrigerator-ice"",""kind"":""manufacturer-troubleshooting"",""title"":""Frigidaire refrigerator low-ice checks"",""publisher"":""Frigidaire"",""url"":""https://owner.frigidaire.com/support-articles/article/1853036-what-should-i-do-if-my-ice-maker-is-not-making-enough-ice-in-my-refrigerator-"",""appliesTo"":""Frigidaire French-door, side-by-side, and top-freezer refrigerators with factory icemakers; filter age, temperature, water supply, and door observations only"",""lastVerified"":""2026-08-29""}]","","false","","Purchase promotion is limited to the category's separately reviewed default component route."
"amana-asi2175grs__slow-water-flow","amana-asi2175grs","refrigerator","Amana","ASI2175GRS","family-only","[]","slow-water-flow","true","guided-checks","amana-asi2175grs::slow-water-flow","[{""id"":""amana-refrigerator-support"",""kind"":""manufacturer-troubleshooting"",""title"":""Amana refrigerator owner support"",""publisher"":""Amana"",""url"":""https://producthelp.amana.com/Refrigeration"",""appliesTo"":""Amana refrigerators"",""lastVerified"":""2026-08-27""}]","","false","","A complete revision code is not independently verified for this catalog identity."
"amana-asi2175grs__door-will-not-close","amana-asi2175grs","refrigerator","Amana","ASI2175GRS","family-only","[]","door-will-not-close","true","guided-checks","amana-asi2175grs::door-will-not-close","[{""id"":""amana-refrigerator-door"",""kind"":""manufacturer-troubleshooting"",""title"":""Amana refrigerator door not closing"",""publisher"":""Amana"",""url"":""https://producthelp.amana.com/Refrigeration/Full-Size_Refrigerators/French_Door_Bottom_Freezer_Refrigerator/Door_Concerns/Not_Closing/Door_Not_Closing_-_Refrigerator"",""appliesTo"":""Amana French-door refrigerators; side-by-side models may use only obstruction/bin/level checks pending manual confirmation"",""lastVerified"":""2026-08-28""}]","","false","","Purchase promotion is limited to the category's separately reviewed default component route."
"amana-asi2175grs__not-cooling","amana-asi2175grs","refrigerator","Amana","ASI2175GRS","family-only","[]","not-cooling","true","guided-checks","amana-asi2175grs::not-cooling","[{""id"":""amana-refrigerator-cooling"",""kind"":""manufacturer-troubleshooting"",""title"":""Amana refrigerator control-setting checks"",""publisher"":""Amana"",""url"":""https://producthelp.amana.com/Refrigeration/Full-Size_Refrigerators/Product_Info/Product_Assistance/Tips_for_Properly_Setting_the_Controls"",""appliesTo"":""Amana full-size refrigerators; temperature settings, room conditions, door, and airflow observations only"",""lastVerified"":""2026-08-29""}]","","false","","Purchase promotion is limited to the category's separately reviewed default component route."
"amana-asi2175grs__is-leaking","amana-asi2175grs","refrigerator","Amana","ASI2175GRS","family-only","[]","is-leaking","true","guided-checks","amana-asi2175grs::is-leaking","[{""id"":""amana-refrigerator-leak"",""kind"":""manufacturer-troubleshooting"",""title"":""Amana refrigerator water-supply checks"",""publisher"":""Amana"",""url"":""https://producthelp.amana.com/Refrigeration/Full-Size_Refrigerators/Product_Info/Installation_Support/How_to_Check_the_Water_Supply_Line"",""appliesTo"":""Amana refrigerators with factory water/ice systems; visible household water, supply-line, and leak observations only"",""lastVerified"":""2026-08-29""}]","","false","","Purchase promotion is limited to the category's separately reviewed default component route."
"amana-asi2175grs__ice-maker-not-making-ice","amana-asi2175grs","refrigerator","Amana","ASI2175GRS","family-only","[]","ice-maker-not-making-ice","true","guided-checks","amana-asi2175grs::ice-maker-not-making-ice","[{""id"":""amana-refrigerator-ice"",""kind"":""manufacturer-troubleshooting"",""title"":""Amana refrigerator ice-maker checks"",""publisher"":""Amana"",""url"":""https://producthelp.amana.com/Refrigeration/Full-Size_Refrigerators/Product_Info/Product_Assistance/Ice_Maker_Not_Working_-_Troubleshooting"",""appliesTo"":""Amana refrigerators with factory icemakers; power, temperature, water supply, filter age, and visible bin observations only"",""lastVerified"":""2026-08-29""}]","","false","","Purchase promotion is limited to the category's separately reviewed default component route."
"maytag-mfi2570fez__slow-water-flow","maytag-mfi2570fez","refrigerator","Maytag","MFI2570FEZ","family-only","[]","slow-water-flow","true","guided-checks","maytag-mfi2570fez::slow-water-flow","[{""id"":""maytag-refrigerator-support"",""kind"":""manufacturer-troubleshooting"",""title"":""Maytag MFI2570FEZ owner support"",""publisher"":""Maytag"",""url"":""https://www.maytag.com/owners-center-pdp.MFI2570FEZ.html"",""appliesTo"":""Maytag refrigerators"",""lastVerified"":""2026-08-27""}]","","false","","A complete revision code is not independently verified for this catalog identity."
"maytag-mfi2570fez__door-will-not-close","maytag-mfi2570fez","refrigerator","Maytag","MFI2570FEZ","family-only","[]","door-will-not-close","true","guided-checks","maytag-mfi2570fez::door-will-not-close","[{""id"":""maytag-refrigerator-door"",""kind"":""manufacturer-troubleshooting"",""title"":""Maytag refrigerator doors not closing properly"",""publisher"":""Maytag"",""url"":""https://producthelp.maytag.com/Refrigeration/Full-size_Refrigerators/Product_Info/Installation_Support/Doors_Not_Closing_Properly"",""appliesTo"":""Maytag full-size refrigerators; French-door mullion guidance only on French-door models"",""lastVerified"":""2026-08-28""}]","","false","","Purchase promotion is limited to the category's separately reviewed default component route."
"maytag-mfi2570fez__not-cooling","maytag-mfi2570fez","refrigerator","Maytag","MFI2570FEZ","family-only","[]","not-cooling","true","guided-checks","maytag-mfi2570fez::not-cooling","[{""id"":""maytag-refrigerator-cooling"",""kind"":""manufacturer-troubleshooting"",""title"":""Maytag refrigerator control-setting checks"",""publisher"":""Maytag"",""url"":""https://producthelp.maytag.com/Refrigeration/Full-size_Refrigerators/Product_Info/Product_Assistance/Tips_for_Properly_Setting_the_Controls"",""appliesTo"":""Maytag full-size refrigerators; temperature settings, room conditions, door, and airflow observations only"",""lastVerified"":""2026-08-29""}]","","false","","Purchase promotion is limited to the category's separately reviewed default component route."
"maytag-mfi2570fez__is-leaking","maytag-mfi2570fez","refrigerator","Maytag","MFI2570FEZ","family-only","[]","is-leaking","true","guided-checks","maytag-mfi2570fez::is-leaking","[{""id"":""maytag-refrigerator-leak"",""kind"":""manufacturer-troubleshooting"",""title"":""Maytag refrigerator water-on-floor checks"",""publisher"":""Maytag"",""url"":""https://producthelp.maytag.com/Refrigeration/Full-size_Refrigerators/Product_Info/Installation_Support/What_to_Do_if_There_is_Water_on_the_Floor"",""appliesTo"":""Maytag refrigerators with factory water/ice systems; visible filter, supply, and floor-water observations only"",""lastVerified"":""2026-08-29""}]","","false","","Purchase promotion is limited to the category's separately reviewed default component route."
"maytag-mfi2570fez__ice-maker-not-making-ice","maytag-mfi2570fez","refrigerator","Maytag","MFI2570FEZ","family-only","[]","ice-maker-not-making-ice","true","guided-checks","maytag-mfi2570fez::ice-maker-not-making-ice","[{""id"":""maytag-refrigerator-ice"",""kind"":""manufacturer-troubleshooting"",""title"":""Maytag refrigerator ice-maker checks"",""publisher"":""Maytag"",""url"":""https://producthelp.maytag.com/Refrigeration/Full-size_Refrigerators/Product_Info/Product_Assistance/Ice_Maker_Not_Working_-_Troubleshooting"",""appliesTo"":""Maytag refrigerators with factory icemakers; power, temperature, water supply, filter age, and visible bin observations only"",""lastVerified"":""2026-08-29""}]","","false","","Purchase promotion is limited to the category's separately reviewed default component route."
"kitchenaid-krff577kps__slow-water-flow","kitchenaid-krff577kps","refrigerator","KitchenAid","KRFF577KPS","family-only","[]","slow-water-flow","true","guided-checks","kitchenaid-krff577kps::slow-water-flow","[{""id"":""kitchenaid-refrigerator-support"",""kind"":""manufacturer-troubleshooting"",""title"":""KitchenAid KRFF577KPS owner support"",""publisher"":""KitchenAid"",""url"":""https://www.kitchenaid.com/owners-center-pdp.KRFF577KPS.html"",""appliesTo"":""KitchenAid refrigerators"",""lastVerified"":""2026-08-27""}]","","false","","A complete revision code is not independently verified for this catalog identity."
"kitchenaid-krff577kps__door-will-not-close","kitchenaid-krff577kps","refrigerator","KitchenAid","KRFF577KPS","family-only","[]","door-will-not-close","true","guided-checks","kitchenaid-krff577kps::door-will-not-close","[{""id"":""kitchenaid-refrigerator-door"",""kind"":""manufacturer-troubleshooting"",""title"":""KitchenAid refrigerator doors not closing properly"",""publisher"":""KitchenAid"",""url"":""https://producthelp.kitchenaid.com/Refrigeration/Full-Size_Refrigerators/Product_Info/Installation_Support/Doors_Not_Closing_Properly"",""appliesTo"":""KitchenAid full-size refrigerators; French-door mullion guidance only on French-door models"",""lastVerified"":""2026-08-28""}]","","false","","Purchase promotion is limited to the category's separately reviewed default component route."
"kitchenaid-krff577kps__not-cooling","kitchenaid-krff577kps","refrigerator","KitchenAid","KRFF577KPS","family-only","[]","not-cooling","true","guided-checks","kitchenaid-krff577kps::not-cooling","[{""id"":""kitchenaid-refrigerator-cooling"",""kind"":""manufacturer-troubleshooting"",""title"":""KitchenAid refrigerator control-setting checks"",""publisher"":""KitchenAid"",""url"":""https://producthelp.kitchenaid.com/Refrigeration/Full-Size_Refrigerators/Product_Info/Product_Assistance/Tips_for_Properly_Setting_the_Controls"",""appliesTo"":""KitchenAid full-size refrigerators; temperature settings, room conditions, door, and airflow observations only"",""lastVerified"":""2026-08-29""}]","","false","","Purchase promotion is limited to the category's separately reviewed default component route."
"kitchenaid-krff577kps__is-leaking","kitchenaid-krff577kps","refrigerator","KitchenAid","KRFF577KPS","family-only","[]","is-leaking","true","guided-checks","kitchenaid-krff577kps::is-leaking","[{""id"":""kitchenaid-refrigerator-leak"",""kind"":""manufacturer-troubleshooting"",""title"":""KitchenAid refrigerator water-on-floor checks"",""publisher"":""KitchenAid"",""url"":""https://producthelp.kitchenaid.com/Refrigeration/Full-Size_Refrigerators/Product_Info/Installation_Support/What_to_Do_if_There_is_Water_on_the_Floor"",""appliesTo"":""KitchenAid refrigerators with factory water/ice systems; visible filter, supply, and floor-water observations only"",""lastVerified"":""2026-08-29""}]","","false","","Purchase promotion is limited to the category's separately reviewed default component route."
"kitchenaid-krff577kps__ice-maker-not-making-ice","kitchenaid-krff577kps","refrigerator","KitchenAid","KRFF577KPS","family-only","[]","ice-maker-not-making-ice","true","guided-checks","kitchenaid-krff577kps::ice-maker-not-making-ice","[{""id"":""kitchenaid-refrigerator-ice"",""kind"":""manufacturer-troubleshooting"",""title"":""KitchenAid refrigerator ice-maker checks"",""publisher"":""KitchenAid"",""url"":""https://producthelp.kitchenaid.com/Refrigeration/Full-Size_Refrigerators/Product_Info/Product_Assistance/Ice_Maker_Not_Working_-_Troubleshooting"",""appliesTo"":""KitchenAid refrigerators with factory icemakers; power, temperature, water supply, filter age, and visible bin observations only"",""lastVerified"":""2026-08-29""}]","","false","","Purchase promotion is limited to the category's separately reviewed default component route."
"bosch-b36cl80ens01__slow-water-flow","bosch-b36cl80ens01","refrigerator","Bosch","B36CL80ENS/01","exact-code","[""B36CL80ENS/01""]","slow-water-flow","true","purchase-ready","bosch-b36cl80ens01::slow-water-flow","[{""id"":""bosch-refrigerator-support"",""kind"":""manufacturer-troubleshooting"",""title"":""Bosch B36CL80ENS/01 owner support"",""publisher"":""Bosch"",""url"":""https://www.bosch-home.com/us/en/productservice/B36CL80ENS-01"",""appliesTo"":""Bosch refrigerators"",""lastVerified"":""2026-08-27""}]","","true","{""name"":""UltraClarity Pro refrigerator water filter"",""sku"":""11032531"",""compatibleProductCodes"":[""B36CL80ENS/01""],""installBoundary"":""user-replaceable"",""compatibilityEvidence"":[{""id"":""bosch-b36cl80ens01-parts"",""kind"":""manufacturer-part"",""title"":""Bosch exact E-Nr replacement-parts catalog"",""publisher"":""Bosch"",""url"":""https://www.bosch-home.com/us/en/spare-parts-list/B36CL80ENS-01"",""appliesTo"":""Bosch B36CL80ENS/01 with UltraClarity Pro filter"",""lastVerified"":""2026-08-29""},{""id"":""bosch-b36cl80ens-ultraclaritypro-spec"",""kind"":""manufacturer-part"",""title"":""Bosch B36CL80ENS specification naming BORPLFTR55 UltraClarityPro"",""publisher"":""Bosch"",""url"":""https://media3.bosch-home.com/Documents/MCDOC03224081_B36CL80ENS.pdf"",""appliesTo"":""Bosch B36CL80ENS/01 with BORPLFTR55 UltraClarityPro filter"",""lastVerified"":""2026-08-29""},{""id"":""bosch-11032531-identity-2026-08-29"",""kind"":""manufacturer-part"",""title"":""Bosch 11032531 UltraClarity Pro water filter"",""publisher"":""Bosch"",""url"":""https://www.bosch-home.com/us/en/product/11032531"",""appliesTo"":""Bosch part 11032531 / BORPLFTR55; exact E-Nr fit is established separately"",""lastVerified"":""2026-08-29""}],""sellerOffer"":{""provider"":""shopify-global-catalog"",""protocol"":""UCP"",""query"":""Bosch 11032531 UltraClarity Pro water filter exact part"",""exactSku"":""11032531"",""offerCountAtVerification"":5,""lastVerified"":""2026-08-29""}}",""
"bosch-b36cl80ens01__door-will-not-close","bosch-b36cl80ens01","refrigerator","Bosch","B36CL80ENS/01","exact-code","[""B36CL80ENS/01""]","door-will-not-close","true","guided-checks","bosch-b36cl80ens01::door-will-not-close","[{""id"":""bosch-refrigerator-door"",""kind"":""manufacturer-troubleshooting"",""title"":""Bosch refrigerator door does not shut"",""publisher"":""Bosch"",""url"":""https://www.bosch-home.com/us/owner-support/get-support/self-help-fridge-does-not-shut"",""appliesTo"":""Bosch refrigerators; supports door-seal inspection/cleaning and service escalation"",""lastVerified"":""2026-08-28""}]","","false","","Purchase promotion is limited to the category's separately reviewed default component route."
"bosch-b36cl80ens01__not-cooling","bosch-b36cl80ens01","refrigerator","Bosch","B36CL80ENS/01","exact-code","[""B36CL80ENS/01""]","not-cooling","true","guided-checks","bosch-b36cl80ens01::not-cooling","[{""id"":""bosch-refrigerator-cooling"",""kind"":""manufacturer-troubleshooting"",""title"":""Bosch refrigerator not-cooling checks"",""publisher"":""Bosch"",""url"":""https://www.bosch-home.com/us/owner-support/get-support/self-help-fridge-has-stopped-cooling"",""appliesTo"":""Bosch full-size refrigerators; power, temperature, airflow, door, and food-safety observations only"",""lastVerified"":""2026-08-29""}]","","false","","Purchase promotion is limited to the category's separately reviewed default component route."
"bosch-b36cl80ens01__is-leaking","bosch-b36cl80ens01","refrigerator","Bosch","B36CL80ENS/01","exact-code","[""B36CL80ENS/01""]","is-leaking","false","unsupported","","[]","No active exact model × symptom row is backed by current primary manufacturer troubleshooting evidence.","false","","The symptom route is unsupported, so no exact-part purchase claim is permitted."
"bosch-b36cl80ens01__ice-maker-not-making-ice","bosch-b36cl80ens01","refrigerator","Bosch","B36CL80ENS/01","exact-code","[""B36CL80ENS/01""]","ice-maker-not-making-ice","false","unsupported","","[]","No active exact model × symptom row is backed by current primary manufacturer troubleshooting evidence.","false","","The symptom route is unsupported, so no exact-part purchase claim is permitted."
"ge-gfw655ssvww__will-not-drain","ge-gfw655ssvww","washer","GE","GFW655SSVWW","exact-code","[""GFW655SSV0WW""]","will-not-drain","true","purchase-ready","ge-gfw655ssvww::will-not-drain","[{""id"":""exp-ge-front-washer-drain"",""kind"":""manufacturer-troubleshooting"",""title"":""GE front-load washer will-not-drain guidance"",""publisher"":""GE Appliances"",""url"":""https://products.geappliances.com/appliance/gea-support-search-content?contentId=23081"",""appliesTo"":""GE front-load washers"",""lastVerified"":""2026-08-27""}]","","true","{""name"":""Drain pump and filter assembly"",""sku"":""WH11X39237"",""compatibleProductCodes"":[""GFW655SSV0WW""],""installBoundary"":""professional-only"",""compatibilityEvidence"":[{""id"":""encompass-gfw655ssv0ww-wh11x39237"",""kind"":""authorized-parts"",""title"":""GFW655SSV0WW authorized model-parts listing for WH11X39237"",""publisher"":""Encompass"",""url"":""https://partstore.encompass.com/model/HOTGFW655SSV0WW"",""appliesTo"":""GFW655SSV0WW"",""lastVerified"":""2026-08-27""}],""sellerOffer"":{""provider"":""shopify-global-catalog"",""protocol"":""UCP"",""query"":""GE WH11X39237 washer drain pump exact part"",""exactSku"":""WH11X39237"",""offerCountAtVerification"":19,""lastVerified"":""2026-08-27""}}",""
"ge-gfw655ssvww__door-will-not-close","ge-gfw655ssvww","washer","GE","GFW655SSVWW","exact-code","[""GFW655SSV0WW""]","door-will-not-close","true","guided-checks","ge-gfw655ssvww::door-will-not-close","[{""id"":""washer-ge-front-owner-manual"",""kind"":""manufacturer-troubleshooting"",""title"":""GE Appliances Door or lid will not close owner guidance"",""publisher"":""GE Appliances"",""url"":""https://images.salsify.com/image/upload/s--Q2ZqW1dH--/207c3da007ffc1f522fe0a1723081c5d6c09941e.pdf"",""appliesTo"":""GFW850, GFW655, GFW650 and GFW550 model families named in the manual"",""lastVerified"":""2026-08-29""}]","","false","","Purchase promotion is limited to the category's separately reviewed default component route."
"ge-gfw655ssvww__will-not-start","ge-gfw655ssvww","washer","GE","GFW655SSVWW","exact-code","[""GFW655SSV0WW""]","will-not-start","true","guided-checks","ge-gfw655ssvww::will-not-start","[{""id"":""ge-washer-front-start"",""kind"":""manufacturer-troubleshooting"",""title"":""GE front-load washer start checks"",""publisher"":""GE Appliances"",""url"":""https://products.geappliances.com/appliance/gea-support-search-content?contentId=23094"",""appliesTo"":""GE front-load washers; visible controls, door, pause, and water supply only"",""lastVerified"":""2026-08-29""}]","","false","","Purchase promotion is limited to the category's separately reviewed default component route."
"ge-gfw655ssvww__will-not-spin","ge-gfw655ssvww","washer","GE","GFW655SSVWW","exact-code","[""GFW655SSV0WW""]","will-not-spin","true","guided-checks","ge-gfw655ssvww::will-not-spin","[{""id"":""ge-washer-front-spin"",""kind"":""manufacturer-troubleshooting"",""title"":""GE front-load washer spin checks"",""publisher"":""GE Appliances"",""url"":""https://products.geappliances.com/appliance/gea-support-search-content?contentId=16243"",""appliesTo"":""GE front-load washers; load, drain, and visible closure checks only"",""lastVerified"":""2026-08-29""}]","","false","","Purchase promotion is limited to the category's separately reviewed default component route."
"ge-gfw655ssvww__is-leaking","ge-gfw655ssvww","washer","GE","GFW655SSVWW","exact-code","[""GFW655SSV0WW""]","is-leaking","true","guided-checks","ge-gfw655ssvww::is-leaking","[{""id"":""ge-washer-front-leak"",""kind"":""manufacturer-troubleshooting"",""title"":""GE front-load washer leak checks"",""publisher"":""GE Appliances"",""url"":""https://products.geappliances.com/appliance/gea-support-search-content?contentId=17532"",""appliesTo"":""GE front-load washers; visible gasket, detergent, dispenser, and external hose checks"",""lastVerified"":""2026-08-29""}]","","false","","Purchase promotion is limited to the category's separately reviewed default component route."
"ge-gfw850spnrs__will-not-drain","ge-gfw850spnrs","washer","GE","GFW850SPNRS","exact-code","[""GFW850SPN0RS""]","will-not-drain","true","purchase-ready","ge-gfw850spnrs::will-not-drain","[{""id"":""exp-ge-front-washer-drain"",""kind"":""manufacturer-troubleshooting"",""title"":""GE front-load washer will-not-drain guidance"",""publisher"":""GE Appliances"",""url"":""https://products.geappliances.com/appliance/gea-support-search-content?contentId=23081"",""appliesTo"":""GE front-load washers"",""lastVerified"":""2026-08-27""}]","","true","{""name"":""Drain pump and filter assembly"",""sku"":""WH11X39237"",""compatibleProductCodes"":[""GFW850SPN0RS""],""installBoundary"":""professional-only"",""compatibilityEvidence"":[{""id"":""ge-gfw850spn0rs-wh11x39237"",""kind"":""manufacturer-part"",""title"":""GFW850SPN0RS cabinet diagram and current drain-pump replacement"",""publisher"":""GE Appliances"",""url"":""https://www.geapplianceparts.com/store/parts/ModelSectionParts/GFW850SPN0RS/4/0/0/0/CABINET_%281%29"",""appliesTo"":""GFW850SPN0RS"",""lastVerified"":""2026-08-27""}],""sellerOffer"":{""provider"":""shopify-global-catalog"",""protocol"":""UCP"",""query"":""GE WH11X39237 washer drain pump exact part"",""exactSku"":""WH11X39237"",""offerCountAtVerification"":19,""lastVerified"":""2026-08-27""}}",""
"ge-gfw850spnrs__door-will-not-close","ge-gfw850spnrs","washer","GE","GFW850SPNRS","exact-code","[""GFW850SPN0RS""]","door-will-not-close","true","guided-checks","ge-gfw850spnrs::door-will-not-close","[{""id"":""washer-ge-front-owner-manual-850"",""kind"":""manufacturer-troubleshooting"",""title"":""GE Appliances Door or lid will not close owner guidance"",""publisher"":""GE Appliances"",""url"":""https://images.salsify.com/image/upload/s--7SJ2Cn5O--/c7cd23acabd0dde381486804fd70bf93a72f5b8b.pdf"",""appliesTo"":""GFW850 model family named in the manual"",""lastVerified"":""2026-08-29""}]","","false","","Purchase promotion is limited to the category's separately reviewed default component route."
"ge-gfw850spnrs__will-not-start","ge-gfw850spnrs","washer","GE","GFW850SPNRS","exact-code","[""GFW850SPN0RS""]","will-not-start","true","guided-checks","ge-gfw850spnrs::will-not-start","[{""id"":""ge-washer-front-start"",""kind"":""manufacturer-troubleshooting"",""title"":""GE front-load washer start checks"",""publisher"":""GE Appliances"",""url"":""https://products.geappliances.com/appliance/gea-support-search-content?contentId=23094"",""appliesTo"":""GE front-load washers; visible controls, door, pause, and water supply only"",""lastVerified"":""2026-08-29""}]","","false","","Purchase promotion is limited to the category's separately reviewed default component route."
"ge-gfw850spnrs__will-not-spin","ge-gfw850spnrs","washer","GE","GFW850SPNRS","exact-code","[""GFW850SPN0RS""]","will-not-spin","true","guided-checks","ge-gfw850spnrs::will-not-spin","[{""id"":""ge-washer-front-spin"",""kind"":""manufacturer-troubleshooting"",""title"":""GE front-load washer spin checks"",""publisher"":""GE Appliances"",""url"":""https://products.geappliances.com/appliance/gea-support-search-content?contentId=16243"",""appliesTo"":""GE front-load washers; load, drain, and visible closure checks only"",""lastVerified"":""2026-08-29""}]","","false","","Purchase promotion is limited to the category's separately reviewed default component route."
"ge-gfw850spnrs__is-leaking","ge-gfw850spnrs","washer","GE","GFW850SPNRS","exact-code","[""GFW850SPN0RS""]","is-leaking","true","guided-checks","ge-gfw850spnrs::is-leaking","[{""id"":""ge-washer-front-leak"",""kind"":""manufacturer-troubleshooting"",""title"":""GE front-load washer leak checks"",""publisher"":""GE Appliances"",""url"":""https://products.geappliances.com/appliance/gea-support-search-content?contentId=17532"",""appliesTo"":""GE front-load washers; visible gasket, detergent, dispenser, and external hose checks"",""lastVerified"":""2026-08-29""}]","","false","","Purchase promotion is limited to the category's separately reviewed default component route."
"ge-gtw335asnww__will-not-drain","ge-gtw335asnww","washer","GE","GTW335ASNWW","exact-code","[""GTW335ASN1WW""]","will-not-drain","true","purchase-ready","ge-gtw335asnww::will-not-drain","[{""id"":""exp-ge-top-washer-drain"",""kind"":""manufacturer-troubleshooting"",""title"":""GE top-load washer will-not-drain guidance"",""publisher"":""GE Appliances"",""url"":""https://products.geappliances.com/appliance/gea-support-search-content?contentId=23080"",""appliesTo"":""GE top-load washers"",""lastVerified"":""2026-08-27""}]","","true","{""name"":""Drain pump assembly"",""sku"":""WH23X28418"",""compatibleProductCodes"":[""GTW335ASN1WW""],""installBoundary"":""professional-only"",""compatibilityEvidence"":[{""id"":""ge-gtw335asn1ww-wh23x28418"",""kind"":""manufacturer-part"",""title"":""GTW335ASN1WW tub and motor diagram with drain pump WH23X28418"",""publisher"":""GE Appliances"",""url"":""https://www.geapplianceparts.com/store/parts/ModelSectionParts/GTW335ASN1WW/3/0/0/0/TUB_%26_MOTOR"",""appliesTo"":""GTW335ASN1WW"",""lastVerified"":""2026-08-27""}],""sellerOffer"":{""provider"":""shopify-global-catalog"",""protocol"":""UCP"",""query"":""GE WH23X28418 washer drain pump exact part"",""exactSku"":""WH23X28418"",""offerCountAtVerification"":20,""lastVerified"":""2026-08-27""}}",""
"ge-gtw335asnww__door-will-not-close","ge-gtw335asnww","washer","GE","GTW335ASNWW","exact-code","[""GTW335ASN1WW""]","door-will-not-close","true","guided-checks","ge-gtw335asnww::door-will-not-close","[{""id"":""washer-ge-hotpoint-top-owner-manual"",""kind"":""manufacturer-troubleshooting"",""title"":""GE Appliances Door or lid will not close owner guidance"",""publisher"":""GE Appliances"",""url"":""https://images.salsify.com/image/upload/s--AKgAhUAs--/r4yctjlrytehsjedypih.pdf"",""appliesTo"":""GTW485, GTW465, GTW385, GTW335, GTW325, HTW265 and HTW240 families named in the manual"",""lastVerified"":""2026-08-29""}]","","false","","Purchase promotion is limited to the category's separately reviewed default component route."
"ge-gtw335asnww__will-not-start","ge-gtw335asnww","washer","GE","GTW335ASNWW","exact-code","[""GTW335ASN1WW""]","will-not-start","true","guided-checks","ge-gtw335asnww::will-not-start","[{""id"":""ge-washer-top-start"",""kind"":""manufacturer-troubleshooting"",""title"":""GE top-load washer start checks"",""publisher"":""GE Appliances"",""url"":""https://products.geappliances.com/appliance/gea-support-search-content?contentId=17383"",""appliesTo"":""GE top-load washers; visible controls, lid, pause, and water supply only"",""lastVerified"":""2026-08-29""}]","","false","","Purchase promotion is limited to the category's separately reviewed default component route."
"ge-gtw335asnww__will-not-spin","ge-gtw335asnww","washer","GE","GTW335ASNWW","exact-code","[""GTW335ASN1WW""]","will-not-spin","true","guided-checks","ge-gtw335asnww::will-not-spin","[{""id"":""ge-washer-top-spin"",""kind"":""manufacturer-troubleshooting"",""title"":""GE top-load washer spin checks"",""publisher"":""GE Appliances"",""url"":""https://products.geappliances.com/appliance/gea-support-search-content?contentId=23082"",""appliesTo"":""GE top-load washers; load, drain, and visible lid checks only"",""lastVerified"":""2026-08-29""}]","","false","","Purchase promotion is limited to the category's separately reviewed default component route."
"ge-gtw335asnww__is-leaking","ge-gtw335asnww","washer","GE","GTW335ASNWW","exact-code","[""GTW335ASN1WW""]","is-leaking","true","guided-checks","ge-gtw335asnww::is-leaking","[{""id"":""ge-washer-top-leak"",""kind"":""manufacturer-troubleshooting"",""title"":""GE top-load washer leak checks"",""publisher"":""GE Appliances"",""url"":""https://products.geappliances.com/appliance/gea-support-search-content?contentId=17530"",""appliesTo"":""GE top-load washers; visible tub edge, detergent, loading, and external hose checks"",""lastVerified"":""2026-08-29""}]","","false","","Purchase promotion is limited to the category's separately reviewed default component route."
"ge-gtw485aswwb__will-not-drain","ge-gtw485aswwb","washer","GE","GTW485ASWWB","family-only","[]","will-not-drain","true","guided-checks","ge-gtw485aswwb::will-not-drain","[{""id"":""exp-ge-top-washer-drain"",""kind"":""manufacturer-troubleshooting"",""title"":""GE top-load washer will-not-drain guidance"",""publisher"":""GE Appliances"",""url"":""https://products.geappliances.com/appliance/gea-support-search-content?contentId=23080"",""appliesTo"":""GE top-load washers"",""lastVerified"":""2026-08-27""}]","","false","","A complete revision code is not independently verified for this catalog identity."
"ge-gtw485aswwb__door-will-not-close","ge-gtw485aswwb","washer","GE","GTW485ASWWB","family-only","[]","door-will-not-close","true","guided-checks","ge-gtw485aswwb::door-will-not-close","[{""id"":""washer-ge-hotpoint-top-owner-manual"",""kind"":""manufacturer-troubleshooting"",""title"":""GE Appliances Door or lid will not close owner guidance"",""publisher"":""GE Appliances"",""url"":""https://images.salsify.com/image/upload/s--AKgAhUAs--/r4yctjlrytehsjedypih.pdf"",""appliesTo"":""GTW485, GTW465, GTW385, GTW335, GTW325, HTW265 and HTW240 families named in the manual"",""lastVerified"":""2026-08-29""}]","","false","","Purchase promotion is limited to the category's separately reviewed default component route."
"ge-gtw485aswwb__will-not-start","ge-gtw485aswwb","washer","GE","GTW485ASWWB","family-only","[]","will-not-start","true","guided-checks","ge-gtw485aswwb::will-not-start","[{""id"":""ge-washer-top-start"",""kind"":""manufacturer-troubleshooting"",""title"":""GE top-load washer start checks"",""publisher"":""GE Appliances"",""url"":""https://products.geappliances.com/appliance/gea-support-search-content?contentId=17383"",""appliesTo"":""GE top-load washers; visible controls, lid, pause, and water supply only"",""lastVerified"":""2026-08-29""}]","","false","","Purchase promotion is limited to the category's separately reviewed default component route."
"ge-gtw485aswwb__will-not-spin","ge-gtw485aswwb","washer","GE","GTW485ASWWB","family-only","[]","will-not-spin","true","guided-checks","ge-gtw485aswwb::will-not-spin","[{""id"":""ge-washer-top-spin"",""kind"":""manufacturer-troubleshooting"",""title"":""GE top-load washer spin checks"",""publisher"":""GE Appliances"",""url"":""https://products.geappliances.com/appliance/gea-support-search-content?contentId=23082"",""appliesTo"":""GE top-load washers; load, drain, and visible lid checks only"",""lastVerified"":""2026-08-29""}]","","false","","Purchase promotion is limited to the category's separately reviewed default component route."
"ge-gtw485aswwb__is-leaking","ge-gtw485aswwb","washer","GE","GTW485ASWWB","family-only","[]","is-leaking","true","guided-checks","ge-gtw485aswwb::is-leaking","[{""id"":""ge-washer-top-leak"",""kind"":""manufacturer-troubleshooting"",""title"":""GE top-load washer leak checks"",""publisher"":""GE Appliances"",""url"":""https://products.geappliances.com/appliance/gea-support-search-content?contentId=17530"",""appliesTo"":""GE top-load washers; visible tub edge, detergent, loading, and external hose checks"",""lastVerified"":""2026-08-29""}]","","false","","Purchase promotion is limited to the category's separately reviewed default component route."
"hotpoint-htw265aswww__will-not-drain","hotpoint-htw265aswww","washer","Hotpoint","HTW265ASWWW","exact-code","[""HTW265ASW0WW""]","will-not-drain","true","purchase-ready","hotpoint-htw265aswww::will-not-drain","[{""id"":""exp-hotpoint-top-washer-drain"",""kind"":""manufacturer-troubleshooting"",""title"":""GE Appliances top-load washer will-not-drain guidance"",""publisher"":""GE Appliances"",""url"":""https://products.geappliances.com/appliance/gea-support-search-content?contentId=23080"",""appliesTo"":""Hotpoint top-load washers"",""lastVerified"":""2026-08-27""}]","","true","{""name"":""Drain pump assembly"",""sku"":""WH23X28418"",""compatibleProductCodes"":[""HTW265ASW0WW""],""installBoundary"":""professional-only"",""compatibilityEvidence"":[{""id"":""encompass-htw265asw0ww-wh23x28418"",""kind"":""authorized-parts"",""title"":""HTW265ASW0WW authorized model-parts listing for WH23X28418"",""publisher"":""Encompass"",""url"":""https://partstore.encompass.com/model/HOTHTW265ASW0WW"",""appliesTo"":""HTW265ASW0WW"",""lastVerified"":""2026-08-27""}],""sellerOffer"":{""provider"":""shopify-global-catalog"",""protocol"":""UCP"",""query"":""GE WH23X28418 washer drain pump exact part"",""exactSku"":""WH23X28418"",""offerCountAtVerification"":20,""lastVerified"":""2026-08-27""}}",""
"hotpoint-htw265aswww__door-will-not-close","hotpoint-htw265aswww","washer","Hotpoint","HTW265ASWWW","exact-code","[""HTW265ASW0WW""]","door-will-not-close","true","guided-checks","hotpoint-htw265aswww::door-will-not-close","[{""id"":""washer-ge-hotpoint-top-owner-manual"",""kind"":""manufacturer-troubleshooting"",""title"":""GE Appliances Door or lid will not close owner guidance"",""publisher"":""GE Appliances"",""url"":""https://images.salsify.com/image/upload/s--AKgAhUAs--/r4yctjlrytehsjedypih.pdf"",""appliesTo"":""GTW485, GTW465, GTW385, GTW335, GTW325, HTW265 and HTW240 families named in the manual"",""lastVerified"":""2026-08-29""}]","","false","","Purchase promotion is limited to the category's separately reviewed default component route."
"hotpoint-htw265aswww__will-not-start","hotpoint-htw265aswww","washer","Hotpoint","HTW265ASWWW","exact-code","[""HTW265ASW0WW""]","will-not-start","true","guided-checks","hotpoint-htw265aswww::will-not-start","[{""id"":""washer-ge-hotpoint-top-owner-manual"",""kind"":""manufacturer-troubleshooting"",""title"":""GE Appliances Door or lid will not close owner guidance"",""publisher"":""GE Appliances"",""url"":""https://images.salsify.com/image/upload/s--AKgAhUAs--/r4yctjlrytehsjedypih.pdf"",""appliesTo"":""GTW485, GTW465, GTW385, GTW335, GTW325, HTW265 and HTW240 families named in the manual"",""lastVerified"":""2026-08-29""}]","","false","","Purchase promotion is limited to the category's separately reviewed default component route."
"hotpoint-htw265aswww__will-not-spin","hotpoint-htw265aswww","washer","Hotpoint","HTW265ASWWW","exact-code","[""HTW265ASW0WW""]","will-not-spin","true","guided-checks","hotpoint-htw265aswww::will-not-spin","[{""id"":""washer-ge-hotpoint-top-owner-manual"",""kind"":""manufacturer-troubleshooting"",""title"":""GE Appliances Door or lid will not close owner guidance"",""publisher"":""GE Appliances"",""url"":""https://images.salsify.com/image/upload/s--AKgAhUAs--/r4yctjlrytehsjedypih.pdf"",""appliesTo"":""GTW485, GTW465, GTW385, GTW335, GTW325, HTW265 and HTW240 families named in the manual"",""lastVerified"":""2026-08-29""}]","","false","","Purchase promotion is limited to the category's separately reviewed default component route."
"hotpoint-htw265aswww__is-leaking","hotpoint-htw265aswww","washer","Hotpoint","HTW265ASWWW","exact-code","[""HTW265ASW0WW""]","is-leaking","true","guided-checks","hotpoint-htw265aswww::is-leaking","[{""id"":""washer-ge-hotpoint-top-owner-manual"",""kind"":""manufacturer-troubleshooting"",""title"":""GE Appliances Door or lid will not close owner guidance"",""publisher"":""GE Appliances"",""url"":""https://images.salsify.com/image/upload/s--AKgAhUAs--/r4yctjlrytehsjedypih.pdf"",""appliesTo"":""GTW485, GTW465, GTW385, GTW335, GTW325, HTW265 and HTW240 families named in the manual"",""lastVerified"":""2026-08-29""}]","","false","","Purchase promotion is limited to the category's separately reviewed default component route."
"hotpoint-htw2065sbww__will-not-drain","hotpoint-htw2065sbww","washer","Hotpoint","HTW2065SBWW","family-only","[]","will-not-drain","true","guided-checks","hotpoint-htw2065sbww::will-not-drain","[{""id"":""exp-hotpoint-top-washer-drain"",""kind"":""manufacturer-troubleshooting"",""title"":""GE Appliances top-load washer will-not-drain guidance"",""publisher"":""GE Appliances"",""url"":""https://products.geappliances.com/appliance/gea-support-search-content?contentId=23080"",""appliesTo"":""Hotpoint top-load washers"",""lastVerified"":""2026-08-27""}]","","false","","A complete revision code is not independently verified for this catalog identity."
"hotpoint-htw2065sbww__door-will-not-close","hotpoint-htw2065sbww","washer","Hotpoint","HTW2065SBWW","family-only","[]","door-will-not-close","false","unsupported","","[]","No active exact model × symptom row is backed by current primary manufacturer troubleshooting evidence.","false","","The symptom route is unsupported, so no exact-part purchase claim is permitted."
"hotpoint-htw2065sbww__will-not-start","hotpoint-htw2065sbww","washer","Hotpoint","HTW2065SBWW","family-only","[]","will-not-start","false","unsupported","","[]","No active exact model × symptom row is backed by current primary manufacturer troubleshooting evidence.","false","","The symptom route is unsupported, so no exact-part purchase claim is permitted."
"hotpoint-htw2065sbww__will-not-spin","hotpoint-htw2065sbww","washer","Hotpoint","HTW2065SBWW","family-only","[]","will-not-spin","false","unsupported","","[]","No active exact model × symptom row is backed by current primary manufacturer troubleshooting evidence.","false","","The symptom route is unsupported, so no exact-part purchase claim is permitted."
"hotpoint-htw2065sbww__is-leaking","hotpoint-htw2065sbww","washer","Hotpoint","HTW2065SBWW","family-only","[]","is-leaking","false","unsupported","","[]","No active exact model × symptom row is backed by current primary manufacturer troubleshooting evidence.","false","","The symptom route is unsupported, so no exact-part purchase claim is permitted."
"whirlpool-wtw5010lw__will-not-drain","whirlpool-wtw5010lw","washer","Whirlpool","WTW5010LW","exact-code","[""WTW5010LW0""]","will-not-drain","true","purchase-ready","whirlpool-wtw5010lw::will-not-drain","[{""id"":""exp-whirlpool-top-washer-drain"",""kind"":""manufacturer-troubleshooting"",""title"":""Whirlpool top-load washer not-draining guidance"",""publisher"":""Whirlpool"",""url"":""https://producthelp.whirlpool.com/Laundry/Washers/Top_Load_Washer/Cycle_Concerns/Not_Draining_-_Washer"",""appliesTo"":""Whirlpool top-load washers"",""lastVerified"":""2026-08-27""}]","","true","{""name"":""Drain pump assembly"",""sku"":""W11399437"",""compatibleProductCodes"":[""WTW5010LW0""],""installBoundary"":""professional-only"",""compatibilityEvidence"":[{""id"":""whirlpoolparts-wtw5010lw0-w11399437"",""kind"":""authorized-parts"",""title"":""WTW5010LW0 drain-pump category with one exact pump result"",""publisher"":""Whirlpool Parts"",""url"":""https://www.whirlpoolparts.com/Shop-For-Parts/a11b5i168d2461121/Model-WTW5010LW0-Whirlpool-Washing-Machine-Drain-Pump-Parts"",""appliesTo"":""WTW5010LW0"",""lastVerified"":""2026-08-27""}],""sellerOffer"":{""provider"":""shopify-global-catalog"",""protocol"":""UCP"",""query"":""Whirlpool W11399437 washer drain pump exact part"",""exactSku"":""W11399437"",""offerCountAtVerification"":20,""lastVerified"":""2026-08-27""}}",""
"whirlpool-wtw5010lw__door-will-not-close","whirlpool-wtw5010lw","washer","Whirlpool","WTW5010LW","exact-code","[""WTW5010LW0""]","door-will-not-close","true","guided-checks","whirlpool-wtw5010lw::door-will-not-close","[{""id"":""whirlpool-top-washer-lid"",""kind"":""manufacturer-troubleshooting"",""title"":""Whirlpool top-load washer lid not latching"",""publisher"":""Whirlpool"",""url"":""https://producthelp.whirlpool.com/Laundry/Washers/Top_Load_Washer/Operation/Not_Operating/Lid_Not_Latching_-_Washer"",""appliesTo"":""Whirlpool top-load washers"",""lastVerified"":""2026-08-28""}]","","false","","Purchase promotion is limited to the category's separately reviewed default component route."
"whirlpool-wtw5010lw__will-not-start","whirlpool-wtw5010lw","washer","Whirlpool","WTW5010LW","exact-code","[""WTW5010LW0""]","will-not-start","true","guided-checks","whirlpool-wtw5010lw::will-not-start","[{""id"":""whirlpool-washer-top-start"",""kind"":""manufacturer-troubleshooting"",""title"":""Whirlpool top-load washer start checks"",""publisher"":""Whirlpool"",""url"":""https://producthelp.whirlpool.com/Laundry/Washers/Top_Load_Washer/Operation/Not_Operating/Not_Starting_-_Washer"",""appliesTo"":""Whirlpool top-load washers; visible controls, lid, and water supply only"",""lastVerified"":""2026-08-29""}]","","false","","Purchase promotion is limited to the category's separately reviewed default component route."
"whirlpool-wtw5010lw__will-not-spin","whirlpool-wtw5010lw","washer","Whirlpool","WTW5010LW","exact-code","[""WTW5010LW0""]","will-not-spin","true","guided-checks","whirlpool-wtw5010lw::will-not-spin","[{""id"":""whirlpool-washer-top-spin"",""kind"":""manufacturer-troubleshooting"",""title"":""Whirlpool top-load washer spin checks"",""publisher"":""Whirlpool"",""url"":""https://producthelp.whirlpool.com/Laundry/Washers/Top_Load_Washer/Cycle_Concerns/Not_Spinning_-_Washer"",""appliesTo"":""Whirlpool top-load washers; cycle, load, drain, and lid observations only"",""lastVerified"":""2026-08-29""}]","","false","","Purchase promotion is limited to the category's separately reviewed default component route."
"whirlpool-wtw5010lw__is-leaking","whirlpool-wtw5010lw","washer","Whirlpool","WTW5010LW","exact-code","[""WTW5010LW0""]","is-leaking","true","guided-checks","whirlpool-wtw5010lw::is-leaking","[{""id"":""whirlpool-washer-top-leak"",""kind"":""manufacturer-troubleshooting"",""title"":""Whirlpool top-load washer leak checks"",""publisher"":""Whirlpool"",""url"":""https://producthelp.whirlpool.com/Laundry/Washers/Top_Load_Washer/Water/Leaking/Leaking_from_Front_or_Top_-_Washer"",""appliesTo"":""Whirlpool top-load washers; visible tub edge, loading, detergent, and external hose checks"",""lastVerified"":""2026-08-29""}]","","false","","Purchase promotion is limited to the category's separately reviewed default component route."
"whirlpool-wtw5105lw__will-not-drain","whirlpool-wtw5105lw","washer","Whirlpool","WTW5105LW","family-only","[]","will-not-drain","true","guided-checks","whirlpool-wtw5105lw::will-not-drain","[{""id"":""exp-whirlpool-top-washer-drain"",""kind"":""manufacturer-troubleshooting"",""title"":""Whirlpool top-load washer not-draining guidance"",""publisher"":""Whirlpool"",""url"":""https://producthelp.whirlpool.com/Laundry/Washers/Top_Load_Washer/Cycle_Concerns/Not_Draining_-_Washer"",""appliesTo"":""Whirlpool top-load washers"",""lastVerified"":""2026-08-27""}]","","false","","A complete revision code is not independently verified for this catalog identity."
"whirlpool-wtw5105lw__door-will-not-close","whirlpool-wtw5105lw","washer","Whirlpool","WTW5105LW","family-only","[]","door-will-not-close","true","guided-checks","whirlpool-wtw5105lw::door-will-not-close","[{""id"":""whirlpool-top-washer-lid"",""kind"":""manufacturer-troubleshooting"",""title"":""Whirlpool top-load washer lid not latching"",""publisher"":""Whirlpool"",""url"":""https://producthelp.whirlpool.com/Laundry/Washers/Top_Load_Washer/Operation/Not_Operating/Lid_Not_Latching_-_Washer"",""appliesTo"":""Whirlpool top-load washers"",""lastVerified"":""2026-08-28""}]","","false","","Purchase promotion is limited to the category's separately reviewed default component route."
"whirlpool-wtw5105lw__will-not-start","whirlpool-wtw5105lw","washer","Whirlpool","WTW5105LW","family-only","[]","will-not-start","true","guided-checks","whirlpool-wtw5105lw::will-not-start","[{""id"":""whirlpool-washer-top-start"",""kind"":""manufacturer-troubleshooting"",""title"":""Whirlpool top-load washer start checks"",""publisher"":""Whirlpool"",""url"":""https://producthelp.whirlpool.com/Laundry/Washers/Top_Load_Washer/Operation/Not_Operating/Not_Starting_-_Washer"",""appliesTo"":""Whirlpool top-load washers; visible controls, lid, and water supply only"",""lastVerified"":""2026-08-29""}]","","false","","Purchase promotion is limited to the category's separately reviewed default component route."
"whirlpool-wtw5105lw__will-not-spin","whirlpool-wtw5105lw","washer","Whirlpool","WTW5105LW","family-only","[]","will-not-spin","true","guided-checks","whirlpool-wtw5105lw::will-not-spin","[{""id"":""whirlpool-washer-top-spin"",""kind"":""manufacturer-troubleshooting"",""title"":""Whirlpool top-load washer spin checks"",""publisher"":""Whirlpool"",""url"":""https://producthelp.whirlpool.com/Laundry/Washers/Top_Load_Washer/Cycle_Concerns/Not_Spinning_-_Washer"",""appliesTo"":""Whirlpool top-load washers; cycle, load, drain, and lid observations only"",""lastVerified"":""2026-08-29""}]","","false","","Purchase promotion is limited to the category's separately reviewed default component route."
"whirlpool-wtw5105lw__is-leaking","whirlpool-wtw5105lw","washer","Whirlpool","WTW5105LW","family-only","[]","is-leaking","true","guided-checks","whirlpool-wtw5105lw::is-leaking","[{""id"":""whirlpool-washer-top-leak"",""kind"":""manufacturer-troubleshooting"",""title"":""Whirlpool top-load washer leak checks"",""publisher"":""Whirlpool"",""url"":""https://producthelp.whirlpool.com/Laundry/Washers/Top_Load_Washer/Water/Leaking/Leaking_from_Front_or_Top_-_Washer"",""appliesTo"":""Whirlpool top-load washers; visible tub edge, loading, detergent, and external hose checks"",""lastVerified"":""2026-08-29""}]","","false","","Purchase promotion is limited to the category's separately reviewed default component route."
"whirlpool-wfw4720rw__will-not-drain","whirlpool-wfw4720rw","washer","Whirlpool","WFW4720RW","family-only","[]","will-not-drain","true","guided-checks","whirlpool-wfw4720rw::will-not-drain","[{""id"":""exp-whirlpool-front-washer-drain"",""kind"":""manufacturer-troubleshooting"",""title"":""Whirlpool front-load washer not-draining guidance"",""publisher"":""Whirlpool"",""url"":""https://producthelp.whirlpool.com/Laundry/Washers/Front_Load_Washers/Cycle_Concerns/Not_Draining/Not_Draining_-_Front_Load_Washer"",""appliesTo"":""Whirlpool front-load washers"",""lastVerified"":""2026-08-27""}]","","false","","A complete revision code is not independently verified for this catalog identity."
"whirlpool-wfw4720rw__door-will-not-close","whirlpool-wfw4720rw","washer","Whirlpool","WFW4720RW","family-only","[]","door-will-not-close","true","guided-checks","whirlpool-wfw4720rw::door-will-not-close","[{""id"":""whirlpool-front-washer-door"",""kind"":""manufacturer-troubleshooting"",""title"":""Whirlpool front-load washer door latching"",""publisher"":""Whirlpool"",""url"":""https://producthelp.whirlpool.com/Laundry/Washers/Product_Info/Washer_Product_Assistance/Latching_a_Front_Load_Washer_Door"",""appliesTo"":""Whirlpool front-load washers"",""lastVerified"":""2026-08-28""}]","","false","","Purchase promotion is limited to the category's separately reviewed default component route."
"whirlpool-wfw4720rw__will-not-start","whirlpool-wfw4720rw","washer","Whirlpool","WFW4720RW","family-only","[]","will-not-start","true","guided-checks","whirlpool-wfw4720rw::will-not-start","[{""id"":""whirlpool-washer-front-start"",""kind"":""manufacturer-troubleshooting"",""title"":""Whirlpool front-load washer start checks"",""publisher"":""Whirlpool"",""url"":""https://producthelp.whirlpool.com/Laundry/Washers/Front_Load_Washers/Not_Starting_or_Not_Operating/Not_Starting_or_Not_Operating/Not_Starting_or_Not_Operating_-_Front_Load_Washer"",""appliesTo"":""Whirlpool front-load washers; visible controls, door, and water supply only"",""lastVerified"":""2026-08-29""}]","","false","","Purchase promotion is limited to the category's separately reviewed default component route."
"whirlpool-wfw4720rw__will-not-spin","whirlpool-wfw4720rw","washer","Whirlpool","WFW4720RW","family-only","[]","will-not-spin","true","guided-checks","whirlpool-wfw4720rw::will-not-spin","[{""id"":""whirlpool-washer-front-spin"",""kind"":""manufacturer-troubleshooting"",""title"":""Whirlpool front-load washer spin checks"",""publisher"":""Whirlpool"",""url"":""https://producthelp.whirlpool.com/Laundry/Washers/Front_Load_Washers/Not_Starting_or_Not_Operating/Not_Spinning/Not_Spinning_-_Front_Load_Washer"",""appliesTo"":""Whirlpool front-load washers; cycle, load, suds, drain, and closure observations only"",""lastVerified"":""2026-08-29""}]","","false","","Purchase promotion is limited to the category's separately reviewed default component route."
"whirlpool-wfw4720rw__is-leaking","whirlpool-wfw4720rw","washer","Whirlpool","WFW4720RW","family-only","[]","is-leaking","true","guided-checks","whirlpool-wfw4720rw::is-leaking","[{""id"":""whirlpool-washer-front-leak"",""kind"":""manufacturer-troubleshooting"",""title"":""Whirlpool front-load washer leak checks"",""publisher"":""Whirlpool"",""url"":""https://producthelp.whirlpool.com/Laundry/Washers/Front_Load_Washers/Leaking/Leaking_from_Underneath_or_Bottom_-_Front_Load_Washer"",""appliesTo"":""Whirlpool front-load washers; visible front boundary and external hose checks only"",""lastVerified"":""2026-08-29""}]","","false","","Purchase promotion is limited to the category's separately reviewed default component route."
"maytag-mvw4505mw__will-not-drain","maytag-mvw4505mw","washer","Maytag","MVW4505MW","family-only","[]","will-not-drain","true","guided-checks","maytag-mvw4505mw::will-not-drain","[{""id"":""exp-maytag-top-washer-drain"",""kind"":""manufacturer-troubleshooting"",""title"":""Maytag washer not-draining or spinning guidance"",""publisher"":""Maytag"",""url"":""https://producthelp.maytag.com/Laundry/Washers/Product_Info/Washer_Product_Assistance/Washer_Not_Draining_or_Spinning%3F_Troubleshooting_Guide"",""appliesTo"":""Maytag top-load washers"",""lastVerified"":""2026-08-27""}]","","false","","A complete revision code is not independently verified for this catalog identity."
"maytag-mvw4505mw__door-will-not-close","maytag-mvw4505mw","washer","Maytag","MVW4505MW","family-only","[]","door-will-not-close","true","guided-checks","maytag-mvw4505mw::door-will-not-close","[{""id"":""maytag-top-washer-lid"",""kind"":""manufacturer-troubleshooting"",""title"":""Maytag top-load washer LdL lid-lock error"",""publisher"":""Maytag"",""url"":""https://producthelp.maytag.com/Laundry/Washers/Top_Load_Washer/Error_Codes_or_Flashing_Lights/Other_Error_Codes/LdL_-_Error_Code"",""appliesTo"":""Maytag top-load washers that display LdL; models without that code need manual confirmation"",""lastVerified"":""2026-08-28""}]","","false","","Purchase promotion is limited to the category's separately reviewed default component route."
"maytag-mvw4505mw__will-not-start","maytag-mvw4505mw","washer","Maytag","MVW4505MW","family-only","[]","will-not-start","true","guided-checks","maytag-mvw4505mw::will-not-start","[{""id"":""washer-maytag-top-start"",""kind"":""manufacturer-troubleshooting"",""title"":""Maytag Washer will not start owner guidance"",""publisher"":""Maytag"",""url"":""https://producthelp.maytag.com/Laundry/Washers/Top_Load_Washer/Operation/Not_Operating/Not_Starting_-_Washer"",""appliesTo"":""Maytag top-load washers"",""lastVerified"":""2026-08-29""}]","","false","","Purchase promotion is limited to the category's separately reviewed default component route."
"maytag-mvw4505mw__will-not-spin","maytag-mvw4505mw","washer","Maytag","MVW4505MW","family-only","[]","will-not-spin","true","guided-checks","maytag-mvw4505mw::will-not-spin","[{""id"":""washer-maytag-top-spin"",""kind"":""manufacturer-troubleshooting"",""title"":""Maytag Washer will not spin owner guidance"",""publisher"":""Maytag"",""url"":""https://producthelp.maytag.com/Laundry/Washers/Top_Load_Washer/Cycle_Concerns/Not_Spinning_-_Washer"",""appliesTo"":""Maytag top-load washers"",""lastVerified"":""2026-08-29""}]","","false","","Purchase promotion is limited to the category's separately reviewed default component route."
"maytag-mvw4505mw__is-leaking","maytag-mvw4505mw","washer","Maytag","MVW4505MW","family-only","[]","is-leaking","true","guided-checks","maytag-mvw4505mw::is-leaking","[{""id"":""washer-maytag-top-leak"",""kind"":""manufacturer-troubleshooting"",""title"":""Maytag Washer is leaking owner guidance"",""publisher"":""Maytag"",""url"":""https://producthelp.maytag.com/Laundry/Washers/Top_Load_Washer/Water/Leaking/Leaking_from_Front_or_Top_-_Washer"",""appliesTo"":""Maytag top-load washers"",""lastVerified"":""2026-08-29""}]","","false","","Purchase promotion is limited to the category's separately reviewed default component route."
"maytag-mhw5500fw__will-not-drain","maytag-mhw5500fw","washer","Maytag","MHW5500FW","family-only","[]","will-not-drain","true","guided-checks","maytag-mhw5500fw::will-not-drain","[{""id"":""exp-maytag-front-washer-drain"",""kind"":""manufacturer-troubleshooting"",""title"":""Maytag front-load washer not-draining guidance"",""publisher"":""Maytag"",""url"":""https://producthelp.maytag.com/Laundry/Washers/Front_Load_Washers/Cycle_Concerns/Not_Draining/Not_Draining_-_Front_Load_Washer"",""appliesTo"":""Maytag front-load washers"",""lastVerified"":""2026-08-27""}]","","false","","A complete revision code is not independently verified for this catalog identity."
"maytag-mhw5500fw__door-will-not-close","maytag-mhw5500fw","washer","Maytag","MHW5500FW","family-only","[]","door-will-not-close","true","guided-checks","maytag-mhw5500fw::door-will-not-close","[{""id"":""maytag-front-washer-door"",""kind"":""manufacturer-troubleshooting"",""title"":""Maytag front-load washer door will not lock"",""publisher"":""Maytag"",""url"":""https://producthelp.maytag.com/Laundry/Washers/Front_Load_Washers/Door_Issues/Door_Will_Not_Lock_or_Unlock_-_Front_Load_Washer"",""appliesTo"":""Maytag front-load washers"",""lastVerified"":""2026-08-28""}]","","false","","Purchase promotion is limited to the category's separately reviewed default component route."
"maytag-mhw5500fw__will-not-start","maytag-mhw5500fw","washer","Maytag","MHW5500FW","family-only","[]","will-not-start","true","guided-checks","maytag-mhw5500fw::will-not-start","[{""id"":""washer-maytag-front-start"",""kind"":""manufacturer-troubleshooting"",""title"":""Maytag Washer will not start owner guidance"",""publisher"":""Maytag"",""url"":""https://producthelp.maytag.com/Laundry/Washers/Front_Load_Washers/Not_Starting_or_Not_Operating/Not_Starting_or_Not_Operating/Not_Starting_or_Not_Operating_-_Front_Load_Washer"",""appliesTo"":""Maytag front-load washers"",""lastVerified"":""2026-08-29""}]","","false","","Purchase promotion is limited to the category's separately reviewed default component route."
"maytag-mhw5500fw__will-not-spin","maytag-mhw5500fw","washer","Maytag","MHW5500FW","family-only","[]","will-not-spin","true","guided-checks","maytag-mhw5500fw::will-not-spin","[{""id"":""washer-maytag-front-spin"",""kind"":""manufacturer-troubleshooting"",""title"":""Maytag Washer will not spin owner guidance"",""publisher"":""Maytag"",""url"":""https://producthelp.maytag.com/Laundry/Washers/Front_Load_Washers/Not_Starting_or_Not_Operating/Not_Spinning/Not_Spinning_-_Front_Load_Washer"",""appliesTo"":""Maytag front-load washers"",""lastVerified"":""2026-08-29""}]","","false","","Purchase promotion is limited to the category's separately reviewed default component route."
"maytag-mhw5500fw__is-leaking","maytag-mhw5500fw","washer","Maytag","MHW5500FW","family-only","[]","is-leaking","true","guided-checks","maytag-mhw5500fw::is-leaking","[{""id"":""washer-maytag-front-leak"",""kind"":""manufacturer-troubleshooting"",""title"":""Maytag Washer is leaking owner guidance"",""publisher"":""Maytag"",""url"":""https://producthelp.maytag.com/Laundry/Washers/Front_Load_Washers/Leaking/Leaking_from_Underneath_or_Bottom_-_Front_Load_Washer"",""appliesTo"":""Maytag front-load washers"",""lastVerified"":""2026-08-29""}]","","false","","Purchase promotion is limited to the category's separately reviewed default component route."
"amana-nfw5800hw__will-not-drain","amana-nfw5800hw","washer","Amana","NFW5800HW","family-only","[]","will-not-drain","true","guided-checks","amana-nfw5800hw::will-not-drain","[{""id"":""exp-amana-front-washer-drain"",""kind"":""manufacturer-troubleshooting"",""title"":""Amana front-load washer not-draining guidance"",""publisher"":""Amana"",""url"":""https://producthelp.amana.com/Laundry/Washers/Front_Load_Washers/Cycle_Concerns/Not_Draining/Not_Draining_-_Front_Load_Washer"",""appliesTo"":""Amana front-load washers"",""lastVerified"":""2026-08-27""}]","","false","","A complete revision code is not independently verified for this catalog identity."
"amana-nfw5800hw__door-will-not-close","amana-nfw5800hw","washer","Amana","NFW5800HW","family-only","[]","door-will-not-close","true","guided-checks","amana-nfw5800hw::door-will-not-close","[{""id"":""amana-front-washer-door"",""kind"":""manufacturer-troubleshooting"",""title"":""Amana front-load washer door will not lock"",""publisher"":""Amana"",""url"":""https://producthelp.amana.com/Laundry/Washers/Front_Load_Washers/Door_Issues/Door_Will_Not_Lock_-_Front_Load_Washer"",""appliesTo"":""Amana front-load washers"",""lastVerified"":""2026-08-28""}]","","false","","Purchase promotion is limited to the category's separately reviewed default component route."
"amana-nfw5800hw__will-not-start","amana-nfw5800hw","washer","Amana","NFW5800HW","family-only","[]","will-not-start","true","guided-checks","amana-nfw5800hw::will-not-start","[{""id"":""washer-amana-front-start"",""kind"":""manufacturer-troubleshooting"",""title"":""Amana Washer will not start owner guidance"",""publisher"":""Amana"",""url"":""https://producthelp.amana.com/Laundry/Washers/Front_Load_Washers/Not_Starting_or_Not_Operating/Not_Starting_or_Not_Operating/Not_Starting_or_Not_Operating_-_Front_Load_Washer"",""appliesTo"":""Amana front-load washers"",""lastVerified"":""2026-08-29""}]","","false","","Purchase promotion is limited to the category's separately reviewed default component route."
"amana-nfw5800hw__will-not-spin","amana-nfw5800hw","washer","Amana","NFW5800HW","family-only","[]","will-not-spin","true","guided-checks","amana-nfw5800hw::will-not-spin","[{""id"":""washer-amana-front-spin"",""kind"":""manufacturer-troubleshooting"",""title"":""Amana Washer will not spin owner guidance"",""publisher"":""Amana"",""url"":""https://producthelp.amana.com/Laundry/Washers/Front_Load_Washers/Not_Starting_or_Not_Operating/Not_Spinning/Not_Spinning_-_Front_Load_Washer"",""appliesTo"":""Amana front-load washers"",""lastVerified"":""2026-08-29""}]","","false","","Purchase promotion is limited to the category's separately reviewed default component route."
"amana-nfw5800hw__is-leaking","amana-nfw5800hw","washer","Amana","NFW5800HW","family-only","[]","is-leaking","true","guided-checks","amana-nfw5800hw::is-leaking","[{""id"":""washer-amana-front-leak"",""kind"":""manufacturer-troubleshooting"",""title"":""Amana Washer is leaking owner guidance"",""publisher"":""Amana"",""url"":""https://producthelp.amana.com/Laundry/Washers/Front_Load_Washers/Leaking/Leaking_from_Underneath_or_Bottom_-_Front_Load_Washer"",""appliesTo"":""Amana front-load washers"",""lastVerified"":""2026-08-29""}]","","false","","Purchase promotion is limited to the category's separately reviewed default component route."
"samsung-wf46bg6500av__will-not-drain","samsung-wf46bg6500av","washer","Samsung","WF46BG6500AV","exact-code","[""WF46BG6500AVUS""]","will-not-drain","true","guided-checks","samsung-wf46bg6500av::will-not-drain","[{""id"":""exp-samsung-washer-drain"",""kind"":""manufacturer-troubleshooting"",""title"":""Samsung washing machine will-not-drain guidance"",""publisher"":""Samsung"",""url"":""https://www.samsung.com/us/support/troubleshoot/TSG10007110/"",""appliesTo"":""Samsung washers"",""lastVerified"":""2026-08-27""},{""id"":""exp-samsung-washer-filter"",""kind"":""manufacturer-troubleshooting"",""title"":""Samsung washer pump-filter cleaning"",""publisher"":""Samsung"",""url"":""https://www.samsung.com/us/support/answer/ANS10003197/"",""appliesTo"":""Samsung front-load washers with the documented access door"",""lastVerified"":""2026-08-27""}]","","false","","No accepted complete-revision → one exact-SKU compatibility chain plus separately verified seller offer is recorded."
"samsung-wf46bg6500av__door-will-not-close","samsung-wf46bg6500av","washer","Samsung","WF46BG6500AV","exact-code","[""WF46BG6500AVUS""]","door-will-not-close","true","guided-checks","samsung-wf46bg6500av::door-will-not-close","[{""id"":""samsung-washer-door"",""kind"":""manufacturer-troubleshooting"",""title"":""Samsung washer door error guidance"",""publisher"":""Samsung"",""url"":""https://www.samsung.com/us/support/troubleshoot/TSG10000997/"",""appliesTo"":""Samsung washers; exact error meaning varies by model and manual"",""lastVerified"":""2026-08-28""}]","","false","","Purchase promotion is limited to the category's separately reviewed default component route."
"samsung-wf46bg6500av__will-not-start","samsung-wf46bg6500av","washer","Samsung","WF46BG6500AV","exact-code","[""WF46BG6500AVUS""]","will-not-start","true","guided-checks","samsung-wf46bg6500av::will-not-start","[{""id"":""samsung-washer-start"",""kind"":""manufacturer-troubleshooting"",""title"":""Samsung washer start and power checks"",""publisher"":""Samsung"",""url"":""https://www.samsung.com/us/support/troubleshoot/TSG10007300/"",""appliesTo"":""Samsung front- and top-load washers; visible power, control-lock, door/lid, and cycle checks"",""lastVerified"":""2026-08-29""}]","","false","","Purchase promotion is limited to the category's separately reviewed default component route."
"samsung-wf46bg6500av__will-not-spin","samsung-wf46bg6500av","washer","Samsung","WF46BG6500AV","exact-code","[""WF46BG6500AVUS""]","will-not-spin","true","guided-checks","samsung-wf46bg6500av::will-not-spin","[{""id"":""samsung-washer-spin"",""kind"":""manufacturer-troubleshooting"",""title"":""Samsung washer spin checks"",""publisher"":""Samsung"",""url"":""https://www.samsung.com/us/support/troubleshoot/TSG10003486/"",""appliesTo"":""Samsung front- and top-load washers; load, drain, and closure observations; pump-filter access excluded unless separately confirmed"",""lastVerified"":""2026-08-29""}]","","false","","Purchase promotion is limited to the category's separately reviewed default component route."
"samsung-wf46bg6500av__is-leaking","samsung-wf46bg6500av","washer","Samsung","WF46BG6500AV","exact-code","[""WF46BG6500AVUS""]","is-leaking","true","guided-checks","samsung-wf46bg6500av::is-leaking","[{""id"":""samsung-washer-leak"",""kind"":""manufacturer-troubleshooting"",""title"":""Samsung washer leak checks"",""publisher"":""Samsung"",""url"":""https://www.samsung.com/us/support/troubleshoot/TSG10001007/"",""appliesTo"":""Samsung front- and top-load washers; topology-selected visible leak checks only"",""lastVerified"":""2026-08-29""}]","","false","","Purchase promotion is limited to the category's separately reviewed default component route."
"samsung-wf53bb8700at__will-not-drain","samsung-wf53bb8700at","washer","Samsung","WF53BB8700AT","exact-code","[""WF53BB8700ATUS""]","will-not-drain","true","purchase-ready","samsung-wf53bb8700at::will-not-drain","[{""id"":""exp-samsung-washer-drain"",""kind"":""manufacturer-troubleshooting"",""title"":""Samsung washing machine will-not-drain guidance"",""publisher"":""Samsung"",""url"":""https://www.samsung.com/us/support/troubleshoot/TSG10007110/"",""appliesTo"":""Samsung washers"",""lastVerified"":""2026-08-27""},{""id"":""exp-samsung-washer-filter"",""kind"":""manufacturer-troubleshooting"",""title"":""Samsung washer pump-filter cleaning"",""publisher"":""Samsung"",""url"":""https://www.samsung.com/us/support/answer/ANS10003197/"",""appliesTo"":""Samsung front-load washers with the documented access door"",""lastVerified"":""2026-08-27""}]","","true","{""name"":""Samsung washer drain pump assembly"",""sku"":""DC97-20621C"",""compatibleProductCodes"":[""WF53BB8700ATUS""],""installBoundary"":""professional-only"",""compatibilityEvidence"":[{""id"":""samsung-wf53bb8700atus-dc97-20621c-fit"",""kind"":""authorized-parts"",""title"":""Samsung-authorized drain-pump record listing WF53BB8700ATUS as compatible"",""publisher"":""Encompass"",""url"":""https://encompass.com/item/15091002/Samsung/DC97-20621C/"",""appliesTo"":""Samsung WF53BB8700ATUS uses drain-pump assembly DC97-20621C"",""lastVerified"":""2026-08-29""},{""id"":""samsung-wf53bb8700atus-exact-model-dc97-20621c"",""kind"":""authorized-parts"",""title"":""Samsung-authorized exact-model diagram naming assembly pump drain DC97-20621C"",""publisher"":""Encompass"",""url"":""https://partstore.encompass.com/model/SMGWF53BB8700ATUS/0000/"",""appliesTo"":""Samsung WF53BB8700ATUS exact-model diagram includes drain-pump assembly DC97-20621C"",""lastVerified"":""2026-08-29""},{""id"":""samsung-dc97-20621c-identity-2026-08-29"",""kind"":""authorized-parts"",""title"":""Samsung-authorized DC97-20621C drain-pump assembly page"",""publisher"":""Encompass"",""url"":""https://encompass.com/item/15091002/Samsung/DC97-20621C/"",""appliesTo"":""Samsung front-load washer drain-pump assembly DC97-20621C; exact appliance fits are listed on the same authorized record"",""lastVerified"":""2026-08-29""}],""sellerOffer"":{""provider"":""shopify-global-catalog"",""protocol"":""UCP"",""query"":""Samsung DC97-20621C washer drain pump exact part"",""exactSku"":""DC97-20621C"",""offerCountAtVerification"":5,""lastVerified"":""2026-08-29""}}",""
"samsung-wf53bb8700at__door-will-not-close","samsung-wf53bb8700at","washer","Samsung","WF53BB8700AT","exact-code","[""WF53BB8700ATUS""]","door-will-not-close","true","guided-checks","samsung-wf53bb8700at::door-will-not-close","[{""id"":""samsung-washer-door"",""kind"":""manufacturer-troubleshooting"",""title"":""Samsung washer door error guidance"",""publisher"":""Samsung"",""url"":""https://www.samsung.com/us/support/troubleshoot/TSG10000997/"",""appliesTo"":""Samsung washers; exact error meaning varies by model and manual"",""lastVerified"":""2026-08-28""}]","","false","","Purchase promotion is limited to the category's separately reviewed default component route."
"samsung-wf53bb8700at__will-not-start","samsung-wf53bb8700at","washer","Samsung","WF53BB8700AT","exact-code","[""WF53BB8700ATUS""]","will-not-start","true","guided-checks","samsung-wf53bb8700at::will-not-start","[{""id"":""samsung-washer-start"",""kind"":""manufacturer-troubleshooting"",""title"":""Samsung washer start and power checks"",""publisher"":""Samsung"",""url"":""https://www.samsung.com/us/support/troubleshoot/TSG10007300/"",""appliesTo"":""Samsung front- and top-load washers; visible power, control-lock, door/lid, and cycle checks"",""lastVerified"":""2026-08-29""}]","","false","","Purchase promotion is limited to the category's separately reviewed default component route."
"samsung-wf53bb8700at__will-not-spin","samsung-wf53bb8700at","washer","Samsung","WF53BB8700AT","exact-code","[""WF53BB8700ATUS""]","will-not-spin","true","guided-checks","samsung-wf53bb8700at::will-not-spin","[{""id"":""samsung-washer-spin"",""kind"":""manufacturer-troubleshooting"",""title"":""Samsung washer spin checks"",""publisher"":""Samsung"",""url"":""https://www.samsung.com/us/support/troubleshoot/TSG10003486/"",""appliesTo"":""Samsung front- and top-load washers; load, drain, and closure observations; pump-filter access excluded unless separately confirmed"",""lastVerified"":""2026-08-29""}]","","false","","Purchase promotion is limited to the category's separately reviewed default component route."
"samsung-wf53bb8700at__is-leaking","samsung-wf53bb8700at","washer","Samsung","WF53BB8700AT","exact-code","[""WF53BB8700ATUS""]","is-leaking","true","guided-checks","samsung-wf53bb8700at::is-leaking","[{""id"":""samsung-washer-leak"",""kind"":""manufacturer-troubleshooting"",""title"":""Samsung washer leak checks"",""publisher"":""Samsung"",""url"":""https://www.samsung.com/us/support/troubleshoot/TSG10001007/"",""appliesTo"":""Samsung front- and top-load washers; topology-selected visible leak checks only"",""lastVerified"":""2026-08-29""}]","","false","","Purchase promotion is limited to the category's separately reviewed default component route."
"samsung-wa50r5200aw__will-not-drain","samsung-wa50r5200aw","washer","Samsung","WA50R5200AW","exact-code","[""WA50R5200AW/US""]","will-not-drain","true","guided-checks","samsung-wa50r5200aw::will-not-drain","[{""id"":""exp-samsung-top-washer-drain"",""kind"":""manufacturer-troubleshooting"",""title"":""Samsung washing machine will-not-drain guidance"",""publisher"":""Samsung"",""url"":""https://www.samsung.com/us/support/troubleshoot/TSG10007110/"",""appliesTo"":""Samsung top-load washers"",""lastVerified"":""2026-08-27""}]","","false","","No accepted complete-revision → one exact-SKU compatibility chain plus separately verified seller offer is recorded."
"samsung-wa50r5200aw__door-will-not-close","samsung-wa50r5200aw","washer","Samsung","WA50R5200AW","exact-code","[""WA50R5200AW/US""]","door-will-not-close","true","guided-checks","samsung-wa50r5200aw::door-will-not-close","[{""id"":""samsung-washer-door"",""kind"":""manufacturer-troubleshooting"",""title"":""Samsung washer door error guidance"",""publisher"":""Samsung"",""url"":""https://www.samsung.com/us/support/troubleshoot/TSG10000997/"",""appliesTo"":""Samsung washers; exact error meaning varies by model and manual"",""lastVerified"":""2026-08-28""}]","","false","","Purchase promotion is limited to the category's separately reviewed default component route."
"samsung-wa50r5200aw__will-not-start","samsung-wa50r5200aw","washer","Samsung","WA50R5200AW","exact-code","[""WA50R5200AW/US""]","will-not-start","true","guided-checks","samsung-wa50r5200aw::will-not-start","[{""id"":""samsung-washer-start"",""kind"":""manufacturer-troubleshooting"",""title"":""Samsung washer start and power checks"",""publisher"":""Samsung"",""url"":""https://www.samsung.com/us/support/troubleshoot/TSG10007300/"",""appliesTo"":""Samsung front- and top-load washers; visible power, control-lock, door/lid, and cycle checks"",""lastVerified"":""2026-08-29""}]","","false","","Purchase promotion is limited to the category's separately reviewed default component route."
"samsung-wa50r5200aw__will-not-spin","samsung-wa50r5200aw","washer","Samsung","WA50R5200AW","exact-code","[""WA50R5200AW/US""]","will-not-spin","true","guided-checks","samsung-wa50r5200aw::will-not-spin","[{""id"":""samsung-washer-spin"",""kind"":""manufacturer-troubleshooting"",""title"":""Samsung washer spin checks"",""publisher"":""Samsung"",""url"":""https://www.samsung.com/us/support/troubleshoot/TSG10003486/"",""appliesTo"":""Samsung front- and top-load washers; load, drain, and closure observations; pump-filter access excluded unless separately confirmed"",""lastVerified"":""2026-08-29""}]","","false","","Purchase promotion is limited to the category's separately reviewed default component route."
"samsung-wa50r5200aw__is-leaking","samsung-wa50r5200aw","washer","Samsung","WA50R5200AW","exact-code","[""WA50R5200AW/US""]","is-leaking","true","guided-checks","samsung-wa50r5200aw::is-leaking","[{""id"":""samsung-washer-leak"",""kind"":""manufacturer-troubleshooting"",""title"":""Samsung washer leak checks"",""publisher"":""Samsung"",""url"":""https://www.samsung.com/us/support/troubleshoot/TSG10001007/"",""appliesTo"":""Samsung front- and top-load washers; topology-selected visible leak checks only"",""lastVerified"":""2026-08-29""}]","","false","","Purchase promotion is limited to the category's separately reviewed default component route."
"samsung-wa54cg7105aw__will-not-drain","samsung-wa54cg7105aw","washer","Samsung","WA54CG7105AW","exact-code","[""WA54CG7105AWUS""]","will-not-drain","true","purchase-ready","samsung-wa54cg7105aw::will-not-drain","[{""id"":""exp-samsung-top-washer-drain"",""kind"":""manufacturer-troubleshooting"",""title"":""Samsung washing machine will-not-drain guidance"",""publisher"":""Samsung"",""url"":""https://www.samsung.com/us/support/troubleshoot/TSG10007110/"",""appliesTo"":""Samsung top-load washers"",""lastVerified"":""2026-08-27""}]","","true","{""name"":""Samsung washer drain pump assembly"",""sku"":""DC97-22840A"",""compatibleProductCodes"":[""WA54CG7105AWUS""],""installBoundary"":""professional-only"",""compatibilityEvidence"":[{""id"":""samsung-wa54cg7105awus-dc97-22840a-fit"",""kind"":""authorized-parts"",""title"":""Samsung-authorized drain-pump record listing WA54CG7105AWUS as compatible"",""publisher"":""Encompass"",""url"":""https://encompass.com/item/12751076/Samsung/DC97-22840A/"",""appliesTo"":""Samsung WA54CG7105AWUS uses drain-pump assembly DC97-22840A"",""lastVerified"":""2026-08-29""},{""id"":""samsung-wa54cg7105awus-exact-model-dc97-22840a"",""kind"":""authorized-parts"",""title"":""Samsung-authorized exact-model diagram naming assembly pump drain DC97-22840A"",""publisher"":""Encompass"",""url"":""https://encompass.com/model/SMGWA54CG7105AWUS/0052/"",""appliesTo"":""Samsung WA54CG7105AWUS exact-model diagram includes drain-pump assembly DC97-22840A"",""lastVerified"":""2026-08-29""},{""id"":""samsung-dc97-22840a-identity-2026-08-29"",""kind"":""authorized-parts"",""title"":""Samsung-authorized DC97-22840A drain-pump assembly page"",""publisher"":""Encompass"",""url"":""https://encompass.com/item/12751076/Samsung/DC97-22840A/"",""appliesTo"":""Samsung washer drain-pump assembly DC97-22840A; exact appliance fits are listed on the same authorized record"",""lastVerified"":""2026-08-29""}],""sellerOffer"":{""provider"":""shopify-global-catalog"",""protocol"":""UCP"",""query"":""Samsung DC97-22840A washer drain pump exact part"",""exactSku"":""DC97-22840A"",""offerCountAtVerification"":5,""lastVerified"":""2026-08-29""}}",""
"samsung-wa54cg7105aw__door-will-not-close","samsung-wa54cg7105aw","washer","Samsung","WA54CG7105AW","exact-code","[""WA54CG7105AWUS""]","door-will-not-close","true","guided-checks","samsung-wa54cg7105aw::door-will-not-close","[{""id"":""samsung-washer-door"",""kind"":""manufacturer-troubleshooting"",""title"":""Samsung washer door error guidance"",""publisher"":""Samsung"",""url"":""https://www.samsung.com/us/support/troubleshoot/TSG10000997/"",""appliesTo"":""Samsung washers; exact error meaning varies by model and manual"",""lastVerified"":""2026-08-28""}]","","false","","Purchase promotion is limited to the category's separately reviewed default component route."
"samsung-wa54cg7105aw__will-not-start","samsung-wa54cg7105aw","washer","Samsung","WA54CG7105AW","exact-code","[""WA54CG7105AWUS""]","will-not-start","true","guided-checks","samsung-wa54cg7105aw::will-not-start","[{""id"":""samsung-washer-start"",""kind"":""manufacturer-troubleshooting"",""title"":""Samsung washer start and power checks"",""publisher"":""Samsung"",""url"":""https://www.samsung.com/us/support/troubleshoot/TSG10007300/"",""appliesTo"":""Samsung front- and top-load washers; visible power, control-lock, door/lid, and cycle checks"",""lastVerified"":""2026-08-29""}]","","false","","Purchase promotion is limited to the category's separately reviewed default component route."
"samsung-wa54cg7105aw__will-not-spin","samsung-wa54cg7105aw","washer","Samsung","WA54CG7105AW","exact-code","[""WA54CG7105AWUS""]","will-not-spin","true","guided-checks","samsung-wa54cg7105aw::will-not-spin","[{""id"":""samsung-washer-spin"",""kind"":""manufacturer-troubleshooting"",""title"":""Samsung washer spin checks"",""publisher"":""Samsung"",""url"":""https://www.samsung.com/us/support/troubleshoot/TSG10003486/"",""appliesTo"":""Samsung front- and top-load washers; load, drain, and closure observations; pump-filter access excluded unless separately confirmed"",""lastVerified"":""2026-08-29""}]","","false","","Purchase promotion is limited to the category's separately reviewed default component route."
"samsung-wa54cg7105aw__is-leaking","samsung-wa54cg7105aw","washer","Samsung","WA54CG7105AW","exact-code","[""WA54CG7105AWUS""]","is-leaking","true","guided-checks","samsung-wa54cg7105aw::is-leaking","[{""id"":""samsung-washer-leak"",""kind"":""manufacturer-troubleshooting"",""title"":""Samsung washer leak checks"",""publisher"":""Samsung"",""url"":""https://www.samsung.com/us/support/troubleshoot/TSG10001007/"",""appliesTo"":""Samsung front- and top-load washers; topology-selected visible leak checks only"",""lastVerified"":""2026-08-29""}]","","false","","Purchase promotion is limited to the category's separately reviewed default component route."
"samsung-wa55cg7100aw__will-not-drain","samsung-wa55cg7100aw","washer","Samsung","WA55CG7100AW","exact-code","[""WA55CG7100AWUS""]","will-not-drain","true","purchase-ready","samsung-wa55cg7100aw::will-not-drain","[{""id"":""exp-samsung-top-washer-drain"",""kind"":""manufacturer-troubleshooting"",""title"":""Samsung washing machine will-not-drain guidance"",""publisher"":""Samsung"",""url"":""https://www.samsung.com/us/support/troubleshoot/TSG10007110/"",""appliesTo"":""Samsung top-load washers"",""lastVerified"":""2026-08-27""}]","","true","{""name"":""Samsung washer drain pump assembly"",""sku"":""DC97-22840A"",""compatibleProductCodes"":[""WA55CG7100AWUS""],""installBoundary"":""professional-only"",""compatibilityEvidence"":[{""id"":""samsung-wa55cg7100awus-dc97-22840a-fit"",""kind"":""authorized-parts"",""title"":""Samsung-authorized drain-pump record listing WA55CG7100AWUS as compatible"",""publisher"":""Encompass"",""url"":""https://encompass.com/item/12751076/Samsung/DC97-22840A/"",""appliesTo"":""Samsung WA55CG7100AWUS uses drain-pump assembly DC97-22840A"",""lastVerified"":""2026-08-29""},{""id"":""samsung-wa55cg7100awus-exact-model-dc97-22840a"",""kind"":""authorized-parts"",""title"":""Samsung-authorized exact-model diagram naming assembly pump drain DC97-22840A"",""publisher"":""Encompass"",""url"":""https://partstore.encompass.com/model/SMGWA55CG7100AWUS/0000/"",""appliesTo"":""Samsung WA55CG7100AWUS exact-model diagram includes drain-pump assembly DC97-22840A"",""lastVerified"":""2026-08-29""},{""id"":""samsung-dc97-22840a-identity-2026-08-29"",""kind"":""authorized-parts"",""title"":""Samsung-authorized DC97-22840A drain-pump assembly page"",""publisher"":""Encompass"",""url"":""https://encompass.com/item/12751076/Samsung/DC97-22840A/"",""appliesTo"":""Samsung washer drain-pump assembly DC97-22840A; exact appliance fits are listed on the same authorized record"",""lastVerified"":""2026-08-29""}],""sellerOffer"":{""provider"":""shopify-global-catalog"",""protocol"":""UCP"",""query"":""Samsung DC97-22840A washer drain pump exact part"",""exactSku"":""DC97-22840A"",""offerCountAtVerification"":5,""lastVerified"":""2026-08-29""}}",""
"samsung-wa55cg7100aw__door-will-not-close","samsung-wa55cg7100aw","washer","Samsung","WA55CG7100AW","exact-code","[""WA55CG7100AWUS""]","door-will-not-close","true","guided-checks","samsung-wa55cg7100aw::door-will-not-close","[{""id"":""samsung-washer-door"",""kind"":""manufacturer-troubleshooting"",""title"":""Samsung washer door error guidance"",""publisher"":""Samsung"",""url"":""https://www.samsung.com/us/support/troubleshoot/TSG10000997/"",""appliesTo"":""Samsung washers; exact error meaning varies by model and manual"",""lastVerified"":""2026-08-28""}]","","false","","Purchase promotion is limited to the category's separately reviewed default component route."
"samsung-wa55cg7100aw__will-not-start","samsung-wa55cg7100aw","washer","Samsung","WA55CG7100AW","exact-code","[""WA55CG7100AWUS""]","will-not-start","true","guided-checks","samsung-wa55cg7100aw::will-not-start","[{""id"":""samsung-washer-start"",""kind"":""manufacturer-troubleshooting"",""title"":""Samsung washer start and power checks"",""publisher"":""Samsung"",""url"":""https://www.samsung.com/us/support/troubleshoot/TSG10007300/"",""appliesTo"":""Samsung front- and top-load washers; visible power, control-lock, door/lid, and cycle checks"",""lastVerified"":""2026-08-29""}]","","false","","Purchase promotion is limited to the category's separately reviewed default component route."
"samsung-wa55cg7100aw__will-not-spin","samsung-wa55cg7100aw","washer","Samsung","WA55CG7100AW","exact-code","[""WA55CG7100AWUS""]","will-not-spin","true","guided-checks","samsung-wa55cg7100aw::will-not-spin","[{""id"":""samsung-washer-spin"",""kind"":""manufacturer-troubleshooting"",""title"":""Samsung washer spin checks"",""publisher"":""Samsung"",""url"":""https://www.samsung.com/us/support/troubleshoot/TSG10003486/"",""appliesTo"":""Samsung front- and top-load washers; load, drain, and closure observations; pump-filter access excluded unless separately confirmed"",""lastVerified"":""2026-08-29""}]","","false","","Purchase promotion is limited to the category's separately reviewed default component route."
"samsung-wa55cg7100aw__is-leaking","samsung-wa55cg7100aw","washer","Samsung","WA55CG7100AW","exact-code","[""WA55CG7100AWUS""]","is-leaking","true","guided-checks","samsung-wa55cg7100aw::is-leaking","[{""id"":""samsung-washer-leak"",""kind"":""manufacturer-troubleshooting"",""title"":""Samsung washer leak checks"",""publisher"":""Samsung"",""url"":""https://www.samsung.com/us/support/troubleshoot/TSG10001007/"",""appliesTo"":""Samsung front- and top-load washers; topology-selected visible leak checks only"",""lastVerified"":""2026-08-29""}]","","false","","Purchase promotion is limited to the category's separately reviewed default component route."
"lg-wm3600hwa__will-not-drain","lg-wm3600hwa","washer","LG","WM3600HWA","exact-code","[""WM3600HWA.ABWEUUS""]","will-not-drain","true","guided-checks","lg-wm3600hwa::will-not-drain","[{""id"":""exp-lg-front-washer-drain"",""kind"":""manufacturer-troubleshooting"",""title"":""LG washer water-not-draining guidance"",""publisher"":""LG"",""url"":""https://www.lg.com/us/support/help-library/lg-washing-machine-water-not-draining--20154726902590"",""appliesTo"":""LG front-load washers"",""lastVerified"":""2026-08-27""},{""id"":""exp-lg-front-washer-filter"",""kind"":""manufacturer-troubleshooting"",""title"":""LG drain-pump filter cleaning"",""publisher"":""LG"",""url"":""https://www.lg.com/us/support/help-library/lg-washer-how-to-clean-the-drain-pump-filter--20150206838321"",""appliesTo"":""LG front-load washers with the documented filter door"",""lastVerified"":""2026-08-27""}]","","false","","No accepted complete-revision → one exact-SKU compatibility chain plus separately verified seller offer is recorded."
"lg-wm3600hwa__door-will-not-close","lg-wm3600hwa","washer","LG","WM3600HWA","exact-code","[""WM3600HWA.ABWEUUS""]","door-will-not-close","true","guided-checks","lg-wm3600hwa::door-will-not-close","[{""id"":""lg-front-washer-door"",""kind"":""manufacturer-troubleshooting"",""title"":""LG front-load washer dE/dE1/dE2 door errors"",""publisher"":""LG"",""url"":""https://www.lg.com/us/support/help-library/front-load-washer-what-are-de-de1-and-de2-error-codes--1400508168566"",""appliesTo"":""LG front-load washers; all-model article with model-dependent visuals"",""lastVerified"":""2026-08-28""}]","","false","","Purchase promotion is limited to the category's separately reviewed default component route."
"lg-wm3600hwa__will-not-start","lg-wm3600hwa","washer","LG","WM3600HWA","exact-code","[""WM3600HWA.ABWEUUS""]","will-not-start","true","guided-checks","lg-wm3600hwa::will-not-start","[{""id"":""lg-washer-start"",""kind"":""manufacturer-troubleshooting"",""title"":""LG washer unresponsive-control checks"",""publisher"":""LG"",""url"":""https://www.lg.com/us/support/help-library/lg-washer-troubleshooting-unresponsive-washer-buttons-CT10000012-20152367429605"",""appliesTo"":""LG front- and top-load washers; visible controls and lock state only"",""lastVerified"":""2026-08-29""}]","","false","","Purchase promotion is limited to the category's separately reviewed default component route."
"lg-wm3600hwa__will-not-spin","lg-wm3600hwa","washer","LG","WM3600HWA","exact-code","[""WM3600HWA.ABWEUUS""]","will-not-spin","true","guided-checks","lg-wm3600hwa::will-not-spin","[{""id"":""lg-washer-spin"",""kind"":""manufacturer-troubleshooting"",""title"":""LG washer drum-not-spinning checks"",""publisher"":""LG"",""url"":""https://www.lg.com/us/support/help-library/lg-washer-troubleshooting-washing-machine-drum-not-spinning-CT10000010-20150584818000"",""appliesTo"":""LG front- and top-load washers; load, drain, and closure observations only"",""lastVerified"":""2026-08-29""}]","","false","","Purchase promotion is limited to the category's separately reviewed default component route."
"lg-wm3600hwa__is-leaking","lg-wm3600hwa","washer","LG","WM3600HWA","exact-code","[""WM3600HWA.ABWEUUS""]","is-leaking","true","guided-checks","lg-wm3600hwa::is-leaking","[{""id"":""lg-washer-leak"",""kind"":""manufacturer-troubleshooting"",""title"":""LG washer leak troubleshooting"",""publisher"":""LG"",""url"":""https://www.lg.com/us/support/help-library/leaking-washing-machine-troubleshooting-guide-CT10000010-20150295652820"",""appliesTo"":""LG front- and top-load washers; topology-selected visible leak checks only"",""lastVerified"":""2026-08-29""}]","","false","","Purchase promotion is limited to the category's separately reviewed default component route."
"lg-wm5500hwa__will-not-drain","lg-wm5500hwa","washer","LG","WM5500HWA","exact-code","[""WM5500HWA.ABWEUUS""]","will-not-drain","true","guided-checks","lg-wm5500hwa::will-not-drain","[{""id"":""exp-lg-front-washer-drain"",""kind"":""manufacturer-troubleshooting"",""title"":""LG washer water-not-draining guidance"",""publisher"":""LG"",""url"":""https://www.lg.com/us/support/help-library/lg-washing-machine-water-not-draining--20154726902590"",""appliesTo"":""LG front-load washers"",""lastVerified"":""2026-08-27""},{""id"":""exp-lg-front-washer-filter"",""kind"":""manufacturer-troubleshooting"",""title"":""LG drain-pump filter cleaning"",""publisher"":""LG"",""url"":""https://www.lg.com/us/support/help-library/lg-washer-how-to-clean-the-drain-pump-filter--20150206838321"",""appliesTo"":""LG front-load washers with the documented filter door"",""lastVerified"":""2026-08-27""}]","","false","","No accepted complete-revision → one exact-SKU compatibility chain plus separately verified seller offer is recorded."
"lg-wm5500hwa__door-will-not-close","lg-wm5500hwa","washer","LG","WM5500HWA","exact-code","[""WM5500HWA.ABWEUUS""]","door-will-not-close","true","guided-checks","lg-wm5500hwa::door-will-not-close","[{""id"":""lg-front-washer-door"",""kind"":""manufacturer-troubleshooting"",""title"":""LG front-load washer dE/dE1/dE2 door errors"",""publisher"":""LG"",""url"":""https://www.lg.com/us/support/help-library/front-load-washer-what-are-de-de1-and-de2-error-codes--1400508168566"",""appliesTo"":""LG front-load washers; all-model article with model-dependent visuals"",""lastVerified"":""2026-08-28""}]","","false","","Purchase promotion is limited to the category's separately reviewed default component route."
"lg-wm5500hwa__will-not-start","lg-wm5500hwa","washer","LG","WM5500HWA","exact-code","[""WM5500HWA.ABWEUUS""]","will-not-start","true","guided-checks","lg-wm5500hwa::will-not-start","[{""id"":""lg-washer-start"",""kind"":""manufacturer-troubleshooting"",""title"":""LG washer unresponsive-control checks"",""publisher"":""LG"",""url"":""https://www.lg.com/us/support/help-library/lg-washer-troubleshooting-unresponsive-washer-buttons-CT10000012-20152367429605"",""appliesTo"":""LG front- and top-load washers; visible controls and lock state only"",""lastVerified"":""2026-08-29""}]","","false","","Purchase promotion is limited to the category's separately reviewed default component route."
"lg-wm5500hwa__will-not-spin","lg-wm5500hwa","washer","LG","WM5500HWA","exact-code","[""WM5500HWA.ABWEUUS""]","will-not-spin","true","guided-checks","lg-wm5500hwa::will-not-spin","[{""id"":""lg-washer-spin"",""kind"":""manufacturer-troubleshooting"",""title"":""LG washer drum-not-spinning checks"",""publisher"":""LG"",""url"":""https://www.lg.com/us/support/help-library/lg-washer-troubleshooting-washing-machine-drum-not-spinning-CT10000010-20150584818000"",""appliesTo"":""LG front- and top-load washers; load, drain, and closure observations only"",""lastVerified"":""2026-08-29""}]","","false","","Purchase promotion is limited to the category's separately reviewed default component route."
"lg-wm5500hwa__is-leaking","lg-wm5500hwa","washer","LG","WM5500HWA","exact-code","[""WM5500HWA.ABWEUUS""]","is-leaking","true","guided-checks","lg-wm5500hwa::is-leaking","[{""id"":""lg-washer-leak"",""kind"":""manufacturer-troubleshooting"",""title"":""LG washer leak troubleshooting"",""publisher"":""LG"",""url"":""https://www.lg.com/us/support/help-library/leaking-washing-machine-troubleshooting-guide-CT10000010-20150295652820"",""appliesTo"":""LG front- and top-load washers; topology-selected visible leak checks only"",""lastVerified"":""2026-08-29""}]","","false","","Purchase promotion is limited to the category's separately reviewed default component route."
"lg-wm6700hba__will-not-drain","lg-wm6700hba","washer","LG","WM6700HBA","exact-code","[""WM6700HBA.ABLEVUS""]","will-not-drain","true","purchase-ready","lg-wm6700hba::will-not-drain","[{""id"":""exp-lg-front-washer-drain"",""kind"":""manufacturer-troubleshooting"",""title"":""LG washer water-not-draining guidance"",""publisher"":""LG"",""url"":""https://www.lg.com/us/support/help-library/lg-washing-machine-water-not-draining--20154726902590"",""appliesTo"":""LG front-load washers"",""lastVerified"":""2026-08-27""},{""id"":""exp-lg-front-washer-filter"",""kind"":""manufacturer-troubleshooting"",""title"":""LG drain-pump filter cleaning"",""publisher"":""LG"",""url"":""https://www.lg.com/us/support/help-library/lg-washer-how-to-clean-the-drain-pump-filter--20150206838321"",""appliesTo"":""LG front-load washers with the documented filter door"",""lastVerified"":""2026-08-27""}]","","true","{""name"":""LG washer drain pump assembly"",""sku"":""AHA75853813"",""compatibleProductCodes"":[""WM6700HBA.ABLEVUS""],""installBoundary"":""professional-only"",""compatibilityEvidence"":[{""id"":""lg-wm6700hba-ablevus-aha75853813"",""kind"":""authorized-parts"",""title"":""LG-authorized exact-revision parts page with one drain-pump assembly row"",""publisher"":""Encompass"",""url"":""https://partstore.encompass.com/model/ZENWM6700HBA/ABLEVUS/"",""appliesTo"":""LG WM6700HBA.ABLEVUS uses drain-pump assembly AHA75853813 at schematic location F102"",""lastVerified"":""2026-08-29""},{""id"":""lg-aha75853813-identity-2026-08-29"",""kind"":""authorized-parts"",""title"":""LG-authorized AHA75853813 drain-pump assembly page"",""publisher"":""Encompass"",""url"":""https://partstore.encompass.com/item/13054755/LG/AHA75853813/"",""appliesTo"":""LG drain-pump assembly AHA75853813; exact washer fit is established on each authorized exact-revision parts page"",""lastVerified"":""2026-08-29""}],""sellerOffer"":{""provider"":""shopify-global-catalog"",""protocol"":""UCP"",""query"":""LG AHA75853813 washer drain pump exact part"",""exactSku"":""AHA75853813"",""offerCountAtVerification"":5,""lastVerified"":""2026-08-29""}}",""
"lg-wm6700hba__door-will-not-close","lg-wm6700hba","washer","LG","WM6700HBA","exact-code","[""WM6700HBA.ABLEVUS""]","door-will-not-close","true","guided-checks","lg-wm6700hba::door-will-not-close","[{""id"":""lg-front-washer-door"",""kind"":""manufacturer-troubleshooting"",""title"":""LG front-load washer dE/dE1/dE2 door errors"",""publisher"":""LG"",""url"":""https://www.lg.com/us/support/help-library/front-load-washer-what-are-de-de1-and-de2-error-codes--1400508168566"",""appliesTo"":""LG front-load washers; all-model article with model-dependent visuals"",""lastVerified"":""2026-08-28""}]","","false","","Purchase promotion is limited to the category's separately reviewed default component route."
"lg-wm6700hba__will-not-start","lg-wm6700hba","washer","LG","WM6700HBA","exact-code","[""WM6700HBA.ABLEVUS""]","will-not-start","true","guided-checks","lg-wm6700hba::will-not-start","[{""id"":""lg-washer-start"",""kind"":""manufacturer-troubleshooting"",""title"":""LG washer unresponsive-control checks"",""publisher"":""LG"",""url"":""https://www.lg.com/us/support/help-library/lg-washer-troubleshooting-unresponsive-washer-buttons-CT10000012-20152367429605"",""appliesTo"":""LG front- and top-load washers; visible controls and lock state only"",""lastVerified"":""2026-08-29""}]","","false","","Purchase promotion is limited to the category's separately reviewed default component route."
"lg-wm6700hba__will-not-spin","lg-wm6700hba","washer","LG","WM6700HBA","exact-code","[""WM6700HBA.ABLEVUS""]","will-not-spin","true","guided-checks","lg-wm6700hba::will-not-spin","[{""id"":""lg-washer-spin"",""kind"":""manufacturer-troubleshooting"",""title"":""LG washer drum-not-spinning checks"",""publisher"":""LG"",""url"":""https://www.lg.com/us/support/help-library/lg-washer-troubleshooting-washing-machine-drum-not-spinning-CT10000010-20150584818000"",""appliesTo"":""LG front- and top-load washers; load, drain, and closure observations only"",""lastVerified"":""2026-08-29""}]","","false","","Purchase promotion is limited to the category's separately reviewed default component route."
"lg-wm6700hba__is-leaking","lg-wm6700hba","washer","LG","WM6700HBA","exact-code","[""WM6700HBA.ABLEVUS""]","is-leaking","true","guided-checks","lg-wm6700hba::is-leaking","[{""id"":""lg-washer-leak"",""kind"":""manufacturer-troubleshooting"",""title"":""LG washer leak troubleshooting"",""publisher"":""LG"",""url"":""https://www.lg.com/us/support/help-library/leaking-washing-machine-troubleshooting-guide-CT10000010-20150295652820"",""appliesTo"":""LG front- and top-load washers; topology-selected visible leak checks only"",""lastVerified"":""2026-08-29""}]","","false","","Purchase promotion is limited to the category's separately reviewed default component route."
"lg-wt6105cw__will-not-drain","lg-wt6105cw","washer","LG","WT6105CW","exact-code","[""WT6105CW.BBWETUS""]","will-not-drain","true","guided-checks","lg-wt6105cw::will-not-drain","[{""id"":""exp-lg-top-washer-drain"",""kind"":""manufacturer-troubleshooting"",""title"":""LG top-load washer OE/no-drain guidance"",""publisher"":""LG"",""url"":""https://www.lg.com/us/support/help-library/lg-top-load-washer-troubleshooting-an-oe-error-code-CT00000305-1425330996723"",""appliesTo"":""LG top-load washers"",""lastVerified"":""2026-08-27""}]","","false","","No accepted complete-revision → one exact-SKU compatibility chain plus separately verified seller offer is recorded."
"lg-wt6105cw__door-will-not-close","lg-wt6105cw","washer","LG","WT6105CW","exact-code","[""WT6105CW.BBWETUS""]","door-will-not-close","true","guided-checks","lg-wt6105cw::door-will-not-close","[{""id"":""lg-top-washer-lid"",""kind"":""manufacturer-troubleshooting"",""title"":""LG top-load washer door will not close"",""publisher"":""LG"",""url"":""https://www.lg.com/us/support/help-library/troubleshooting-an-lg-top-load-washer-door-that-will-not-close-properly-CT10000010-20152830489687"",""appliesTo"":""LG top-load washers; all-model article with model-dependent visuals"",""lastVerified"":""2026-08-28""}]","","false","","Purchase promotion is limited to the category's separately reviewed default component route."
"lg-wt6105cw__will-not-start","lg-wt6105cw","washer","LG","WT6105CW","exact-code","[""WT6105CW.BBWETUS""]","will-not-start","true","guided-checks","lg-wt6105cw::will-not-start","[{""id"":""lg-washer-start"",""kind"":""manufacturer-troubleshooting"",""title"":""LG washer unresponsive-control checks"",""publisher"":""LG"",""url"":""https://www.lg.com/us/support/help-library/lg-washer-troubleshooting-unresponsive-washer-buttons-CT10000012-20152367429605"",""appliesTo"":""LG front- and top-load washers; visible controls and lock state only"",""lastVerified"":""2026-08-29""}]","","false","","Purchase promotion is limited to the category's separately reviewed default component route."
"lg-wt6105cw__will-not-spin","lg-wt6105cw","washer","LG","WT6105CW","exact-code","[""WT6105CW.BBWETUS""]","will-not-spin","true","guided-checks","lg-wt6105cw::will-not-spin","[{""id"":""lg-washer-spin"",""kind"":""manufacturer-troubleshooting"",""title"":""LG washer drum-not-spinning checks"",""publisher"":""LG"",""url"":""https://www.lg.com/us/support/help-library/lg-washer-troubleshooting-washing-machine-drum-not-spinning-CT10000010-20150584818000"",""appliesTo"":""LG front- and top-load washers; load, drain, and closure observations only"",""lastVerified"":""2026-08-29""}]","","false","","Purchase promotion is limited to the category's separately reviewed default component route."
"lg-wt6105cw__is-leaking","lg-wt6105cw","washer","LG","WT6105CW","exact-code","[""WT6105CW.BBWETUS""]","is-leaking","true","guided-checks","lg-wt6105cw::is-leaking","[{""id"":""lg-washer-leak"",""kind"":""manufacturer-troubleshooting"",""title"":""LG washer leak troubleshooting"",""publisher"":""LG"",""url"":""https://www.lg.com/us/support/help-library/leaking-washing-machine-troubleshooting-guide-CT10000010-20150295652820"",""appliesTo"":""LG front- and top-load washers; topology-selected visible leak checks only"",""lastVerified"":""2026-08-29""}]","","false","","Purchase promotion is limited to the category's separately reviewed default component route."
"lg-wt7150cw__will-not-drain","lg-wt7150cw","washer","LG","WT7150CW","exact-code","[""WT7150CW.ABWETUS""]","will-not-drain","true","guided-checks","lg-wt7150cw::will-not-drain","[{""id"":""exp-lg-top-washer-drain"",""kind"":""manufacturer-troubleshooting"",""title"":""LG top-load washer OE/no-drain guidance"",""publisher"":""LG"",""url"":""https://www.lg.com/us/support/help-library/lg-top-load-washer-troubleshooting-an-oe-error-code-CT00000305-1425330996723"",""appliesTo"":""LG top-load washers"",""lastVerified"":""2026-08-27""}]","","false","","No accepted complete-revision → one exact-SKU compatibility chain plus separately verified seller offer is recorded."
"lg-wt7150cw__door-will-not-close","lg-wt7150cw","washer","LG","WT7150CW","exact-code","[""WT7150CW.ABWETUS""]","door-will-not-close","true","guided-checks","lg-wt7150cw::door-will-not-close","[{""id"":""lg-top-washer-lid"",""kind"":""manufacturer-troubleshooting"",""title"":""LG top-load washer door will not close"",""publisher"":""LG"",""url"":""https://www.lg.com/us/support/help-library/troubleshooting-an-lg-top-load-washer-door-that-will-not-close-properly-CT10000010-20152830489687"",""appliesTo"":""LG top-load washers; all-model article with model-dependent visuals"",""lastVerified"":""2026-08-28""}]","","false","","Purchase promotion is limited to the category's separately reviewed default component route."
"lg-wt7150cw__will-not-start","lg-wt7150cw","washer","LG","WT7150CW","exact-code","[""WT7150CW.ABWETUS""]","will-not-start","true","guided-checks","lg-wt7150cw::will-not-start","[{""id"":""lg-washer-start"",""kind"":""manufacturer-troubleshooting"",""title"":""LG washer unresponsive-control checks"",""publisher"":""LG"",""url"":""https://www.lg.com/us/support/help-library/lg-washer-troubleshooting-unresponsive-washer-buttons-CT10000012-20152367429605"",""appliesTo"":""LG front- and top-load washers; visible controls and lock state only"",""lastVerified"":""2026-08-29""}]","","false","","Purchase promotion is limited to the category's separately reviewed default component route."
"lg-wt7150cw__will-not-spin","lg-wt7150cw","washer","LG","WT7150CW","exact-code","[""WT7150CW.ABWETUS""]","will-not-spin","true","guided-checks","lg-wt7150cw::will-not-spin","[{""id"":""lg-washer-spin"",""kind"":""manufacturer-troubleshooting"",""title"":""LG washer drum-not-spinning checks"",""publisher"":""LG"",""url"":""https://www.lg.com/us/support/help-library/lg-washer-troubleshooting-washing-machine-drum-not-spinning-CT10000010-20150584818000"",""appliesTo"":""LG front- and top-load washers; load, drain, and closure observations only"",""lastVerified"":""2026-08-29""}]","","false","","Purchase promotion is limited to the category's separately reviewed default component route."
"lg-wt7150cw__is-leaking","lg-wt7150cw","washer","LG","WT7150CW","exact-code","[""WT7150CW.ABWETUS""]","is-leaking","true","guided-checks","lg-wt7150cw::is-leaking","[{""id"":""lg-washer-leak"",""kind"":""manufacturer-troubleshooting"",""title"":""LG washer leak troubleshooting"",""publisher"":""LG"",""url"":""https://www.lg.com/us/support/help-library/leaking-washing-machine-troubleshooting-guide-CT10000010-20150295652820"",""appliesTo"":""LG front- and top-load washers; topology-selected visible leak checks only"",""lastVerified"":""2026-08-29""}]","","false","","Purchase promotion is limited to the category's separately reviewed default component route."
"lg-wt7300cw__will-not-drain","lg-wt7300cw","washer","LG","WT7300CW","exact-code","[""WT7300CW.ABWEUCI""]","will-not-drain","true","guided-checks","lg-wt7300cw::will-not-drain","[{""id"":""exp-lg-top-washer-drain"",""kind"":""manufacturer-troubleshooting"",""title"":""LG top-load washer OE/no-drain guidance"",""publisher"":""LG"",""url"":""https://www.lg.com/us/support/help-library/lg-top-load-washer-troubleshooting-an-oe-error-code-CT00000305-1425330996723"",""appliesTo"":""LG top-load washers"",""lastVerified"":""2026-08-27""}]","","false","","No accepted complete-revision → one exact-SKU compatibility chain plus separately verified seller offer is recorded."
"lg-wt7300cw__door-will-not-close","lg-wt7300cw","washer","LG","WT7300CW","exact-code","[""WT7300CW.ABWEUCI""]","door-will-not-close","true","guided-checks","lg-wt7300cw::door-will-not-close","[{""id"":""lg-top-washer-lid"",""kind"":""manufacturer-troubleshooting"",""title"":""LG top-load washer door will not close"",""publisher"":""LG"",""url"":""https://www.lg.com/us/support/help-library/troubleshooting-an-lg-top-load-washer-door-that-will-not-close-properly-CT10000010-20152830489687"",""appliesTo"":""LG top-load washers; all-model article with model-dependent visuals"",""lastVerified"":""2026-08-28""}]","","false","","Purchase promotion is limited to the category's separately reviewed default component route."
"lg-wt7300cw__will-not-start","lg-wt7300cw","washer","LG","WT7300CW","exact-code","[""WT7300CW.ABWEUCI""]","will-not-start","true","guided-checks","lg-wt7300cw::will-not-start","[{""id"":""lg-washer-start"",""kind"":""manufacturer-troubleshooting"",""title"":""LG washer unresponsive-control checks"",""publisher"":""LG"",""url"":""https://www.lg.com/us/support/help-library/lg-washer-troubleshooting-unresponsive-washer-buttons-CT10000012-20152367429605"",""appliesTo"":""LG front- and top-load washers; visible controls and lock state only"",""lastVerified"":""2026-08-29""}]","","false","","Purchase promotion is limited to the category's separately reviewed default component route."
"lg-wt7300cw__will-not-spin","lg-wt7300cw","washer","LG","WT7300CW","exact-code","[""WT7300CW.ABWEUCI""]","will-not-spin","true","guided-checks","lg-wt7300cw::will-not-spin","[{""id"":""lg-washer-spin"",""kind"":""manufacturer-troubleshooting"",""title"":""LG washer drum-not-spinning checks"",""publisher"":""LG"",""url"":""https://www.lg.com/us/support/help-library/lg-washer-troubleshooting-washing-machine-drum-not-spinning-CT10000010-20150584818000"",""appliesTo"":""LG front- and top-load washers; load, drain, and closure observations only"",""lastVerified"":""2026-08-29""}]","","false","","Purchase promotion is limited to the category's separately reviewed default component route."
"lg-wt7300cw__is-leaking","lg-wt7300cw","washer","LG","WT7300CW","exact-code","[""WT7300CW.ABWEUCI""]","is-leaking","true","guided-checks","lg-wt7300cw::is-leaking","[{""id"":""lg-washer-leak"",""kind"":""manufacturer-troubleshooting"",""title"":""LG washer leak troubleshooting"",""publisher"":""LG"",""url"":""https://www.lg.com/us/support/help-library/leaking-washing-machine-troubleshooting-guide-CT10000010-20150295652820"",""appliesTo"":""LG front- and top-load washers; topology-selected visible leak checks only"",""lastVerified"":""2026-08-29""}]","","false","","Purchase promotion is limited to the category's separately reviewed default component route."
"electrolux-elfw7337aw__will-not-drain","electrolux-elfw7337aw","washer","Electrolux","ELFW7337AW","family-only","[]","will-not-drain","true","guided-checks","electrolux-elfw7337aw::will-not-drain","[{""id"":""exp-electrolux-front-washer-drain"",""kind"":""manufacturer-troubleshooting"",""title"":""Electrolux E21 long pump-out guidance"",""publisher"":""Electrolux"",""url"":""https://owner.electrolux.com/support-articles/article/1820072-laundry-front-loading-washer-displaying-error-code-e21-long-pump-out-time-"",""appliesTo"":""Electrolux front-load washers"",""lastVerified"":""2026-08-27""}]","","false","","A complete revision code is not independently verified for this catalog identity."
"electrolux-elfw7337aw__door-will-not-close","electrolux-elfw7337aw","washer","Electrolux","ELFW7337AW","family-only","[]","door-will-not-close","true","guided-checks","electrolux-elfw7337aw::door-will-not-close","[{""id"":""electrolux-front-washer-door"",""kind"":""manufacturer-troubleshooting"",""title"":""Electrolux E41 washer door-open guidance"",""publisher"":""Electrolux"",""url"":""https://owner.electrolux.com/support-articles/article/1820509-laundry-front-loading-washer-displaying-error-code-e41-door-is-open-"",""appliesTo"":""Electrolux front-load washers"",""lastVerified"":""2026-08-28""}]","","false","","Purchase promotion is limited to the category's separately reviewed default component route."
"electrolux-elfw7337aw__will-not-start","electrolux-elfw7337aw","washer","Electrolux","ELFW7337AW","family-only","[]","will-not-start","true","guided-checks","electrolux-elfw7337aw::will-not-start","[{""id"":""washer-electrolux-start"",""kind"":""manufacturer-troubleshooting"",""title"":""Electrolux Washer will not start owner guidance"",""publisher"":""Electrolux"",""url"":""https://owner.electrolux.com/support-articles/article/1853594-how-to-fix-your-front-load-washer-not-starting"",""appliesTo"":""Electrolux front-load washers"",""lastVerified"":""2026-08-29""}]","","false","","Purchase promotion is limited to the category's separately reviewed default component route."
"electrolux-elfw7337aw__will-not-spin","electrolux-elfw7337aw","washer","Electrolux","ELFW7337AW","family-only","[]","will-not-spin","true","guided-checks","electrolux-elfw7337aw::will-not-spin","[{""id"":""washer-electrolux-spin-manual-7337"",""kind"":""manufacturer-troubleshooting"",""title"":""Electrolux Washer will not spin owner guidance"",""publisher"":""Electrolux"",""url"":""https://frigidaire.bynder.com/asset/eba93fb2-1a4d-4766-b03a-81b69b8eba26/A20448610-en-pdf.pdf"",""appliesTo"":""ELFW7337AW; linked as Complete Owner's Guide from the exact Electrolux model page"",""lastVerified"":""2026-08-29""}]","","false","","Purchase promotion is limited to the category's separately reviewed default component route."
"electrolux-elfw7337aw__is-leaking","electrolux-elfw7337aw","washer","Electrolux","ELFW7337AW","family-only","[]","is-leaking","true","guided-checks","electrolux-elfw7337aw::is-leaking","[{""id"":""washer-electrolux-leak"",""kind"":""manufacturer-troubleshooting"",""title"":""Electrolux Washer is leaking owner guidance"",""publisher"":""Electrolux"",""url"":""https://owner.electrolux.com/support-articles/article/1831358-laundry-front-loading-washer-is-leaking-water-"",""appliesTo"":""Electrolux front-load washers"",""lastVerified"":""2026-08-29""}]","","false","","Purchase promotion is limited to the category's separately reviewed default component route."
"electrolux-elfw7738aa__will-not-drain","electrolux-elfw7738aa","washer","Electrolux","ELFW7738AA","family-only","[]","will-not-drain","true","guided-checks","electrolux-elfw7738aa::will-not-drain","[{""id"":""exp-electrolux-front-washer-drain"",""kind"":""manufacturer-troubleshooting"",""title"":""Electrolux E21 long pump-out guidance"",""publisher"":""Electrolux"",""url"":""https://owner.electrolux.com/support-articles/article/1820072-laundry-front-loading-washer-displaying-error-code-e21-long-pump-out-time-"",""appliesTo"":""Electrolux front-load washers"",""lastVerified"":""2026-08-27""}]","","false","","A complete revision code is not independently verified for this catalog identity."
"electrolux-elfw7738aa__door-will-not-close","electrolux-elfw7738aa","washer","Electrolux","ELFW7738AA","family-only","[]","door-will-not-close","true","guided-checks","electrolux-elfw7738aa::door-will-not-close","[{""id"":""electrolux-front-washer-door"",""kind"":""manufacturer-troubleshooting"",""title"":""Electrolux E41 washer door-open guidance"",""publisher"":""Electrolux"",""url"":""https://owner.electrolux.com/support-articles/article/1820509-laundry-front-loading-washer-displaying-error-code-e41-door-is-open-"",""appliesTo"":""Electrolux front-load washers"",""lastVerified"":""2026-08-28""}]","","false","","Purchase promotion is limited to the category's separately reviewed default component route."
"electrolux-elfw7738aa__will-not-start","electrolux-elfw7738aa","washer","Electrolux","ELFW7738AA","family-only","[]","will-not-start","true","guided-checks","electrolux-elfw7738aa::will-not-start","[{""id"":""washer-electrolux-start"",""kind"":""manufacturer-troubleshooting"",""title"":""Electrolux Washer will not start owner guidance"",""publisher"":""Electrolux"",""url"":""https://owner.electrolux.com/support-articles/article/1853594-how-to-fix-your-front-load-washer-not-starting"",""appliesTo"":""Electrolux front-load washers"",""lastVerified"":""2026-08-29""}]","","false","","Purchase promotion is limited to the category's separately reviewed default component route."
"electrolux-elfw7738aa__will-not-spin","electrolux-elfw7738aa","washer","Electrolux","ELFW7738AA","family-only","[]","will-not-spin","true","guided-checks","electrolux-elfw7738aa::will-not-spin","[{""id"":""washer-electrolux-spin-manual-7437-7738"",""kind"":""manufacturer-troubleshooting"",""title"":""Electrolux Washer will not spin owner guidance"",""publisher"":""Electrolux"",""url"":""https://frigidaire.bynder.com/m/673fe45bbf48d90f/original/A20448609-en-pdf.pdf"",""appliesTo"":""ELFW7437AW, ELFW7537AT, ELFW7637AT and ELFW7738AA; each exact Electrolux model page links this Complete Owner's Guide"",""lastVerified"":""2026-08-29""}]","","false","","Purchase promotion is limited to the category's separately reviewed default component route."
"electrolux-elfw7738aa__is-leaking","electrolux-elfw7738aa","washer","Electrolux","ELFW7738AA","family-only","[]","is-leaking","true","guided-checks","electrolux-elfw7738aa::is-leaking","[{""id"":""washer-electrolux-leak"",""kind"":""manufacturer-troubleshooting"",""title"":""Electrolux Washer is leaking owner guidance"",""publisher"":""Electrolux"",""url"":""https://owner.electrolux.com/support-articles/article/1831358-laundry-front-loading-washer-is-leaking-water-"",""appliesTo"":""Electrolux front-load washers"",""lastVerified"":""2026-08-29""}]","","false","","Purchase promotion is limited to the category's separately reviewed default component route."
"ge-gfe28gynfs__slow-water-flow","ge-gfe28gynfs","refrigerator","GE","GFE28GYNFS","family-only","[]","slow-water-flow","true","guided-checks","ge-gfe28gynfs::slow-water-flow","[{""id"":""exp-ge-refrigerator-water"",""kind"":""manufacturer-troubleshooting"",""title"":""GE refrigerator water-filter guidance"",""publisher"":""GE Appliances"",""url"":""https://products.geappliances.com/appliance/gea-support-search-content?contentId=17409"",""appliesTo"":""GE refrigerators with a water dispenser"",""lastVerified"":""2026-08-27""}]","","false","","A complete revision code is not independently verified for this catalog identity."
"ge-gfe28gynfs__door-will-not-close","ge-gfe28gynfs","refrigerator","GE","GFE28GYNFS","family-only","[]","door-will-not-close","true","guided-checks","ge-gfe28gynfs::door-will-not-close","[{""id"":""ge-refrigerator-door"",""kind"":""manufacturer-troubleshooting"",""title"":""GE refrigerator door will not close"",""publisher"":""GE Appliances"",""url"":""https://products.geappliances.com/appliance/gea-support-search-content?contentId=18947"",""appliesTo"":""GE refrigerators and freezers; built-in leveling exclusions apply"",""lastVerified"":""2026-08-28""}]","","false","","Purchase promotion is limited to the category's separately reviewed default component route."
"ge-gfe28gynfs__not-cooling","ge-gfe28gynfs","refrigerator","GE","GFE28GYNFS","family-only","[]","not-cooling","true","guided-checks","ge-gfe28gynfs::not-cooling","[{""id"":""ge-refrigerator-cooling"",""kind"":""manufacturer-troubleshooting"",""title"":""GE refrigerator not-cooling-enough checks"",""publisher"":""GE Appliances"",""url"":""https://products.geappliances.com/appliance/gea-support-search-content?contentId=21185"",""appliesTo"":""GE full-size refrigerators; settings, room conditions, airflow, door, and light observations only"",""lastVerified"":""2026-08-29""}]","","false","","Purchase promotion is limited to the category's separately reviewed default component route."
"ge-gfe28gynfs__is-leaking","ge-gfe28gynfs","refrigerator","GE","GFE28GYNFS","family-only","[]","is-leaking","true","guided-checks","ge-gfe28gynfs::is-leaking","[{""id"":""ge-refrigerator-leak"",""kind"":""manufacturer-troubleshooting"",""title"":""GE refrigerator icemaker leak stop guidance"",""publisher"":""GE Appliances"",""url"":""https://products.geappliances.com/appliance/gea-support-search-content?contentId=19092"",""appliesTo"":""GE refrigerators with factory icemakers; turn-off and household-water stop only"",""lastVerified"":""2026-08-29""}]","","false","","Purchase promotion is limited to the category's separately reviewed default component route."
"ge-gfe28gynfs__ice-maker-not-making-ice","ge-gfe28gynfs","refrigerator","GE","GFE28GYNFS","family-only","[]","ice-maker-not-making-ice","true","guided-checks","ge-gfe28gynfs::ice-maker-not-making-ice","[{""id"":""ge-refrigerator-ice"",""kind"":""manufacturer-troubleshooting"",""title"":""GE refrigerator icemaker no-ice checks"",""publisher"":""GE Appliances"",""url"":""https://products.geappliances.com/appliance/gea-support-search-content?contentId=39364"",""appliesTo"":""GE refrigerators with factory icemakers; power, temperature, filter-age, and visible ice-bin checks only"",""lastVerified"":""2026-08-29""}]","","false","","Purchase promotion is limited to the category's separately reviewed default component route."
"ge-gne27jymfs__slow-water-flow","ge-gne27jymfs","refrigerator","GE","GNE27JYMFS","exact-code","[""GNE27JYMFS""]","slow-water-flow","true","purchase-ready","ge-gne27jymfs::slow-water-flow","[{""id"":""exp-ge-refrigerator-water"",""kind"":""manufacturer-troubleshooting"",""title"":""GE refrigerator water-filter guidance"",""publisher"":""GE Appliances"",""url"":""https://products.geappliances.com/appliance/gea-support-search-content?contentId=17409"",""appliesTo"":""GE refrigerators with a water dispenser"",""lastVerified"":""2026-08-27""}]","","true","{""name"":""XWFE refrigerator water filter"",""sku"":""XWFE"",""compatibleProductCodes"":[""GNE27JYMFS""],""installBoundary"":""user-replaceable"",""compatibilityEvidence"":[{""id"":""ge-gne27jymfs-xwfe"",""kind"":""manufacturer-part"",""title"":""GE GNE27JYMFS parts and accessories naming XWFE"",""publisher"":""GE Appliances"",""url"":""https://products.geappliances.com/appliance/gea-specs/GNE27JYMFS/parts"",""appliesTo"":""GE GNE27JYMFS uses XWFE"",""lastVerified"":""2026-08-29""},{""id"":""ge-xwfe-identity-2026-08-29"",""kind"":""manufacturer-part"",""title"":""GE XWFE refrigerator water filter"",""publisher"":""GE Appliances"",""url"":""https://www.geapplianceparts.com/store/parts/spec/XWFE"",""appliesTo"":""GE manufacturer part XWFE; exact appliance fit is established separately"",""lastVerified"":""2026-08-29""}],""sellerOffer"":{""provider"":""shopify-global-catalog"",""protocol"":""UCP"",""query"":""GE XWFE refrigerator water filter exact part"",""exactSku"":""XWFE"",""offerCountAtVerification"":5,""lastVerified"":""2026-08-29""}}",""
"ge-gne27jymfs__door-will-not-close","ge-gne27jymfs","refrigerator","GE","GNE27JYMFS","exact-code","[""GNE27JYMFS""]","door-will-not-close","true","guided-checks","ge-gne27jymfs::door-will-not-close","[{""id"":""ge-refrigerator-door"",""kind"":""manufacturer-troubleshooting"",""title"":""GE refrigerator door will not close"",""publisher"":""GE Appliances"",""url"":""https://products.geappliances.com/appliance/gea-support-search-content?contentId=18947"",""appliesTo"":""GE refrigerators and freezers; built-in leveling exclusions apply"",""lastVerified"":""2026-08-28""}]","","false","","Purchase promotion is limited to the category's separately reviewed default component route."
"ge-gne27jymfs__not-cooling","ge-gne27jymfs","refrigerator","GE","GNE27JYMFS","exact-code","[""GNE27JYMFS""]","not-cooling","true","guided-checks","ge-gne27jymfs::not-cooling","[{""id"":""ge-refrigerator-cooling"",""kind"":""manufacturer-troubleshooting"",""title"":""GE refrigerator not-cooling-enough checks"",""publisher"":""GE Appliances"",""url"":""https://products.geappliances.com/appliance/gea-support-search-content?contentId=21185"",""appliesTo"":""GE full-size refrigerators; settings, room conditions, airflow, door, and light observations only"",""lastVerified"":""2026-08-29""}]","","false","","Purchase promotion is limited to the category's separately reviewed default component route."
"ge-gne27jymfs__is-leaking","ge-gne27jymfs","refrigerator","GE","GNE27JYMFS","exact-code","[""GNE27JYMFS""]","is-leaking","true","guided-checks","ge-gne27jymfs::is-leaking","[{""id"":""ge-refrigerator-leak"",""kind"":""manufacturer-troubleshooting"",""title"":""GE refrigerator icemaker leak stop guidance"",""publisher"":""GE Appliances"",""url"":""https://products.geappliances.com/appliance/gea-support-search-content?contentId=19092"",""appliesTo"":""GE refrigerators with factory icemakers; turn-off and household-water stop only"",""lastVerified"":""2026-08-29""}]","","false","","Purchase promotion is limited to the category's separately reviewed default component route."
"ge-gne27jymfs__ice-maker-not-making-ice","ge-gne27jymfs","refrigerator","GE","GNE27JYMFS","exact-code","[""GNE27JYMFS""]","ice-maker-not-making-ice","true","guided-checks","ge-gne27jymfs::ice-maker-not-making-ice","[{""id"":""ge-refrigerator-ice"",""kind"":""manufacturer-troubleshooting"",""title"":""GE refrigerator icemaker no-ice checks"",""publisher"":""GE Appliances"",""url"":""https://products.geappliances.com/appliance/gea-support-search-content?contentId=39364"",""appliesTo"":""GE refrigerators with factory icemakers; power, temperature, filter-age, and visible ice-bin checks only"",""lastVerified"":""2026-08-29""}]","","false","","Purchase promotion is limited to the category's separately reviewed default component route."
"ge-pvd28bynfs__slow-water-flow","ge-pvd28bynfs","refrigerator","GE","PVD28BYNFS","exact-code","[""PVD28BYNFS""]","slow-water-flow","true","purchase-ready","ge-pvd28bynfs::slow-water-flow","[{""id"":""exp-ge-refrigerator-water"",""kind"":""manufacturer-troubleshooting"",""title"":""GE refrigerator water-filter guidance"",""publisher"":""GE Appliances"",""url"":""https://products.geappliances.com/appliance/gea-support-search-content?contentId=17409"",""appliesTo"":""GE refrigerators with a water dispenser"",""lastVerified"":""2026-08-27""}]","","true","{""name"":""XWFE refrigerator water filter"",""sku"":""XWFE"",""compatibleProductCodes"":[""PVD28BYNFS""],""installBoundary"":""user-replaceable"",""compatibilityEvidence"":[{""id"":""ge-pvd28bynfs-xwfe"",""kind"":""manufacturer-part"",""title"":""GE PVD28BYNFS parts and accessories naming XWFE"",""publisher"":""GE Appliances"",""url"":""https://products.geappliances.com/appliance/gea-specs/PVD28BYNFS/parts"",""appliesTo"":""GE PVD28BYNFS uses XWFE"",""lastVerified"":""2026-08-29""},{""id"":""ge-xwfe-identity-2026-08-29"",""kind"":""manufacturer-part"",""title"":""GE XWFE refrigerator water filter"",""publisher"":""GE Appliances"",""url"":""https://www.geapplianceparts.com/store/parts/spec/XWFE"",""appliesTo"":""GE manufacturer part XWFE; exact appliance fit is established separately"",""lastVerified"":""2026-08-29""}],""sellerOffer"":{""provider"":""shopify-global-catalog"",""protocol"":""UCP"",""query"":""GE XWFE refrigerator water filter exact part"",""exactSku"":""XWFE"",""offerCountAtVerification"":5,""lastVerified"":""2026-08-29""}}",""
"ge-pvd28bynfs__door-will-not-close","ge-pvd28bynfs","refrigerator","GE","PVD28BYNFS","exact-code","[""PVD28BYNFS""]","door-will-not-close","true","guided-checks","ge-pvd28bynfs::door-will-not-close","[{""id"":""ge-refrigerator-door"",""kind"":""manufacturer-troubleshooting"",""title"":""GE refrigerator door will not close"",""publisher"":""GE Appliances"",""url"":""https://products.geappliances.com/appliance/gea-support-search-content?contentId=18947"",""appliesTo"":""GE refrigerators and freezers; built-in leveling exclusions apply"",""lastVerified"":""2026-08-28""}]","","false","","Purchase promotion is limited to the category's separately reviewed default component route."
"ge-pvd28bynfs__not-cooling","ge-pvd28bynfs","refrigerator","GE","PVD28BYNFS","exact-code","[""PVD28BYNFS""]","not-cooling","true","guided-checks","ge-pvd28bynfs::not-cooling","[{""id"":""ge-refrigerator-cooling"",""kind"":""manufacturer-troubleshooting"",""title"":""GE refrigerator not-cooling-enough checks"",""publisher"":""GE Appliances"",""url"":""https://products.geappliances.com/appliance/gea-support-search-content?contentId=21185"",""appliesTo"":""GE full-size refrigerators; settings, room conditions, airflow, door, and light observations only"",""lastVerified"":""2026-08-29""}]","","false","","Purchase promotion is limited to the category's separately reviewed default component route."
"ge-pvd28bynfs__is-leaking","ge-pvd28bynfs","refrigerator","GE","PVD28BYNFS","exact-code","[""PVD28BYNFS""]","is-leaking","true","guided-checks","ge-pvd28bynfs::is-leaking","[{""id"":""ge-refrigerator-leak"",""kind"":""manufacturer-troubleshooting"",""title"":""GE refrigerator icemaker leak stop guidance"",""publisher"":""GE Appliances"",""url"":""https://products.geappliances.com/appliance/gea-support-search-content?contentId=19092"",""appliesTo"":""GE refrigerators with factory icemakers; turn-off and household-water stop only"",""lastVerified"":""2026-08-29""}]","","false","","Purchase promotion is limited to the category's separately reviewed default component route."
"ge-pvd28bynfs__ice-maker-not-making-ice","ge-pvd28bynfs","refrigerator","GE","PVD28BYNFS","exact-code","[""PVD28BYNFS""]","ice-maker-not-making-ice","true","guided-checks","ge-pvd28bynfs::ice-maker-not-making-ice","[{""id"":""ge-refrigerator-ice"",""kind"":""manufacturer-troubleshooting"",""title"":""GE refrigerator icemaker no-ice checks"",""publisher"":""GE Appliances"",""url"":""https://products.geappliances.com/appliance/gea-support-search-content?contentId=39364"",""appliesTo"":""GE refrigerators with factory icemakers; power, temperature, filter-age, and visible ice-bin checks only"",""lastVerified"":""2026-08-29""}]","","false","","Purchase promotion is limited to the category's separately reviewed default component route."
"ge-gss23gypfs__slow-water-flow","ge-gss23gypfs","refrigerator","GE","GSS23GYPFS","exact-code","[""GSS23GYPFS""]","slow-water-flow","true","purchase-ready","ge-gss23gypfs::slow-water-flow","[{""id"":""exp-ge-side-refrigerator-water"",""kind"":""manufacturer-troubleshooting"",""title"":""GE refrigerator water-filter guidance"",""publisher"":""GE Appliances"",""url"":""https://products.geappliances.com/appliance/gea-support-search-content?contentId=17409"",""appliesTo"":""GE side-by-side refrigerators with a water dispenser"",""lastVerified"":""2026-08-27""}]","","true","{""name"":""XWFE refrigerator water filter"",""sku"":""XWFE"",""compatibleProductCodes"":[""GSS23GYPFS""],""installBoundary"":""user-replaceable"",""compatibilityEvidence"":[{""id"":""ge-gss23gypfs-xwfe"",""kind"":""manufacturer-part"",""title"":""GE GSS23GYPFS parts and accessories naming XWFE"",""publisher"":""GE Appliances"",""url"":""https://products.geappliances.com/appliance/gea-specs/GSS23GYPFS/parts"",""appliesTo"":""GE GSS23GYPFS uses XWFE"",""lastVerified"":""2026-08-29""},{""id"":""ge-xwfe-identity-2026-08-29"",""kind"":""manufacturer-part"",""title"":""GE XWFE refrigerator water filter"",""publisher"":""GE Appliances"",""url"":""https://www.geapplianceparts.com/store/parts/spec/XWFE"",""appliesTo"":""GE manufacturer part XWFE; exact appliance fit is established separately"",""lastVerified"":""2026-08-29""}],""sellerOffer"":{""provider"":""shopify-global-catalog"",""protocol"":""UCP"",""query"":""GE XWFE refrigerator water filter exact part"",""exactSku"":""XWFE"",""offerCountAtVerification"":5,""lastVerified"":""2026-08-29""}}",""
"ge-gss23gypfs__door-will-not-close","ge-gss23gypfs","refrigerator","GE","GSS23GYPFS","exact-code","[""GSS23GYPFS""]","door-will-not-close","true","guided-checks","ge-gss23gypfs::door-will-not-close","[{""id"":""ge-refrigerator-door"",""kind"":""manufacturer-troubleshooting"",""title"":""GE refrigerator door will not close"",""publisher"":""GE Appliances"",""url"":""https://products.geappliances.com/appliance/gea-support-search-content?contentId=18947"",""appliesTo"":""GE refrigerators and freezers; built-in leveling exclusions apply"",""lastVerified"":""2026-08-28""}]","","false","","Purchase promotion is limited to the category's separately reviewed default component route."
"ge-gss23gypfs__not-cooling","ge-gss23gypfs","refrigerator","GE","GSS23GYPFS","exact-code","[""GSS23GYPFS""]","not-cooling","true","guided-checks","ge-gss23gypfs::not-cooling","[{""id"":""ge-refrigerator-cooling"",""kind"":""manufacturer-troubleshooting"",""title"":""GE refrigerator not-cooling-enough checks"",""publisher"":""GE Appliances"",""url"":""https://products.geappliances.com/appliance/gea-support-search-content?contentId=21185"",""appliesTo"":""GE full-size refrigerators; settings, room conditions, airflow, door, and light observations only"",""lastVerified"":""2026-08-29""}]","","false","","Purchase promotion is limited to the category's separately reviewed default component route."
"ge-gss23gypfs__is-leaking","ge-gss23gypfs","refrigerator","GE","GSS23GYPFS","exact-code","[""GSS23GYPFS""]","is-leaking","true","guided-checks","ge-gss23gypfs::is-leaking","[{""id"":""ge-refrigerator-leak"",""kind"":""manufacturer-troubleshooting"",""title"":""GE refrigerator icemaker leak stop guidance"",""publisher"":""GE Appliances"",""url"":""https://products.geappliances.com/appliance/gea-support-search-content?contentId=19092"",""appliesTo"":""GE refrigerators with factory icemakers; turn-off and household-water stop only"",""lastVerified"":""2026-08-29""}]","","false","","Purchase promotion is limited to the category's separately reviewed default component route."
"ge-gss23gypfs__ice-maker-not-making-ice","ge-gss23gypfs","refrigerator","GE","GSS23GYPFS","exact-code","[""GSS23GYPFS""]","ice-maker-not-making-ice","true","guided-checks","ge-gss23gypfs::ice-maker-not-making-ice","[{""id"":""ge-refrigerator-ice"",""kind"":""manufacturer-troubleshooting"",""title"":""GE refrigerator icemaker no-ice checks"",""publisher"":""GE Appliances"",""url"":""https://products.geappliances.com/appliance/gea-support-search-content?contentId=39364"",""appliesTo"":""GE refrigerators with factory icemakers; power, temperature, filter-age, and visible ice-bin checks only"",""lastVerified"":""2026-08-29""}]","","false","","Purchase promotion is limited to the category's separately reviewed default component route."
"whirlpool-wrs588fihz__slow-water-flow","whirlpool-wrs588fihz","refrigerator","Whirlpool","WRS588FIHZ","exact-code","[""WRS588FIHZ00""]","slow-water-flow","true","purchase-ready","whirlpool-wrs588fihz::slow-water-flow","[{""id"":""exp-whirlpool-refrigerator-water"",""kind"":""manufacturer-troubleshooting"",""title"":""Whirlpool water-filter replacement guidance"",""publisher"":""Whirlpool"",""url"":""https://producthelp.whirlpool.com/Refrigeration/Water_Filter_Information/Product_Assistance/Does_the_Water_Filter_Need_to_be_Replaced%253F"",""appliesTo"":""Whirlpool refrigerators with a water filter"",""lastVerified"":""2026-08-27""}]","","true","{""name"":""EveryDrop refrigerator water filter 1"",""sku"":""EDR1RXD1"",""compatibleProductCodes"":[""WRS588FIHZ00""],""installBoundary"":""user-replaceable"",""compatibilityEvidence"":[{""id"":""whirlpoolparts-wrs588fihz00-edr1rxd1"",""kind"":""authorized-parts"",""title"":""WRS588FIHZ00 filter listing identifying EDR1RXD1"",""publisher"":""Whirlpool Parts"",""url"":""https://www.whirlpoolparts.com/Shop-For-Parts/a4b5c43d2269249/Model-WRS588FIHZ00-Whirlpool-Refrigerator-Filter-Parts"",""appliesTo"":""WRS588FIHZ00"",""lastVerified"":""2026-08-27""}],""sellerOffer"":{""provider"":""shopify-global-catalog"",""protocol"":""UCP"",""query"":""EveryDrop EDR1RXD1 refrigerator water filter exact part"",""exactSku"":""EDR1RXD1"",""offerCountAtVerification"":20,""lastVerified"":""2026-08-27""}}",""
"whirlpool-wrs588fihz__door-will-not-close","whirlpool-wrs588fihz","refrigerator","Whirlpool","WRS588FIHZ","exact-code","[""WRS588FIHZ00""]","door-will-not-close","true","guided-checks","whirlpool-wrs588fihz::door-will-not-close","[{""id"":""whirlpool-refrigerator-door"",""kind"":""manufacturer-troubleshooting"",""title"":""Whirlpool refrigerator doors not closing properly"",""publisher"":""Whirlpool"",""url"":""https://producthelp.whirlpool.com/Refrigeration/Full-Size_Refrigerators/Product_Info/Installation_Support/Doors_Not_Closing_Properly"",""appliesTo"":""Whirlpool full-size refrigerators; French-door mullion guidance only on French-door models"",""lastVerified"":""2026-08-28""}]","","false","","Purchase promotion is limited to the category's separately reviewed default component route."
"whirlpool-wrs588fihz__not-cooling","whirlpool-wrs588fihz","refrigerator","Whirlpool","WRS588FIHZ","exact-code","[""WRS588FIHZ00""]","not-cooling","true","guided-checks","whirlpool-wrs588fihz::not-cooling","[{""id"":""whirlpool-refrigerator-cooling"",""kind"":""manufacturer-troubleshooting"",""title"":""Whirlpool refrigerator not-cooling checks"",""publisher"":""Whirlpool"",""url"":""https://producthelp.whirlpool.com/Refrigeration/Full-Size_Refrigerators/All_Refrigerator/Operation/Temperature_Concerns/Not_Cooling"",""appliesTo"":""Whirlpool full-size refrigerators; settings, room conditions, airflow, door, and food-safety observations only"",""lastVerified"":""2026-08-29""}]","","false","","Purchase promotion is limited to the category's separately reviewed default component route."
"whirlpool-wrs588fihz__is-leaking","whirlpool-wrs588fihz","refrigerator","Whirlpool","WRS588FIHZ","exact-code","[""WRS588FIHZ00""]","is-leaking","true","guided-checks","whirlpool-wrs588fihz::is-leaking","[{""id"":""whirlpool-refrigerator-leak"",""kind"":""manufacturer-troubleshooting"",""title"":""Whirlpool refrigerator water-on-floor checks"",""publisher"":""Whirlpool"",""url"":""https://producthelp.whirlpool.com/Refrigeration/Full-Size_Refrigerators/Product_Info/Installation_Support/What_to_Do_if_There_is_Water_on_the_Floor"",""appliesTo"":""Whirlpool refrigerators with factory water/ice systems; visible filter, supply, and floor-water checks only"",""lastVerified"":""2026-08-29""}]","","false","","Purchase promotion is limited to the category's separately reviewed default component route."
"whirlpool-wrs588fihz__ice-maker-not-making-ice","whirlpool-wrs588fihz","refrigerator","Whirlpool","WRS588FIHZ","exact-code","[""WRS588FIHZ00""]","ice-maker-not-making-ice","true","guided-checks","whirlpool-wrs588fihz::ice-maker-not-making-ice","[{""id"":""whirlpool-refrigerator-ice"",""kind"":""manufacturer-troubleshooting"",""title"":""Whirlpool refrigerator water-supply checks"",""publisher"":""Whirlpool"",""url"":""https://producthelp.whirlpool.com/Refrigeration/Full-Size_Refrigerators/Product_Info/Installation_Support/How_to_Check_the_Water_Supply_Line"",""appliesTo"":""Whirlpool refrigerators with factory icemakers; visible household water, supply-line, and leak observations only"",""lastVerified"":""2026-08-29""}]","","false","","Purchase promotion is limited to the category's separately reviewed default component route."
"whirlpool-wrx735sdhz__slow-water-flow","whirlpool-wrx735sdhz","refrigerator","Whirlpool","WRX735SDHZ","family-only","[]","slow-water-flow","true","guided-checks","whirlpool-wrx735sdhz::slow-water-flow","[{""id"":""exp-whirlpool-french-refrigerator-water"",""kind"":""manufacturer-troubleshooting"",""title"":""Whirlpool water-filter replacement guidance"",""publisher"":""Whirlpool"",""url"":""https://producthelp.whirlpool.com/Refrigeration/Water_Filter_Information/Product_Assistance/Does_the_Water_Filter_Need_to_be_Replaced%253F"",""appliesTo"":""Whirlpool French-door refrigerators with a water filter"",""lastVerified"":""2026-08-27""}]","","false","","A complete revision code is not independently verified for this catalog identity."
"whirlpool-wrx735sdhz__door-will-not-close","whirlpool-wrx735sdhz","refrigerator","Whirlpool","WRX735SDHZ","family-only","[]","door-will-not-close","true","guided-checks","whirlpool-wrx735sdhz::door-will-not-close","[{""id"":""whirlpool-refrigerator-door"",""kind"":""manufacturer-troubleshooting"",""title"":""Whirlpool refrigerator doors not closing properly"",""publisher"":""Whirlpool"",""url"":""https://producthelp.whirlpool.com/Refrigeration/Full-Size_Refrigerators/Product_Info/Installation_Support/Doors_Not_Closing_Properly"",""appliesTo"":""Whirlpool full-size refrigerators; French-door mullion guidance only on French-door models"",""lastVerified"":""2026-08-28""}]","","false","","Purchase promotion is limited to the category's separately reviewed default component route."
"whirlpool-wrx735sdhz__not-cooling","whirlpool-wrx735sdhz","refrigerator","Whirlpool","WRX735SDHZ","family-only","[]","not-cooling","true","guided-checks","whirlpool-wrx735sdhz::not-cooling","[{""id"":""whirlpool-refrigerator-cooling"",""kind"":""manufacturer-troubleshooting"",""title"":""Whirlpool refrigerator not-cooling checks"",""publisher"":""Whirlpool"",""url"":""https://producthelp.whirlpool.com/Refrigeration/Full-Size_Refrigerators/All_Refrigerator/Operation/Temperature_Concerns/Not_Cooling"",""appliesTo"":""Whirlpool full-size refrigerators; settings, room conditions, airflow, door, and food-safety observations only"",""lastVerified"":""2026-08-29""}]","","false","","Purchase promotion is limited to the category's separately reviewed default component route."
"whirlpool-wrx735sdhz__is-leaking","whirlpool-wrx735sdhz","refrigerator","Whirlpool","WRX735SDHZ","family-only","[]","is-leaking","true","guided-checks","whirlpool-wrx735sdhz::is-leaking","[{""id"":""whirlpool-refrigerator-leak"",""kind"":""manufacturer-troubleshooting"",""title"":""Whirlpool refrigerator water-on-floor checks"",""publisher"":""Whirlpool"",""url"":""https://producthelp.whirlpool.com/Refrigeration/Full-Size_Refrigerators/Product_Info/Installation_Support/What_to_Do_if_There_is_Water_on_the_Floor"",""appliesTo"":""Whirlpool refrigerators with factory water/ice systems; visible filter, supply, and floor-water checks only"",""lastVerified"":""2026-08-29""}]","","false","","Purchase promotion is limited to the category's separately reviewed default component route."
"whirlpool-wrx735sdhz__ice-maker-not-making-ice","whirlpool-wrx735sdhz","refrigerator","Whirlpool","WRX735SDHZ","family-only","[]","ice-maker-not-making-ice","true","guided-checks","whirlpool-wrx735sdhz::ice-maker-not-making-ice","[{""id"":""whirlpool-refrigerator-ice"",""kind"":""manufacturer-troubleshooting"",""title"":""Whirlpool refrigerator water-supply checks"",""publisher"":""Whirlpool"",""url"":""https://producthelp.whirlpool.com/Refrigeration/Full-Size_Refrigerators/Product_Info/Installation_Support/How_to_Check_the_Water_Supply_Line"",""appliesTo"":""Whirlpool refrigerators with factory icemakers; visible household water, supply-line, and leak observations only"",""lastVerified"":""2026-08-29""}]","","false","","Purchase promotion is limited to the category's separately reviewed default component route."
"maytag-mss25c4mgz__slow-water-flow","maytag-mss25c4mgz","refrigerator","Maytag","MSS25C4MGZ","exact-code","[""MSS25C4MGZ03""]","slow-water-flow","true","purchase-ready","maytag-mss25c4mgz::slow-water-flow","[{""id"":""exp-maytag-refrigerator-water"",""kind"":""manufacturer-troubleshooting"",""title"":""Maytag water-filter replacement guidance"",""publisher"":""Maytag"",""url"":""https://producthelp.maytag.com/Refrigeration/Water_Filter_Information/Product_Assistance/Does_the_Water_Filter_Need_to_be_Replaced%3F"",""appliesTo"":""Maytag refrigerators with a water filter"",""lastVerified"":""2026-08-27""}]","","true","{""name"":""EveryDrop Filter 1 refrigerator water filter"",""sku"":""EDR1RXD1"",""compatibleProductCodes"":[""MSS25C4MGZ03""],""installBoundary"":""user-replaceable"",""compatibilityEvidence"":[{""id"":""maytag-mss25c4mgz-edr1rxd1"",""kind"":""manufacturer-part"",""title"":""Maytag MSS25C4MGZ owner center naming EDR1RXD1"",""publisher"":""Maytag"",""url"":""https://www.maytag.com/owners-center-pdp.MSS25C4MGZ.html"",""appliesTo"":""Maytag MSS25C4MGZ03 uses EDR1RXD1"",""lastVerified"":""2026-08-29""},{""id"":""maytag-mss25c4mgz03-revision"",""kind"":""manufacturer-part"",""title"":""Maytag exact-revision repair-parts list"",""publisher"":""Maytag"",""url"":""https://www.maytag.com/content/dam/global/documents/202107/repair-parts-list-w11454938-revb.pdf"",""appliesTo"":""Maytag MSS25C4MGZ03"",""lastVerified"":""2026-08-29""},{""id"":""everydrop-edr1rxd1-identity-2026-08-29"",""kind"":""manufacturer-part"",""title"":""Whirlpool-family owner documentation naming EDR1RXD1"",""publisher"":""Whirlpool Corporation"",""url"":""https://www.amana.com/content/dam/global/documents/202406/owners-manual-w11484052-revE.pdf"",""appliesTo"":""EveryDrop Filter 1 manufacturer part EDR1RXD1; exact appliance fit is established separately"",""lastVerified"":""2026-08-29""}],""sellerOffer"":{""provider"":""shopify-global-catalog"",""protocol"":""UCP"",""query"":""Whirlpool EveryDrop EDR1RXD1 refrigerator water filter exact part"",""exactSku"":""EDR1RXD1"",""offerCountAtVerification"":5,""lastVerified"":""2026-08-29""}}",""
"maytag-mss25c4mgz__door-will-not-close","maytag-mss25c4mgz","refrigerator","Maytag","MSS25C4MGZ","exact-code","[""MSS25C4MGZ03""]","door-will-not-close","true","guided-checks","maytag-mss25c4mgz::door-will-not-close","[{""id"":""maytag-refrigerator-door"",""kind"":""manufacturer-troubleshooting"",""title"":""Maytag refrigerator doors not closing properly"",""publisher"":""Maytag"",""url"":""https://producthelp.maytag.com/Refrigeration/Full-size_Refrigerators/Product_Info/Installation_Support/Doors_Not_Closing_Properly"",""appliesTo"":""Maytag full-size refrigerators; French-door mullion guidance only on French-door models"",""lastVerified"":""2026-08-28""}]","","false","","Purchase promotion is limited to the category's separately reviewed default component route."
"maytag-mss25c4mgz__not-cooling","maytag-mss25c4mgz","refrigerator","Maytag","MSS25C4MGZ","exact-code","[""MSS25C4MGZ03""]","not-cooling","true","guided-checks","maytag-mss25c4mgz::not-cooling","[{""id"":""maytag-refrigerator-cooling"",""kind"":""manufacturer-troubleshooting"",""title"":""Maytag refrigerator control-setting checks"",""publisher"":""Maytag"",""url"":""https://producthelp.maytag.com/Refrigeration/Full-size_Refrigerators/Product_Info/Product_Assistance/Tips_for_Properly_Setting_the_Controls"",""appliesTo"":""Maytag full-size refrigerators; temperature settings, room conditions, door, and airflow observations only"",""lastVerified"":""2026-08-29""}]","","false","","Purchase promotion is limited to the category's separately reviewed default component route."
"maytag-mss25c4mgz__is-leaking","maytag-mss25c4mgz","refrigerator","Maytag","MSS25C4MGZ","exact-code","[""MSS25C4MGZ03""]","is-leaking","true","guided-checks","maytag-mss25c4mgz::is-leaking","[{""id"":""maytag-refrigerator-leak"",""kind"":""manufacturer-troubleshooting"",""title"":""Maytag refrigerator water-on-floor checks"",""publisher"":""Maytag"",""url"":""https://producthelp.maytag.com/Refrigeration/Full-size_Refrigerators/Product_Info/Installation_Support/What_to_Do_if_There_is_Water_on_the_Floor"",""appliesTo"":""Maytag refrigerators with factory water/ice systems; visible filter, supply, and floor-water observations only"",""lastVerified"":""2026-08-29""}]","","false","","Purchase promotion is limited to the category's separately reviewed default component route."
"maytag-mss25c4mgz__ice-maker-not-making-ice","maytag-mss25c4mgz","refrigerator","Maytag","MSS25C4MGZ","exact-code","[""MSS25C4MGZ03""]","ice-maker-not-making-ice","true","guided-checks","maytag-mss25c4mgz::ice-maker-not-making-ice","[{""id"":""maytag-refrigerator-ice"",""kind"":""manufacturer-troubleshooting"",""title"":""Maytag refrigerator ice-maker checks"",""publisher"":""Maytag"",""url"":""https://producthelp.maytag.com/Refrigeration/Full-size_Refrigerators/Product_Info/Product_Assistance/Ice_Maker_Not_Working_-_Troubleshooting"",""appliesTo"":""Maytag refrigerators with factory icemakers; power, temperature, water supply, filter age, and visible bin observations only"",""lastVerified"":""2026-08-29""}]","","false","","Purchase promotion is limited to the category's separately reviewed default component route."
"maytag-mft2772hez__slow-water-flow","maytag-mft2772hez","refrigerator","Maytag","MFT2772HEZ","exact-code","[""MFT2772HEZ00""]","slow-water-flow","true","purchase-ready","maytag-mft2772hez::slow-water-flow","[{""id"":""exp-maytag-french-refrigerator-water"",""kind"":""manufacturer-troubleshooting"",""title"":""Maytag water-filter replacement guidance"",""publisher"":""Maytag"",""url"":""https://producthelp.maytag.com/Refrigeration/Water_Filter_Information/Product_Assistance/Does_the_Water_Filter_Need_to_be_Replaced%3F"",""appliesTo"":""Maytag French-door refrigerators with a water filter"",""lastVerified"":""2026-08-27""}]","","true","{""name"":""EveryDrop Filter 2 refrigerator water filter"",""sku"":""EDR2RXD1"",""compatibleProductCodes"":[""MFT2772HEZ00""],""installBoundary"":""user-replaceable"",""compatibilityEvidence"":[{""id"":""maytag-mft2772hez00-edr2rxd1-fit"",""kind"":""authorized-parts"",""title"":""Whirlpool-authorized MFT2772HEZ00 water-filter listing"",""publisher"":""Whirlpool Parts"",""url"":""https://www.whirlpoolparts.com/Shop-For-Parts/a4b4c43d2171289/Model-MFT2772HEZ00-Maytag-Refrigerator-Filter-Parts"",""appliesTo"":""Maytag MFT2772HEZ00 uses exact water-filter SKU EDR2RXD1"",""lastVerified"":""2026-08-29""},{""id"":""demo-refrigerator-edr2rxd1-identity"",""kind"":""manufacturer-part"",""title"":""Maytag MFT2772HEZ owner page naming EveryDrop Filter 2 EDR2RXD1"",""publisher"":""Maytag"",""url"":""https://www.maytag.com/owners-center-pdp.MFT2772HEZ.html"",""appliesTo"":""EveryDrop Filter 2 manufacturer part EDR2RXD1; exact revision fit is established separately"",""lastVerified"":""2026-08-29""}],""sellerOffer"":{""provider"":""shopify-global-catalog"",""protocol"":""UCP"",""query"":""EDR2RXD1 EveryDrop refrigerator water filter exact SKU"",""exactSku"":""EDR2RXD1"",""offerCountAtVerification"":17,""lastVerified"":""2026-08-29""}}",""
"maytag-mft2772hez__door-will-not-close","maytag-mft2772hez","refrigerator","Maytag","MFT2772HEZ","exact-code","[""MFT2772HEZ00""]","door-will-not-close","true","guided-checks","maytag-mft2772hez::door-will-not-close","[{""id"":""maytag-refrigerator-door"",""kind"":""manufacturer-troubleshooting"",""title"":""Maytag refrigerator doors not closing properly"",""publisher"":""Maytag"",""url"":""https://producthelp.maytag.com/Refrigeration/Full-size_Refrigerators/Product_Info/Installation_Support/Doors_Not_Closing_Properly"",""appliesTo"":""Maytag full-size refrigerators; French-door mullion guidance only on French-door models"",""lastVerified"":""2026-08-28""}]","","false","","Purchase promotion is limited to the category's separately reviewed default component route."
"maytag-mft2772hez__not-cooling","maytag-mft2772hez","refrigerator","Maytag","MFT2772HEZ","exact-code","[""MFT2772HEZ00""]","not-cooling","true","guided-checks","maytag-mft2772hez::not-cooling","[{""id"":""maytag-refrigerator-cooling"",""kind"":""manufacturer-troubleshooting"",""title"":""Maytag refrigerator control-setting checks"",""publisher"":""Maytag"",""url"":""https://producthelp.maytag.com/Refrigeration/Full-size_Refrigerators/Product_Info/Product_Assistance/Tips_for_Properly_Setting_the_Controls"",""appliesTo"":""Maytag full-size refrigerators; temperature settings, room conditions, door, and airflow observations only"",""lastVerified"":""2026-08-29""}]","","false","","Purchase promotion is limited to the category's separately reviewed default component route."
"maytag-mft2772hez__is-leaking","maytag-mft2772hez","refrigerator","Maytag","MFT2772HEZ","exact-code","[""MFT2772HEZ00""]","is-leaking","true","guided-checks","maytag-mft2772hez::is-leaking","[{""id"":""maytag-refrigerator-leak"",""kind"":""manufacturer-troubleshooting"",""title"":""Maytag refrigerator water-on-floor checks"",""publisher"":""Maytag"",""url"":""https://producthelp.maytag.com/Refrigeration/Full-size_Refrigerators/Product_Info/Installation_Support/What_to_Do_if_There_is_Water_on_the_Floor"",""appliesTo"":""Maytag refrigerators with factory water/ice systems; visible filter, supply, and floor-water observations only"",""lastVerified"":""2026-08-29""}]","","false","","Purchase promotion is limited to the category's separately reviewed default component route."
"maytag-mft2772hez__ice-maker-not-making-ice","maytag-mft2772hez","refrigerator","Maytag","MFT2772HEZ","exact-code","[""MFT2772HEZ00""]","ice-maker-not-making-ice","true","guided-checks","maytag-mft2772hez::ice-maker-not-making-ice","[{""id"":""maytag-refrigerator-ice"",""kind"":""manufacturer-troubleshooting"",""title"":""Maytag refrigerator ice-maker checks"",""publisher"":""Maytag"",""url"":""https://producthelp.maytag.com/Refrigeration/Full-size_Refrigerators/Product_Info/Product_Assistance/Ice_Maker_Not_Working_-_Troubleshooting"",""appliesTo"":""Maytag refrigerators with factory icemakers; power, temperature, water supply, filter age, and visible bin observations only"",""lastVerified"":""2026-08-29""}]","","false","","Purchase promotion is limited to the category's separately reviewed default component route."
"kitchenaid-krfc300ess__slow-water-flow","kitchenaid-krfc300ess","refrigerator","KitchenAid","KRFC300ESS","exact-code","[""KRFC300ESS08""]","slow-water-flow","true","purchase-ready","kitchenaid-krfc300ess::slow-water-flow","[{""id"":""exp-kitchenaid-refrigerator-water"",""kind"":""manufacturer-troubleshooting"",""title"":""KitchenAid water-filter replacement guidance"",""publisher"":""KitchenAid"",""url"":""https://producthelp.kitchenaid.com/Refrigeration/Water_Filter_Information/Product_Assistance/Does_the_Water_Filter_Need_to_be_Replaced%253F"",""appliesTo"":""KitchenAid refrigerators with a water filter"",""lastVerified"":""2026-08-27""}]","","true","{""name"":""EveryDrop refrigerator water filter 4"",""sku"":""EDR4RXD1"",""compatibleProductCodes"":[""KRFC300ESS08""],""installBoundary"":""user-replaceable"",""compatibilityEvidence"":[{""id"":""whirlpoolparts-krfc300ess08-edr4rxd1"",""kind"":""authorized-parts"",""title"":""KRFC300ESS08 authorized model-parts listing for water filter EDR4RXD1"",""publisher"":""Whirlpool Parts"",""url"":""https://www.whirlpoolparts.com/Shop-For-Parts/a4b121d2463919/Model-KRFC300ESS08-Kitchenaid-Refrigerator-Parts"",""appliesTo"":""KRFC300ESS08"",""lastVerified"":""2026-08-27""}],""sellerOffer"":{""provider"":""shopify-global-catalog"",""protocol"":""UCP"",""query"":""EveryDrop EDR4RXD1 refrigerator water filter exact part"",""exactSku"":""EDR4RXD1"",""offerCountAtVerification"":20,""lastVerified"":""2026-08-27""}}",""
"kitchenaid-krfc300ess__door-will-not-close","kitchenaid-krfc300ess","refrigerator","KitchenAid","KRFC300ESS","exact-code","[""KRFC300ESS08""]","door-will-not-close","true","guided-checks","kitchenaid-krfc300ess::door-will-not-close","[{""id"":""kitchenaid-refrigerator-door"",""kind"":""manufacturer-troubleshooting"",""title"":""KitchenAid refrigerator doors not closing properly"",""publisher"":""KitchenAid"",""url"":""https://producthelp.kitchenaid.com/Refrigeration/Full-Size_Refrigerators/Product_Info/Installation_Support/Doors_Not_Closing_Properly"",""appliesTo"":""KitchenAid full-size refrigerators; French-door mullion guidance only on French-door models"",""lastVerified"":""2026-08-28""}]","","false","","Purchase promotion is limited to the category's separately reviewed default component route."
"kitchenaid-krfc300ess__not-cooling","kitchenaid-krfc300ess","refrigerator","KitchenAid","KRFC300ESS","exact-code","[""KRFC300ESS08""]","not-cooling","true","guided-checks","kitchenaid-krfc300ess::not-cooling","[{""id"":""kitchenaid-refrigerator-cooling"",""kind"":""manufacturer-troubleshooting"",""title"":""KitchenAid refrigerator control-setting checks"",""publisher"":""KitchenAid"",""url"":""https://producthelp.kitchenaid.com/Refrigeration/Full-Size_Refrigerators/Product_Info/Product_Assistance/Tips_for_Properly_Setting_the_Controls"",""appliesTo"":""KitchenAid full-size refrigerators; temperature settings, room conditions, door, and airflow observations only"",""lastVerified"":""2026-08-29""}]","","false","","Purchase promotion is limited to the category's separately reviewed default component route."
"kitchenaid-krfc300ess__is-leaking","kitchenaid-krfc300ess","refrigerator","KitchenAid","KRFC300ESS","exact-code","[""KRFC300ESS08""]","is-leaking","true","guided-checks","kitchenaid-krfc300ess::is-leaking","[{""id"":""kitchenaid-refrigerator-leak"",""kind"":""manufacturer-troubleshooting"",""title"":""KitchenAid refrigerator water-on-floor checks"",""publisher"":""KitchenAid"",""url"":""https://producthelp.kitchenaid.com/Refrigeration/Full-Size_Refrigerators/Product_Info/Installation_Support/What_to_Do_if_There_is_Water_on_the_Floor"",""appliesTo"":""KitchenAid refrigerators with factory water/ice systems; visible filter, supply, and floor-water observations only"",""lastVerified"":""2026-08-29""}]","","false","","Purchase promotion is limited to the category's separately reviewed default component route."
"kitchenaid-krfc300ess__ice-maker-not-making-ice","kitchenaid-krfc300ess","refrigerator","KitchenAid","KRFC300ESS","exact-code","[""KRFC300ESS08""]","ice-maker-not-making-ice","true","guided-checks","kitchenaid-krfc300ess::ice-maker-not-making-ice","[{""id"":""kitchenaid-refrigerator-ice"",""kind"":""manufacturer-troubleshooting"",""title"":""KitchenAid refrigerator ice-maker checks"",""publisher"":""KitchenAid"",""url"":""https://producthelp.kitchenaid.com/Refrigeration/Full-Size_Refrigerators/Product_Info/Product_Assistance/Ice_Maker_Not_Working_-_Troubleshooting"",""appliesTo"":""KitchenAid refrigerators with factory icemakers; power, temperature, water supply, filter age, and visible bin observations only"",""lastVerified"":""2026-08-29""}]","","false","","Purchase promotion is limited to the category's separately reviewed default component route."
"amana-asi2575grs__slow-water-flow","amana-asi2575grs","refrigerator","Amana","ASI2575GRS","exact-code","[""ASI2575GRS05""]","slow-water-flow","true","purchase-ready","amana-asi2575grs::slow-water-flow","[{""id"":""exp-amana-refrigerator-water"",""kind"":""manufacturer-troubleshooting"",""title"":""Amana water-filter replacement guidance"",""publisher"":""Amana"",""url"":""https://producthelp.amana.com/Refrigeration/Water_Filter/Installation_Support/When_to_Change_the_Water_Filter"",""appliesTo"":""Amana side-by-side refrigerators with a water filter"",""lastVerified"":""2026-08-27""}]","","true","{""name"":""EveryDrop Filter 1 refrigerator water filter"",""sku"":""EDR1RXD1"",""compatibleProductCodes"":[""ASI2575GRS05""],""installBoundary"":""user-replaceable"",""compatibilityEvidence"":[{""id"":""amana-asi2575grs-edr1rxd1"",""kind"":""manufacturer-part"",""title"":""Amana ASI2575GRS refrigerator with EveryDrop water filtration"",""publisher"":""Amana"",""url"":""https://www.amana.com/refrigerators/side-by-side/p.36-inch-side-by-side-refrigerator-with-dual-pad-external-ice-and-water-dispenser.asi2575grs.html"",""appliesTo"":""Amana ASI2575GRS05 uses EDR1RXD1"",""lastVerified"":""2026-08-29""},{""id"":""amana-asi2575grs05-revision"",""kind"":""manufacturer-part"",""title"":""Amana exact-revision repair-parts list"",""publisher"":""Amana"",""url"":""https://www.amana.com/content/dam/global/documents/202005/repair-parts-list-w11457444-reva.pdf"",""appliesTo"":""Amana ASI2575GRS05"",""lastVerified"":""2026-08-29""},{""id"":""amana-asi2575grs-edr1rxd1-manual"",""kind"":""manufacturer-part"",""title"":""Amana owner manual naming replacement filter EDR1RXD1"",""publisher"":""Amana"",""url"":""https://www.amana.com/content/dam/global/documents/202406/owners-manual-w11484052-revE.pdf"",""appliesTo"":""Amana ASI2575GRS05 uses replacement filter EDR1RXD1"",""lastVerified"":""2026-08-29""},{""id"":""everydrop-edr1rxd1-identity-2026-08-29"",""kind"":""manufacturer-part"",""title"":""Whirlpool-family owner documentation naming EDR1RXD1"",""publisher"":""Whirlpool Corporation"",""url"":""https://www.amana.com/content/dam/global/documents/202406/owners-manual-w11484052-revE.pdf"",""appliesTo"":""EveryDrop Filter 1 manufacturer part EDR1RXD1; exact appliance fit is established separately"",""lastVerified"":""2026-08-29""}],""sellerOffer"":{""provider"":""shopify-global-catalog"",""protocol"":""UCP"",""query"":""Whirlpool EveryDrop EDR1RXD1 refrigerator water filter exact part"",""exactSku"":""EDR1RXD1"",""offerCountAtVerification"":5,""lastVerified"":""2026-08-29""}}",""
"amana-asi2575grs__door-will-not-close","amana-asi2575grs","refrigerator","Amana","ASI2575GRS","exact-code","[""ASI2575GRS05""]","door-will-not-close","true","guided-checks","amana-asi2575grs::door-will-not-close","[{""id"":""amana-refrigerator-door"",""kind"":""manufacturer-troubleshooting"",""title"":""Amana refrigerator door not closing"",""publisher"":""Amana"",""url"":""https://producthelp.amana.com/Refrigeration/Full-Size_Refrigerators/French_Door_Bottom_Freezer_Refrigerator/Door_Concerns/Not_Closing/Door_Not_Closing_-_Refrigerator"",""appliesTo"":""Amana French-door refrigerators; side-by-side models may use only obstruction/bin/level checks pending manual confirmation"",""lastVerified"":""2026-08-28""}]","","false","","Purchase promotion is limited to the category's separately reviewed default component route."
"amana-asi2575grs__not-cooling","amana-asi2575grs","refrigerator","Amana","ASI2575GRS","exact-code","[""ASI2575GRS05""]","not-cooling","true","guided-checks","amana-asi2575grs::not-cooling","[{""id"":""amana-refrigerator-cooling"",""kind"":""manufacturer-troubleshooting"",""title"":""Amana refrigerator control-setting checks"",""publisher"":""Amana"",""url"":""https://producthelp.amana.com/Refrigeration/Full-Size_Refrigerators/Product_Info/Product_Assistance/Tips_for_Properly_Setting_the_Controls"",""appliesTo"":""Amana full-size refrigerators; temperature settings, room conditions, door, and airflow observations only"",""lastVerified"":""2026-08-29""}]","","false","","Purchase promotion is limited to the category's separately reviewed default component route."
"amana-asi2575grs__is-leaking","amana-asi2575grs","refrigerator","Amana","ASI2575GRS","exact-code","[""ASI2575GRS05""]","is-leaking","true","guided-checks","amana-asi2575grs::is-leaking","[{""id"":""amana-refrigerator-leak"",""kind"":""manufacturer-troubleshooting"",""title"":""Amana refrigerator water-supply checks"",""publisher"":""Amana"",""url"":""https://producthelp.amana.com/Refrigeration/Full-Size_Refrigerators/Product_Info/Installation_Support/How_to_Check_the_Water_Supply_Line"",""appliesTo"":""Amana refrigerators with factory water/ice systems; visible household water, supply-line, and leak observations only"",""lastVerified"":""2026-08-29""}]","","false","","Purchase promotion is limited to the category's separately reviewed default component route."
"amana-asi2575grs__ice-maker-not-making-ice","amana-asi2575grs","refrigerator","Amana","ASI2575GRS","exact-code","[""ASI2575GRS05""]","ice-maker-not-making-ice","true","guided-checks","amana-asi2575grs::ice-maker-not-making-ice","[{""id"":""amana-refrigerator-ice"",""kind"":""manufacturer-troubleshooting"",""title"":""Amana refrigerator ice-maker checks"",""publisher"":""Amana"",""url"":""https://producthelp.amana.com/Refrigeration/Full-Size_Refrigerators/Product_Info/Product_Assistance/Ice_Maker_Not_Working_-_Troubleshooting"",""appliesTo"":""Amana refrigerators with factory icemakers; power, temperature, water supply, filter age, and visible bin observations only"",""lastVerified"":""2026-08-29""}]","","false","","Purchase promotion is limited to the category's separately reviewed default component route."
"samsung-rs27t5200sr__slow-water-flow","samsung-rs27t5200sr","refrigerator","Samsung","RS27T5200SR","exact-code","[""RS27T5200SR/AA""]","slow-water-flow","true","purchase-ready","samsung-rs27t5200sr::slow-water-flow","[{""id"":""exp-samsung-refrigerator-water"",""kind"":""manufacturer-troubleshooting"",""title"":""Samsung refrigerator water-dispenser troubleshooting"",""publisher"":""Samsung"",""url"":""https://www.samsung.com/us/support/troubleshoot/TSG10003791/"",""appliesTo"":""Samsung refrigerators with a water dispenser"",""lastVerified"":""2026-08-27""}]","","true","{""name"":""HAF-QIN refrigerator water filter"",""sku"":""DA97-17376B"",""compatibleProductCodes"":[""RS27T5200SR/AA""],""installBoundary"":""user-replaceable"",""compatibilityEvidence"":[{""id"":""samsung-rs27t5200sr-da97-17376b"",""kind"":""manufacturer-part"",""title"":""Samsung home-appliance catalog mapping RS27T5200 to HAF-QIN / DA97-17376B"",""publisher"":""Samsung"",""url"":""https://image-us.samsung.com/SamsungUS/samsungbusiness/builder/product-catalog/catalog.pdf"",""appliesTo"":""Samsung RS27T5200SR/AA"",""lastVerified"":""2026-08-29""},{""id"":""samsung-da97-17376b-identity-2026-08-29"",""kind"":""manufacturer-part"",""title"":""Samsung HAF-QIN genuine refrigerator water filter"",""publisher"":""Samsung"",""url"":""https://www.samsung.com/us/home-appliance-accessories/haf-qin-refrigerator-water-filter-sku-haf-qin-exp/"",""appliesTo"":""Samsung HAF-QIN/EXP manufacturer part DA97-17376B; exact refrigerator fit is established separately"",""lastVerified"":""2026-08-29""}],""sellerOffer"":{""provider"":""shopify-global-catalog"",""protocol"":""UCP"",""query"":""Samsung HAF-QIN DA97-17376B refrigerator water filter exact part"",""exactSku"":""DA97-17376B"",""offerCountAtVerification"":5,""lastVerified"":""2026-08-29""}}",""
"samsung-rs27t5200sr__door-will-not-close","samsung-rs27t5200sr","refrigerator","Samsung","RS27T5200SR","exact-code","[""RS27T5200SR/AA""]","door-will-not-close","true","guided-checks","samsung-rs27t5200sr::door-will-not-close","[{""id"":""samsung-refrigerator-door"",""kind"":""manufacturer-troubleshooting"",""title"":""Samsung refrigerator or freezer doors will not close"",""publisher"":""Samsung"",""url"":""https://www.samsung.com/us/support/troubleshoot/TSG10007112/"",""appliesTo"":""Samsung refrigerators; drawer, showcase, flap, and alignment branches are topology-specific"",""lastVerified"":""2026-08-28""}]","","false","","Purchase promotion is limited to the category's separately reviewed default component route."
"samsung-rs27t5200sr__not-cooling","samsung-rs27t5200sr","refrigerator","Samsung","RS27T5200SR","exact-code","[""RS27T5200SR/AA""]","not-cooling","true","guided-checks","samsung-rs27t5200sr::not-cooling","[{""id"":""samsung-refrigerator-cooling"",""kind"":""manufacturer-troubleshooting"",""title"":""Samsung refrigerator cooling checks"",""publisher"":""Samsung"",""url"":""https://www.samsung.com/us/support/troubleshoot/TSG10003479/"",""appliesTo"":""Samsung full-size refrigerators; error, settings, cooling mode, door seal, and food-safety observations only"",""lastVerified"":""2026-08-29""}]","","false","","Purchase promotion is limited to the category's separately reviewed default component route."
"samsung-rs27t5200sr__is-leaking","samsung-rs27t5200sr","refrigerator","Samsung","RS27T5200SR","exact-code","[""RS27T5200SR/AA""]","is-leaking","true","guided-checks","samsung-rs27t5200sr::is-leaking","[{""id"":""samsung-refrigerator-leak"",""kind"":""manufacturer-troubleshooting"",""title"":""Samsung refrigerator leak checks"",""publisher"":""Samsung"",""url"":""https://www.samsung.com/us/support/troubleshoot/TSG10003766/"",""appliesTo"":""Samsung refrigerators with factory water/ice systems; visible source, filter, supply, and service-stop observations only"",""lastVerified"":""2026-08-29""}]","","false","","Purchase promotion is limited to the category's separately reviewed default component route."
"samsung-rs27t5200sr__ice-maker-not-making-ice","samsung-rs27t5200sr","refrigerator","Samsung","RS27T5200SR","exact-code","[""RS27T5200SR/AA""]","ice-maker-not-making-ice","true","guided-checks","samsung-rs27t5200sr::ice-maker-not-making-ice","[{""id"":""samsung-refrigerator-ice"",""kind"":""manufacturer-troubleshooting"",""title"":""Samsung refrigerator ice-maker checks"",""publisher"":""Samsung"",""url"":""https://www.samsung.com/us/support/troubleshoot/TSG10002387/"",""appliesTo"":""Samsung refrigerators with factory icemakers; seal, power, water supply, temperature, and visible bin checks only; model-specific reset excluded"",""lastVerified"":""2026-08-29""}]","","false","","Purchase promotion is limited to the category's separately reviewed default component route."
"samsung-rf23r6201sr__slow-water-flow","samsung-rf23r6201sr","refrigerator","Samsung","RF23R6201SR","exact-code","[""RF23R6201SR/AA""]","slow-water-flow","true","purchase-ready","samsung-rf23r6201sr::slow-water-flow","[{""id"":""exp-samsung-french-refrigerator-water"",""kind"":""manufacturer-troubleshooting"",""title"":""Samsung refrigerator water-dispenser troubleshooting"",""publisher"":""Samsung"",""url"":""https://www.samsung.com/us/support/troubleshoot/TSG10003791/"",""appliesTo"":""Samsung French-door refrigerators with a water dispenser"",""lastVerified"":""2026-08-27""}]","","true","{""name"":""HAF-QIN refrigerator water filter"",""sku"":""DA97-17376B"",""compatibleProductCodes"":[""RF23R6201SR/AA""],""installBoundary"":""user-replaceable"",""compatibilityEvidence"":[{""id"":""samsung-rf23r6201sr-haf-qin"",""kind"":""manufacturer-part"",""title"":""Samsung RF23R6201SR specifications naming HAF-QIN"",""publisher"":""Samsung"",""url"":""https://image-us.samsung.com/SamsungUS/home/home-appliances/refrigerators/3-door-french-door/pdp/rf23r6201dt-aa/RF23R6201SR_V4.pdf"",""appliesTo"":""Samsung RF23R6201SR/AA"",""lastVerified"":""2026-08-29""},{""id"":""samsung-rf23r6201sr-da97-17376b-catalog"",""kind"":""manufacturer-part"",""title"":""Samsung catalog mapping HAF-QIN to DA97-17376B"",""publisher"":""Samsung"",""url"":""https://image-us.samsung.com/SamsungUS/samsungbusiness/builder/product-catalog/catalog.pdf"",""appliesTo"":""Samsung RF23R6201SR/AA"",""lastVerified"":""2026-08-29""},{""id"":""samsung-da97-17376b-identity-2026-08-29"",""kind"":""manufacturer-part"",""title"":""Samsung HAF-QIN genuine refrigerator water filter"",""publisher"":""Samsung"",""url"":""https://www.samsung.com/us/home-appliance-accessories/haf-qin-refrigerator-water-filter-sku-haf-qin-exp/"",""appliesTo"":""Samsung HAF-QIN/EXP manufacturer part DA97-17376B; exact refrigerator fit is established separately"",""lastVerified"":""2026-08-29""}],""sellerOffer"":{""provider"":""shopify-global-catalog"",""protocol"":""UCP"",""query"":""Samsung HAF-QIN DA97-17376B refrigerator water filter exact part"",""exactSku"":""DA97-17376B"",""offerCountAtVerification"":5,""lastVerified"":""2026-08-29""}}",""
"samsung-rf23r6201sr__door-will-not-close","samsung-rf23r6201sr","refrigerator","Samsung","RF23R6201SR","exact-code","[""RF23R6201SR/AA""]","door-will-not-close","true","guided-checks","samsung-rf23r6201sr::door-will-not-close","[{""id"":""samsung-refrigerator-door"",""kind"":""manufacturer-troubleshooting"",""title"":""Samsung refrigerator or freezer doors will not close"",""publisher"":""Samsung"",""url"":""https://www.samsung.com/us/support/troubleshoot/TSG10007112/"",""appliesTo"":""Samsung refrigerators; drawer, showcase, flap, and alignment branches are topology-specific"",""lastVerified"":""2026-08-28""}]","","false","","Purchase promotion is limited to the category's separately reviewed default component route."
"samsung-rf23r6201sr__not-cooling","samsung-rf23r6201sr","refrigerator","Samsung","RF23R6201SR","exact-code","[""RF23R6201SR/AA""]","not-cooling","true","guided-checks","samsung-rf23r6201sr::not-cooling","[{""id"":""samsung-refrigerator-cooling"",""kind"":""manufacturer-troubleshooting"",""title"":""Samsung refrigerator cooling checks"",""publisher"":""Samsung"",""url"":""https://www.samsung.com/us/support/troubleshoot/TSG10003479/"",""appliesTo"":""Samsung full-size refrigerators; error, settings, cooling mode, door seal, and food-safety observations only"",""lastVerified"":""2026-08-29""}]","","false","","Purchase promotion is limited to the category's separately reviewed default component route."
"samsung-rf23r6201sr__is-leaking","samsung-rf23r6201sr","refrigerator","Samsung","RF23R6201SR","exact-code","[""RF23R6201SR/AA""]","is-leaking","true","guided-checks","samsung-rf23r6201sr::is-leaking","[{""id"":""samsung-refrigerator-leak"",""kind"":""manufacturer-troubleshooting"",""title"":""Samsung refrigerator leak checks"",""publisher"":""Samsung"",""url"":""https://www.samsung.com/us/support/troubleshoot/TSG10003766/"",""appliesTo"":""Samsung refrigerators with factory water/ice systems; visible source, filter, supply, and service-stop observations only"",""lastVerified"":""2026-08-29""}]","","false","","Purchase promotion is limited to the category's separately reviewed default component route."
"samsung-rf23r6201sr__ice-maker-not-making-ice","samsung-rf23r6201sr","refrigerator","Samsung","RF23R6201SR","exact-code","[""RF23R6201SR/AA""]","ice-maker-not-making-ice","true","guided-checks","samsung-rf23r6201sr::ice-maker-not-making-ice","[{""id"":""samsung-refrigerator-ice"",""kind"":""manufacturer-troubleshooting"",""title"":""Samsung refrigerator ice-maker checks"",""publisher"":""Samsung"",""url"":""https://www.samsung.com/us/support/troubleshoot/TSG10002387/"",""appliesTo"":""Samsung refrigerators with factory icemakers; seal, power, water supply, temperature, and visible bin checks only; model-specific reset excluded"",""lastVerified"":""2026-08-29""}]","","false","","Purchase promotion is limited to the category's separately reviewed default component route."
"samsung-rf28r7201sr__slow-water-flow","samsung-rf28r7201sr","refrigerator","Samsung","RF28R7201SR","exact-code","[""RF28R7201SR/AA""]","slow-water-flow","true","purchase-ready","samsung-rf28r7201sr::slow-water-flow","[{""id"":""exp-samsung-french-refrigerator-water"",""kind"":""manufacturer-troubleshooting"",""title"":""Samsung refrigerator water-dispenser troubleshooting"",""publisher"":""Samsung"",""url"":""https://www.samsung.com/us/support/troubleshoot/TSG10003791/"",""appliesTo"":""Samsung French-door refrigerators with a water dispenser"",""lastVerified"":""2026-08-27""}]","","true","{""name"":""HAF-QIN refrigerator water filter"",""sku"":""DA97-17376B"",""compatibleProductCodes"":[""RF28R7201SR/AA""],""installBoundary"":""user-replaceable"",""compatibilityEvidence"":[{""id"":""samsung-rf28r7201sr-da97-17376b"",""kind"":""manufacturer-part"",""title"":""Samsung home-appliance catalog mapping RF28R7201 to HAF-QIN / DA97-17376B"",""publisher"":""Samsung"",""url"":""https://image-us.samsung.com/SamsungUS/samsungbusiness/builder/product-catalog/catalog.pdf"",""appliesTo"":""Samsung RF28R7201SR/AA"",""lastVerified"":""2026-08-29""},{""id"":""samsung-da97-17376b-identity-2026-08-29"",""kind"":""manufacturer-part"",""title"":""Samsung HAF-QIN genuine refrigerator water filter"",""publisher"":""Samsung"",""url"":""https://www.samsung.com/us/home-appliance-accessories/haf-qin-refrigerator-water-filter-sku-haf-qin-exp/"",""appliesTo"":""Samsung HAF-QIN/EXP manufacturer part DA97-17376B; exact refrigerator fit is established separately"",""lastVerified"":""2026-08-29""}],""sellerOffer"":{""provider"":""shopify-global-catalog"",""protocol"":""UCP"",""query"":""Samsung HAF-QIN DA97-17376B refrigerator water filter exact part"",""exactSku"":""DA97-17376B"",""offerCountAtVerification"":5,""lastVerified"":""2026-08-29""}}",""
"samsung-rf28r7201sr__door-will-not-close","samsung-rf28r7201sr","refrigerator","Samsung","RF28R7201SR","exact-code","[""RF28R7201SR/AA""]","door-will-not-close","true","guided-checks","samsung-rf28r7201sr::door-will-not-close","[{""id"":""samsung-refrigerator-door"",""kind"":""manufacturer-troubleshooting"",""title"":""Samsung refrigerator or freezer doors will not close"",""publisher"":""Samsung"",""url"":""https://www.samsung.com/us/support/troubleshoot/TSG10007112/"",""appliesTo"":""Samsung refrigerators; drawer, showcase, flap, and alignment branches are topology-specific"",""lastVerified"":""2026-08-28""}]","","false","","Purchase promotion is limited to the category's separately reviewed default component route."
"samsung-rf28r7201sr__not-cooling","samsung-rf28r7201sr","refrigerator","Samsung","RF28R7201SR","exact-code","[""RF28R7201SR/AA""]","not-cooling","true","guided-checks","samsung-rf28r7201sr::not-cooling","[{""id"":""samsung-refrigerator-cooling"",""kind"":""manufacturer-troubleshooting"",""title"":""Samsung refrigerator cooling checks"",""publisher"":""Samsung"",""url"":""https://www.samsung.com/us/support/troubleshoot/TSG10003479/"",""appliesTo"":""Samsung full-size refrigerators; error, settings, cooling mode, door seal, and food-safety observations only"",""lastVerified"":""2026-08-29""}]","","false","","Purchase promotion is limited to the category's separately reviewed default component route."
"samsung-rf28r7201sr__is-leaking","samsung-rf28r7201sr","refrigerator","Samsung","RF28R7201SR","exact-code","[""RF28R7201SR/AA""]","is-leaking","true","guided-checks","samsung-rf28r7201sr::is-leaking","[{""id"":""samsung-refrigerator-leak"",""kind"":""manufacturer-troubleshooting"",""title"":""Samsung refrigerator leak checks"",""publisher"":""Samsung"",""url"":""https://www.samsung.com/us/support/troubleshoot/TSG10003766/"",""appliesTo"":""Samsung refrigerators with factory water/ice systems; visible source, filter, supply, and service-stop observations only"",""lastVerified"":""2026-08-29""}]","","false","","Purchase promotion is limited to the category's separately reviewed default component route."
"samsung-rf28r7201sr__ice-maker-not-making-ice","samsung-rf28r7201sr","refrigerator","Samsung","RF28R7201SR","exact-code","[""RF28R7201SR/AA""]","ice-maker-not-making-ice","true","guided-checks","samsung-rf28r7201sr::ice-maker-not-making-ice","[{""id"":""samsung-refrigerator-ice"",""kind"":""manufacturer-troubleshooting"",""title"":""Samsung refrigerator ice-maker checks"",""publisher"":""Samsung"",""url"":""https://www.samsung.com/us/support/troubleshoot/TSG10002387/"",""appliesTo"":""Samsung refrigerators with factory icemakers; seal, power, water supply, temperature, and visible bin checks only; model-specific reset excluded"",""lastVerified"":""2026-08-29""}]","","false","","Purchase promotion is limited to the category's separately reviewed default component route."
"lg-lfxs26973s__slow-water-flow","lg-lfxs26973s","refrigerator","LG","LFXS26973S","exact-code","[""LFXS26973S.ASTCNA2""]","slow-water-flow","true","purchase-ready","lg-lfxs26973s::slow-water-flow","[{""id"":""exp-lg-refrigerator-water"",""kind"":""manufacturer-troubleshooting"",""title"":""LG refrigerator slow-water guidance"",""publisher"":""LG"",""url"":""https://www.lg.com/us/support/help-library/lg-refrigerator-water-dispensing-slowly-CT10000021-1337887886789"",""appliesTo"":""LG refrigerators with a water dispenser"",""lastVerified"":""2026-08-27""}]","","true","{""name"":""LT1000P refrigerator water filter"",""sku"":""LT1000P"",""compatibleProductCodes"":[""LFXS26973S.ASTCNA2""],""installBoundary"":""user-replaceable"",""compatibilityEvidence"":[{""id"":""lg-lfxs26973s-lt1000p"",""kind"":""manufacturer-part"",""title"":""LG LFXS26973S specifications naming the LT1000P filter"",""publisher"":""LG"",""url"":""https://www.lg.com/us/business/refrigerators/lg-lfxs26973s"",""appliesTo"":""LG LFXS26973S.ASTCNA2"",""lastVerified"":""2026-08-29""},{""id"":""lg-lfxs26973s-astcna2-support"",""kind"":""manufacturer-part"",""title"":""LG exact-revision support page"",""publisher"":""LG"",""url"":""https://www.lg.com/us/support/product/lg-LFXS26973S.ASTCNA2"",""appliesTo"":""LG LFXS26973S.ASTCNA2"",""lastVerified"":""2026-08-29""},{""id"":""lg-lt1000p-identity-2026-08-29"",""kind"":""manufacturer-part"",""title"":""LG LT1000P genuine replacement water-filter page"",""publisher"":""LG"",""url"":""https://www.lg.com/us/appliances-accessories/lg-lt1000p-refrigerator-water-filter"",""appliesTo"":""LG LT1000P genuine replacement filter; model fit is established separately"",""lastVerified"":""2026-08-29""}],""sellerOffer"":{""provider"":""shopify-global-catalog"",""protocol"":""UCP"",""query"":""LG LT1000P refrigerator water filter exact part"",""exactSku"":""LT1000P"",""offerCountAtVerification"":5,""lastVerified"":""2026-08-29""}}",""
"lg-lfxs26973s__door-will-not-close","lg-lfxs26973s","refrigerator","LG","LFXS26973S","exact-code","[""LFXS26973S.ASTCNA2""]","door-will-not-close","true","guided-checks","lg-lfxs26973s::door-will-not-close","[{""id"":""lg-refrigerator-door"",""kind"":""manufacturer-troubleshooting"",""title"":""LG refrigerator door not closing properly"",""publisher"":""LG"",""url"":""https://www.lg.com/us/support/help-library/lg-refrigerator-how-to-troubleshoot-a-refrigerator-door-not-closing-properly-CT10000021-20153109606488"",""appliesTo"":""LG refrigerators; all-model article with model-dependent visuals"",""lastVerified"":""2026-08-28""}]","","false","","Purchase promotion is limited to the category's separately reviewed default component route."
"lg-lfxs26973s__not-cooling","lg-lfxs26973s","refrigerator","LG","LFXS26973S","exact-code","[""LFXS26973S.ASTCNA2""]","not-cooling","true","guided-checks","lg-lfxs26973s::not-cooling","[{""id"":""lg-refrigerator-cooling"",""kind"":""manufacturer-troubleshooting"",""title"":""LG refrigerator cooling troubleshooting"",""publisher"":""LG"",""url"":""https://www.lg.com/us/support/help-library/lg-refrigerator-not-cooling-CT10000021-1429710717769"",""appliesTo"":""LG full-size refrigerators; settings, door, airflow, and food-safety observations only"",""lastVerified"":""2026-08-29""}]","","false","","Purchase promotion is limited to the category's separately reviewed default component route."
"lg-lfxs26973s__is-leaking","lg-lfxs26973s","refrigerator","LG","LFXS26973S","exact-code","[""LFXS26973S.ASTCNA2""]","is-leaking","true","guided-checks","lg-lfxs26973s::is-leaking","[{""id"":""lg-refrigerator-leak"",""kind"":""manufacturer-troubleshooting"",""title"":""LG refrigerator leak troubleshooting"",""publisher"":""LG"",""url"":""https://www.lg.com/us/support/help-library/lg-refrigerator-troubleshooting-a-leaking-refrigerator--20152715569705"",""appliesTo"":""LG refrigerators with factory water/ice systems; visible source, shutoff, filter, and service-stop observations only"",""lastVerified"":""2026-08-29""}]","","false","","Purchase promotion is limited to the category's separately reviewed default component route."
"lg-lfxs26973s__ice-maker-not-making-ice","lg-lfxs26973s","refrigerator","LG","LFXS26973S","exact-code","[""LFXS26973S.ASTCNA2""]","ice-maker-not-making-ice","true","guided-checks","lg-lfxs26973s::ice-maker-not-making-ice","[{""id"":""lg-refrigerator-ice"",""kind"":""manufacturer-troubleshooting"",""title"":""LG refrigerator no-ice checks"",""publisher"":""LG"",""url"":""https://www.lg.com/us/support/help-library/lg-refrigerator-why-is-my-refrigerator-not-making-ice-CT10000021-1400773605181"",""appliesTo"":""LG refrigerators with factory icemakers; temperature, power, water, and visible bin checks only; test-mode instructions excluded"",""lastVerified"":""2026-08-29""}]","","false","","Purchase promotion is limited to the category's separately reviewed default component route."
"lg-lmxs28626s__slow-water-flow","lg-lmxs28626s","refrigerator","LG","LMXS28626S","exact-code","[""LMXS28626S.ASTCNA1""]","slow-water-flow","true","purchase-ready","lg-lmxs28626s::slow-water-flow","[{""id"":""exp-lg-refrigerator-water"",""kind"":""manufacturer-troubleshooting"",""title"":""LG refrigerator slow-water guidance"",""publisher"":""LG"",""url"":""https://www.lg.com/us/support/help-library/lg-refrigerator-water-dispensing-slowly-CT10000021-1337887886789"",""appliesTo"":""LG refrigerators with a water dispenser"",""lastVerified"":""2026-08-27""}]","","true","{""name"":""LT1000P refrigerator water filter"",""sku"":""LT1000P"",""compatibleProductCodes"":[""LMXS28626S.ASTCNA1""],""installBoundary"":""user-replaceable"",""compatibilityEvidence"":[{""id"":""lg-lmxs28626s-lt1000p"",""kind"":""manufacturer-part"",""title"":""LG LMXS28626S specifications naming the LT1000P filter"",""publisher"":""LG"",""url"":""https://www.lg.com/us/refrigerators/lg-lmxs28626s-french-4-door-refrigerator"",""appliesTo"":""LG LMXS28626S.ASTCNA1"",""lastVerified"":""2026-08-29""},{""id"":""lg-lmxs28626s-astcna1-support"",""kind"":""manufacturer-part"",""title"":""LG exact-revision support page"",""publisher"":""LG"",""url"":""https://www.lg.com/us/support/product/lg-LMXS28626S.ASTCNA1"",""appliesTo"":""LG LMXS28626S.ASTCNA1"",""lastVerified"":""2026-08-29""},{""id"":""lg-lt1000p-identity-2026-08-29"",""kind"":""manufacturer-part"",""title"":""LG LT1000P genuine replacement water-filter page"",""publisher"":""LG"",""url"":""https://www.lg.com/us/appliances-accessories/lg-lt1000p-refrigerator-water-filter"",""appliesTo"":""LG LT1000P genuine replacement filter; model fit is established separately"",""lastVerified"":""2026-08-29""}],""sellerOffer"":{""provider"":""shopify-global-catalog"",""protocol"":""UCP"",""query"":""LG LT1000P refrigerator water filter exact part"",""exactSku"":""LT1000P"",""offerCountAtVerification"":5,""lastVerified"":""2026-08-29""}}",""
"lg-lmxs28626s__door-will-not-close","lg-lmxs28626s","refrigerator","LG","LMXS28626S","exact-code","[""LMXS28626S.ASTCNA1""]","door-will-not-close","true","guided-checks","lg-lmxs28626s::door-will-not-close","[{""id"":""lg-refrigerator-door"",""kind"":""manufacturer-troubleshooting"",""title"":""LG refrigerator door not closing properly"",""publisher"":""LG"",""url"":""https://www.lg.com/us/support/help-library/lg-refrigerator-how-to-troubleshoot-a-refrigerator-door-not-closing-properly-CT10000021-20153109606488"",""appliesTo"":""LG refrigerators; all-model article with model-dependent visuals"",""lastVerified"":""2026-08-28""}]","","false","","Purchase promotion is limited to the category's separately reviewed default component route."
"lg-lmxs28626s__not-cooling","lg-lmxs28626s","refrigerator","LG","LMXS28626S","exact-code","[""LMXS28626S.ASTCNA1""]","not-cooling","true","guided-checks","lg-lmxs28626s::not-cooling","[{""id"":""lg-refrigerator-cooling"",""kind"":""manufacturer-troubleshooting"",""title"":""LG refrigerator cooling troubleshooting"",""publisher"":""LG"",""url"":""https://www.lg.com/us/support/help-library/lg-refrigerator-not-cooling-CT10000021-1429710717769"",""appliesTo"":""LG full-size refrigerators; settings, door, airflow, and food-safety observations only"",""lastVerified"":""2026-08-29""}]","","false","","Purchase promotion is limited to the category's separately reviewed default component route."
"lg-lmxs28626s__is-leaking","lg-lmxs28626s","refrigerator","LG","LMXS28626S","exact-code","[""LMXS28626S.ASTCNA1""]","is-leaking","true","guided-checks","lg-lmxs28626s::is-leaking","[{""id"":""lg-refrigerator-leak"",""kind"":""manufacturer-troubleshooting"",""title"":""LG refrigerator leak troubleshooting"",""publisher"":""LG"",""url"":""https://www.lg.com/us/support/help-library/lg-refrigerator-troubleshooting-a-leaking-refrigerator--20152715569705"",""appliesTo"":""LG refrigerators with factory water/ice systems; visible source, shutoff, filter, and service-stop observations only"",""lastVerified"":""2026-08-29""}]","","false","","Purchase promotion is limited to the category's separately reviewed default component route."
"lg-lmxs28626s__ice-maker-not-making-ice","lg-lmxs28626s","refrigerator","LG","LMXS28626S","exact-code","[""LMXS28626S.ASTCNA1""]","ice-maker-not-making-ice","true","guided-checks","lg-lmxs28626s::ice-maker-not-making-ice","[{""id"":""lg-refrigerator-ice"",""kind"":""manufacturer-troubleshooting"",""title"":""LG refrigerator no-ice checks"",""publisher"":""LG"",""url"":""https://www.lg.com/us/support/help-library/lg-refrigerator-why-is-my-refrigerator-not-making-ice-CT10000021-1400773605181"",""appliesTo"":""LG refrigerators with factory icemakers; temperature, power, water, and visible bin checks only; test-mode instructions excluded"",""lastVerified"":""2026-08-29""}]","","false","","Purchase promotion is limited to the category's separately reviewed default component route."
"lg-lrfws2906s__slow-water-flow","lg-lrfws2906s","refrigerator","LG","LRFWS2906S","exact-code","[""LRFWS2906S.ASTCNA1""]","slow-water-flow","true","purchase-ready","lg-lrfws2906s::slow-water-flow","[{""id"":""exp-lg-refrigerator-water"",""kind"":""manufacturer-troubleshooting"",""title"":""LG refrigerator slow-water guidance"",""publisher"":""LG"",""url"":""https://www.lg.com/us/support/help-library/lg-refrigerator-water-dispensing-slowly-CT10000021-1337887886789"",""appliesTo"":""LG refrigerators with a water dispenser"",""lastVerified"":""2026-08-27""}]","","true","{""name"":""LT1000P refrigerator water filter"",""sku"":""LT1000P"",""compatibleProductCodes"":[""LRFWS2906S.ASTCNA1""],""installBoundary"":""user-replaceable"",""compatibilityEvidence"":[{""id"":""lg-lrfws2906s-lt1000p"",""kind"":""manufacturer-part"",""title"":""LG LRFWS2906S specifications naming the LT1000P filter"",""publisher"":""LG"",""url"":""https://www.lg.com/us/business/refrigerators/lg-lrfws2906s"",""appliesTo"":""LG LRFWS2906S.ASTCNA1"",""lastVerified"":""2026-08-29""},{""id"":""lg-lrfws2906s-astcna1-support"",""kind"":""manufacturer-part"",""title"":""LG exact-revision support page"",""publisher"":""LG"",""url"":""https://www.lg.com/us/support/product/lg-LRFWS2906S.ASTCNA1"",""appliesTo"":""LG LRFWS2906S.ASTCNA1"",""lastVerified"":""2026-08-29""},{""id"":""lg-lt1000p-identity-2026-08-29"",""kind"":""manufacturer-part"",""title"":""LG LT1000P genuine replacement water-filter page"",""publisher"":""LG"",""url"":""https://www.lg.com/us/appliances-accessories/lg-lt1000p-refrigerator-water-filter"",""appliesTo"":""LG LT1000P genuine replacement filter; model fit is established separately"",""lastVerified"":""2026-08-29""}],""sellerOffer"":{""provider"":""shopify-global-catalog"",""protocol"":""UCP"",""query"":""LG LT1000P refrigerator water filter exact part"",""exactSku"":""LT1000P"",""offerCountAtVerification"":5,""lastVerified"":""2026-08-29""}}",""
"lg-lrfws2906s__door-will-not-close","lg-lrfws2906s","refrigerator","LG","LRFWS2906S","exact-code","[""LRFWS2906S.ASTCNA1""]","door-will-not-close","true","guided-checks","lg-lrfws2906s::door-will-not-close","[{""id"":""lg-refrigerator-door"",""kind"":""manufacturer-troubleshooting"",""title"":""LG refrigerator door not closing properly"",""publisher"":""LG"",""url"":""https://www.lg.com/us/support/help-library/lg-refrigerator-how-to-troubleshoot-a-refrigerator-door-not-closing-properly-CT10000021-20153109606488"",""appliesTo"":""LG refrigerators; all-model article with model-dependent visuals"",""lastVerified"":""2026-08-28""}]","","false","","Purchase promotion is limited to the category's separately reviewed default component route."
"lg-lrfws2906s__not-cooling","lg-lrfws2906s","refrigerator","LG","LRFWS2906S","exact-code","[""LRFWS2906S.ASTCNA1""]","not-cooling","true","guided-checks","lg-lrfws2906s::not-cooling","[{""id"":""lg-refrigerator-cooling"",""kind"":""manufacturer-troubleshooting"",""title"":""LG refrigerator cooling troubleshooting"",""publisher"":""LG"",""url"":""https://www.lg.com/us/support/help-library/lg-refrigerator-not-cooling-CT10000021-1429710717769"",""appliesTo"":""LG full-size refrigerators; settings, door, airflow, and food-safety observations only"",""lastVerified"":""2026-08-29""}]","","false","","Purchase promotion is limited to the category's separately reviewed default component route."
"lg-lrfws2906s__is-leaking","lg-lrfws2906s","refrigerator","LG","LRFWS2906S","exact-code","[""LRFWS2906S.ASTCNA1""]","is-leaking","true","guided-checks","lg-lrfws2906s::is-leaking","[{""id"":""lg-refrigerator-leak"",""kind"":""manufacturer-troubleshooting"",""title"":""LG refrigerator leak troubleshooting"",""publisher"":""LG"",""url"":""https://www.lg.com/us/support/help-library/lg-refrigerator-troubleshooting-a-leaking-refrigerator--20152715569705"",""appliesTo"":""LG refrigerators with factory water/ice systems; visible source, shutoff, filter, and service-stop observations only"",""lastVerified"":""2026-08-29""}]","","false","","Purchase promotion is limited to the category's separately reviewed default component route."
"lg-lrfws2906s__ice-maker-not-making-ice","lg-lrfws2906s","refrigerator","LG","LRFWS2906S","exact-code","[""LRFWS2906S.ASTCNA1""]","ice-maker-not-making-ice","true","guided-checks","lg-lrfws2906s::ice-maker-not-making-ice","[{""id"":""lg-refrigerator-ice"",""kind"":""manufacturer-troubleshooting"",""title"":""LG refrigerator no-ice checks"",""publisher"":""LG"",""url"":""https://www.lg.com/us/support/help-library/lg-refrigerator-why-is-my-refrigerator-not-making-ice-CT10000021-1400773605181"",""appliesTo"":""LG refrigerators with factory icemakers; temperature, power, water, and visible bin checks only; test-mode instructions excluded"",""lastVerified"":""2026-08-29""}]","","false","","Purchase promotion is limited to the category's separately reviewed default component route."
"lg-lrsxs2706s__slow-water-flow","lg-lrsxs2706s","refrigerator","LG","LRSXS2706S","exact-code","[""LRSXS2706S.ASTCNA0""]","slow-water-flow","true","purchase-ready","lg-lrsxs2706s::slow-water-flow","[{""id"":""exp-lg-side-refrigerator-water"",""kind"":""manufacturer-troubleshooting"",""title"":""LG refrigerator slow-water guidance"",""publisher"":""LG"",""url"":""https://www.lg.com/us/support/help-library/lg-refrigerator-water-dispensing-slowly-CT10000021-1337887886789"",""appliesTo"":""LG side-by-side refrigerators with a water dispenser"",""lastVerified"":""2026-08-27""}]","","true","{""name"":""LT1000P refrigerator water filter"",""sku"":""LT1000P"",""compatibleProductCodes"":[""LRSXS2706S.ASTCNA0""],""installBoundary"":""user-replaceable"",""compatibilityEvidence"":[{""id"":""lg-lrsxs2706s-lt1000p"",""kind"":""manufacturer-part"",""title"":""LG LRSXS2706S specifications naming the LT1000P filter"",""publisher"":""LG"",""url"":""https://www.lg.com/us/business/refrigerators/lg-lrsxs2706s"",""appliesTo"":""LG LRSXS2706S.ASTCNA0"",""lastVerified"":""2026-08-29""},{""id"":""lg-lrsxs2706s-astcna0-support"",""kind"":""manufacturer-part"",""title"":""LG exact-revision support page"",""publisher"":""LG"",""url"":""https://www.lg.com/us/support/product/lg-LRSXS2706S.ASTCNA0"",""appliesTo"":""LG LRSXS2706S.ASTCNA0"",""lastVerified"":""2026-08-29""},{""id"":""lg-lt1000p-identity-2026-08-29"",""kind"":""manufacturer-part"",""title"":""LG LT1000P genuine replacement water-filter page"",""publisher"":""LG"",""url"":""https://www.lg.com/us/appliances-accessories/lg-lt1000p-refrigerator-water-filter"",""appliesTo"":""LG LT1000P genuine replacement filter; model fit is established separately"",""lastVerified"":""2026-08-29""}],""sellerOffer"":{""provider"":""shopify-global-catalog"",""protocol"":""UCP"",""query"":""LG LT1000P refrigerator water filter exact part"",""exactSku"":""LT1000P"",""offerCountAtVerification"":5,""lastVerified"":""2026-08-29""}}",""
"lg-lrsxs2706s__door-will-not-close","lg-lrsxs2706s","refrigerator","LG","LRSXS2706S","exact-code","[""LRSXS2706S.ASTCNA0""]","door-will-not-close","true","guided-checks","lg-lrsxs2706s::door-will-not-close","[{""id"":""lg-refrigerator-door"",""kind"":""manufacturer-troubleshooting"",""title"":""LG refrigerator door not closing properly"",""publisher"":""LG"",""url"":""https://www.lg.com/us/support/help-library/lg-refrigerator-how-to-troubleshoot-a-refrigerator-door-not-closing-properly-CT10000021-20153109606488"",""appliesTo"":""LG refrigerators; all-model article with model-dependent visuals"",""lastVerified"":""2026-08-28""}]","","false","","Purchase promotion is limited to the category's separately reviewed default component route."
"lg-lrsxs2706s__not-cooling","lg-lrsxs2706s","refrigerator","LG","LRSXS2706S","exact-code","[""LRSXS2706S.ASTCNA0""]","not-cooling","true","guided-checks","lg-lrsxs2706s::not-cooling","[{""id"":""lg-refrigerator-cooling"",""kind"":""manufacturer-troubleshooting"",""title"":""LG refrigerator cooling troubleshooting"",""publisher"":""LG"",""url"":""https://www.lg.com/us/support/help-library/lg-refrigerator-not-cooling-CT10000021-1429710717769"",""appliesTo"":""LG full-size refrigerators; settings, door, airflow, and food-safety observations only"",""lastVerified"":""2026-08-29""}]","","false","","Purchase promotion is limited to the category's separately reviewed default component route."
"lg-lrsxs2706s__is-leaking","lg-lrsxs2706s","refrigerator","LG","LRSXS2706S","exact-code","[""LRSXS2706S.ASTCNA0""]","is-leaking","true","guided-checks","lg-lrsxs2706s::is-leaking","[{""id"":""lg-refrigerator-leak"",""kind"":""manufacturer-troubleshooting"",""title"":""LG refrigerator leak troubleshooting"",""publisher"":""LG"",""url"":""https://www.lg.com/us/support/help-library/lg-refrigerator-troubleshooting-a-leaking-refrigerator--20152715569705"",""appliesTo"":""LG refrigerators with factory water/ice systems; visible source, shutoff, filter, and service-stop observations only"",""lastVerified"":""2026-08-29""}]","","false","","Purchase promotion is limited to the category's separately reviewed default component route."
"lg-lrsxs2706s__ice-maker-not-making-ice","lg-lrsxs2706s","refrigerator","LG","LRSXS2706S","exact-code","[""LRSXS2706S.ASTCNA0""]","ice-maker-not-making-ice","true","guided-checks","lg-lrsxs2706s::ice-maker-not-making-ice","[{""id"":""lg-refrigerator-ice"",""kind"":""manufacturer-troubleshooting"",""title"":""LG refrigerator no-ice checks"",""publisher"":""LG"",""url"":""https://www.lg.com/us/support/help-library/lg-refrigerator-why-is-my-refrigerator-not-making-ice-CT10000021-1400773605181"",""appliesTo"":""LG refrigerators with factory icemakers; temperature, power, water, and visible bin checks only; test-mode instructions excluded"",""lastVerified"":""2026-08-29""}]","","false","","Purchase promotion is limited to the category's separately reviewed default component route."
"frigidaire-grfs2853af__slow-water-flow","frigidaire-grfs2853af","refrigerator","Frigidaire","GRFS2853AF","family-only","[]","slow-water-flow","true","guided-checks","frigidaire-grfs2853af::slow-water-flow","[{""id"":""exp-frigidaire-refrigerator-water"",""kind"":""manufacturer-troubleshooting"",""title"":""Frigidaire refrigerator dispenser troubleshooting"",""publisher"":""Frigidaire"",""url"":""https://owner.frigidaire.com/support-articles/article/1853039-what-should-i-do-if-the-dispenser-on-my-refrigerator-is-not-dispensing-water-"",""appliesTo"":""Frigidaire refrigerators with a water dispenser"",""lastVerified"":""2026-08-27""}]","","false","","A complete revision code is not independently verified for this catalog identity."
"frigidaire-grfs2853af__door-will-not-close","frigidaire-grfs2853af","refrigerator","Frigidaire","GRFS2853AF","family-only","[]","door-will-not-close","true","guided-checks","frigidaire-grfs2853af::door-will-not-close","[{""id"":""frigidaire-refrigerator-door"",""kind"":""manufacturer-troubleshooting"",""title"":""Frigidaire refrigerator door issues"",""publisher"":""Frigidaire"",""url"":""https://owner.frigidaire.com/support-articles/article/refrigerators-door-issues"",""appliesTo"":""Frigidaire refrigerators"",""lastVerified"":""2026-08-28""}]","","false","","Purchase promotion is limited to the category's separately reviewed default component route."
"frigidaire-grfs2853af__not-cooling","frigidaire-grfs2853af","refrigerator","Frigidaire","GRFS2853AF","family-only","[]","not-cooling","true","guided-checks","frigidaire-grfs2853af::not-cooling","[{""id"":""frigidaire-refrigerator-cooling"",""kind"":""manufacturer-troubleshooting"",""title"":""Frigidaire refrigerator not-cooling checks"",""publisher"":""Frigidaire"",""url"":""https://owner.frigidaire.com/support-articles/article/1898299-refrigerators-not-cooling"",""appliesTo"":""Frigidaire refrigerators; power, temperature, airflow, door-seal, and food-safety observations only"",""lastVerified"":""2026-08-29""}]","","false","","Purchase promotion is limited to the category's separately reviewed default component route."
"frigidaire-grfs2853af__is-leaking","frigidaire-grfs2853af","refrigerator","Frigidaire","GRFS2853AF","family-only","[]","is-leaking","true","guided-checks","frigidaire-grfs2853af::is-leaking","[{""id"":""frigidaire-refrigerator-leak"",""kind"":""manufacturer-troubleshooting"",""title"":""Frigidaire refrigerator water-leak checks"",""publisher"":""Frigidaire"",""url"":""https://owner.frigidaire.com/support-articles/article/1847166-refrigerators-water-leaks"",""appliesTo"":""Frigidaire refrigerators with factory water/ice systems; visible filter, dispenser, and connection observations only"",""lastVerified"":""2026-08-29""}]","","false","","Purchase promotion is limited to the category's separately reviewed default component route."
"frigidaire-grfs2853af__ice-maker-not-making-ice","frigidaire-grfs2853af","refrigerator","Frigidaire","GRFS2853AF","family-only","[]","ice-maker-not-making-ice","true","guided-checks","frigidaire-grfs2853af::ice-maker-not-making-ice","[{""id"":""frigidaire-refrigerator-ice"",""kind"":""manufacturer-troubleshooting"",""title"":""Frigidaire refrigerator low-ice checks"",""publisher"":""Frigidaire"",""url"":""https://owner.frigidaire.com/support-articles/article/1853036-what-should-i-do-if-my-ice-maker-is-not-making-enough-ice-in-my-refrigerator-"",""appliesTo"":""Frigidaire French-door, side-by-side, and top-freezer refrigerators with factory icemakers; filter age, temperature, water supply, and door observations only"",""lastVerified"":""2026-08-29""}]","","false","","Purchase promotion is limited to the category's separately reviewed default component route."
"frigidaire-frfs2823as__slow-water-flow","frigidaire-frfs2823as","refrigerator","Frigidaire","FRFS2823AS","family-only","[]","slow-water-flow","true","guided-checks","frigidaire-frfs2823as::slow-water-flow","[{""id"":""exp-frigidaire-refrigerator-water"",""kind"":""manufacturer-troubleshooting"",""title"":""Frigidaire refrigerator dispenser troubleshooting"",""publisher"":""Frigidaire"",""url"":""https://owner.frigidaire.com/support-articles/article/1853039-what-should-i-do-if-the-dispenser-on-my-refrigerator-is-not-dispensing-water-"",""appliesTo"":""Frigidaire refrigerators with a water dispenser"",""lastVerified"":""2026-08-27""}]","","false","","A complete revision code is not independently verified for this catalog identity."
"frigidaire-frfs2823as__door-will-not-close","frigidaire-frfs2823as","refrigerator","Frigidaire","FRFS2823AS","family-only","[]","door-will-not-close","true","guided-checks","frigidaire-frfs2823as::door-will-not-close","[{""id"":""frigidaire-refrigerator-door"",""kind"":""manufacturer-troubleshooting"",""title"":""Frigidaire refrigerator door issues"",""publisher"":""Frigidaire"",""url"":""https://owner.frigidaire.com/support-articles/article/refrigerators-door-issues"",""appliesTo"":""Frigidaire refrigerators"",""lastVerified"":""2026-08-28""}]","","false","","Purchase promotion is limited to the category's separately reviewed default component route."
"frigidaire-frfs2823as__not-cooling","frigidaire-frfs2823as","refrigerator","Frigidaire","FRFS2823AS","family-only","[]","not-cooling","true","guided-checks","frigidaire-frfs2823as::not-cooling","[{""id"":""frigidaire-refrigerator-cooling"",""kind"":""manufacturer-troubleshooting"",""title"":""Frigidaire refrigerator not-cooling checks"",""publisher"":""Frigidaire"",""url"":""https://owner.frigidaire.com/support-articles/article/1898299-refrigerators-not-cooling"",""appliesTo"":""Frigidaire refrigerators; power, temperature, airflow, door-seal, and food-safety observations only"",""lastVerified"":""2026-08-29""}]","","false","","Purchase promotion is limited to the category's separately reviewed default component route."
"frigidaire-frfs2823as__is-leaking","frigidaire-frfs2823as","refrigerator","Frigidaire","FRFS2823AS","family-only","[]","is-leaking","true","guided-checks","frigidaire-frfs2823as::is-leaking","[{""id"":""frigidaire-refrigerator-leak"",""kind"":""manufacturer-troubleshooting"",""title"":""Frigidaire refrigerator water-leak checks"",""publisher"":""Frigidaire"",""url"":""https://owner.frigidaire.com/support-articles/article/1847166-refrigerators-water-leaks"",""appliesTo"":""Frigidaire refrigerators with factory water/ice systems; visible filter, dispenser, and connection observations only"",""lastVerified"":""2026-08-29""}]","","false","","Purchase promotion is limited to the category's separately reviewed default component route."
"frigidaire-frfs2823as__ice-maker-not-making-ice","frigidaire-frfs2823as","refrigerator","Frigidaire","FRFS2823AS","family-only","[]","ice-maker-not-making-ice","true","guided-checks","frigidaire-frfs2823as::ice-maker-not-making-ice","[{""id"":""frigidaire-refrigerator-ice"",""kind"":""manufacturer-troubleshooting"",""title"":""Frigidaire refrigerator low-ice checks"",""publisher"":""Frigidaire"",""url"":""https://owner.frigidaire.com/support-articles/article/1853036-what-should-i-do-if-my-ice-maker-is-not-making-enough-ice-in-my-refrigerator-"",""appliesTo"":""Frigidaire French-door, side-by-side, and top-freezer refrigerators with factory icemakers; filter age, temperature, water supply, and door observations only"",""lastVerified"":""2026-08-29""}]","","false","","Purchase promotion is limited to the category's separately reviewed default component route."
"frigidaire-grss2652af__slow-water-flow","frigidaire-grss2652af","refrigerator","Frigidaire","GRSS2652AF","family-only","[]","slow-water-flow","true","guided-checks","frigidaire-grss2652af::slow-water-flow","[{""id"":""exp-frigidaire-side-refrigerator-water"",""kind"":""manufacturer-troubleshooting"",""title"":""Frigidaire refrigerator dispenser troubleshooting"",""publisher"":""Frigidaire"",""url"":""https://owner.frigidaire.com/support-articles/article/1853039-what-should-i-do-if-the-dispenser-on-my-refrigerator-is-not-dispensing-water-"",""appliesTo"":""Frigidaire side-by-side refrigerators with a water dispenser"",""lastVerified"":""2026-08-27""}]","","false","","A complete revision code is not independently verified for this catalog identity."
"frigidaire-grss2652af__door-will-not-close","frigidaire-grss2652af","refrigerator","Frigidaire","GRSS2652AF","family-only","[]","door-will-not-close","true","guided-checks","frigidaire-grss2652af::door-will-not-close","[{""id"":""frigidaire-refrigerator-door"",""kind"":""manufacturer-troubleshooting"",""title"":""Frigidaire refrigerator door issues"",""publisher"":""Frigidaire"",""url"":""https://owner.frigidaire.com/support-articles/article/refrigerators-door-issues"",""appliesTo"":""Frigidaire refrigerators"",""lastVerified"":""2026-08-28""}]","","false","","Purchase promotion is limited to the category's separately reviewed default component route."
"frigidaire-grss2652af__not-cooling","frigidaire-grss2652af","refrigerator","Frigidaire","GRSS2652AF","family-only","[]","not-cooling","true","guided-checks","frigidaire-grss2652af::not-cooling","[{""id"":""frigidaire-refrigerator-cooling"",""kind"":""manufacturer-troubleshooting"",""title"":""Frigidaire refrigerator not-cooling checks"",""publisher"":""Frigidaire"",""url"":""https://owner.frigidaire.com/support-articles/article/1898299-refrigerators-not-cooling"",""appliesTo"":""Frigidaire refrigerators; power, temperature, airflow, door-seal, and food-safety observations only"",""lastVerified"":""2026-08-29""}]","","false","","Purchase promotion is limited to the category's separately reviewed default component route."
"frigidaire-grss2652af__is-leaking","frigidaire-grss2652af","refrigerator","Frigidaire","GRSS2652AF","family-only","[]","is-leaking","true","guided-checks","frigidaire-grss2652af::is-leaking","[{""id"":""frigidaire-refrigerator-leak"",""kind"":""manufacturer-troubleshooting"",""title"":""Frigidaire refrigerator water-leak checks"",""publisher"":""Frigidaire"",""url"":""https://owner.frigidaire.com/support-articles/article/1847166-refrigerators-water-leaks"",""appliesTo"":""Frigidaire refrigerators with factory water/ice systems; visible filter, dispenser, and connection observations only"",""lastVerified"":""2026-08-29""}]","","false","","Purchase promotion is limited to the category's separately reviewed default component route."
"frigidaire-grss2652af__ice-maker-not-making-ice","frigidaire-grss2652af","refrigerator","Frigidaire","GRSS2652AF","family-only","[]","ice-maker-not-making-ice","true","guided-checks","frigidaire-grss2652af::ice-maker-not-making-ice","[{""id"":""frigidaire-refrigerator-ice"",""kind"":""manufacturer-troubleshooting"",""title"":""Frigidaire refrigerator low-ice checks"",""publisher"":""Frigidaire"",""url"":""https://owner.frigidaire.com/support-articles/article/1853036-what-should-i-do-if-my-ice-maker-is-not-making-enough-ice-in-my-refrigerator-"",""appliesTo"":""Frigidaire French-door, side-by-side, and top-freezer refrigerators with factory icemakers; filter age, temperature, water supply, and door observations only"",""lastVerified"":""2026-08-29""}]","","false","","Purchase promotion is limited to the category's separately reviewed default component route."
"electrolux-ermc2295as__slow-water-flow","electrolux-ermc2295as","refrigerator","Electrolux","ERMC2295AS","family-only","[]","slow-water-flow","true","guided-checks","electrolux-ermc2295as::slow-water-flow","[{""id"":""exp-electrolux-refrigerator-water"",""kind"":""manufacturer-troubleshooting"",""title"":""Electrolux refrigerator dispenser troubleshooting"",""publisher"":""Electrolux"",""url"":""https://owner.electrolux.com/support-articles/article/1853039-what-should-i-do-if-the-dispenser-on-my-refrigerator-is-not-dispensing-water-"",""appliesTo"":""Electrolux refrigerators with a water dispenser"",""lastVerified"":""2026-08-27""}]","","false","","A complete revision code is not independently verified for this catalog identity."
"electrolux-ermc2295as__door-will-not-close","electrolux-ermc2295as","refrigerator","Electrolux","ERMC2295AS","family-only","[]","door-will-not-close","true","guided-checks","electrolux-ermc2295as::door-will-not-close","[{""id"":""electrolux-refrigerator-door"",""kind"":""manufacturer-troubleshooting"",""title"":""Electrolux refrigerator door issues"",""publisher"":""Electrolux"",""url"":""https://owner.electrolux.com/support-articles/article/refrigerators-door-issues"",""appliesTo"":""Electrolux refrigerators"",""lastVerified"":""2026-08-28""}]","","false","","Purchase promotion is limited to the category's separately reviewed default component route."
"electrolux-ermc2295as__not-cooling","electrolux-ermc2295as","refrigerator","Electrolux","ERMC2295AS","family-only","[]","not-cooling","true","guided-checks","electrolux-ermc2295as::not-cooling","[{""id"":""electrolux-refrigerator-cooling"",""kind"":""manufacturer-troubleshooting"",""title"":""Electrolux refrigerator not-cooling checks"",""publisher"":""Electrolux"",""url"":""https://owner.electrolux.com/support-articles/article/1898299-refrigerators-not-cooling"",""appliesTo"":""Electrolux refrigerators; power, temperature, airflow, door-seal, and food-safety observations only"",""lastVerified"":""2026-08-29""}]","","false","","Purchase promotion is limited to the category's separately reviewed default component route."
"electrolux-ermc2295as__is-leaking","electrolux-ermc2295as","refrigerator","Electrolux","ERMC2295AS","family-only","[]","is-leaking","true","guided-checks","electrolux-ermc2295as::is-leaking","[{""id"":""electrolux-refrigerator-leak"",""kind"":""manufacturer-troubleshooting"",""title"":""Electrolux refrigerator water-leak checks"",""publisher"":""Electrolux"",""url"":""https://owner.electrolux.com/support-articles/article/1847166-refrigerators-water-leaks"",""appliesTo"":""Electrolux refrigerators with factory water/ice systems; visible filter, dispenser, and connection observations only"",""lastVerified"":""2026-08-29""}]","","false","","Purchase promotion is limited to the category's separately reviewed default component route."
"electrolux-ermc2295as__ice-maker-not-making-ice","electrolux-ermc2295as","refrigerator","Electrolux","ERMC2295AS","family-only","[]","ice-maker-not-making-ice","true","guided-checks","electrolux-ermc2295as::ice-maker-not-making-ice","[{""id"":""electrolux-refrigerator-ice"",""kind"":""manufacturer-troubleshooting"",""title"":""Electrolux refrigerator no-ice checks"",""publisher"":""Electrolux"",""url"":""https://owner.electrolux.com/support-articles/article/1898308-refrigerators-no-ice"",""appliesTo"":""Electrolux refrigerators with factory icemakers; power, temperature, filter age, water supply, and visible bin observations only"",""lastVerified"":""2026-08-29""}]","","false","","Purchase promotion is limited to the category's separately reviewed default component route."
"bosch-b36ct80sns01__slow-water-flow","bosch-b36ct80sns01","refrigerator","Bosch","B36CT80SNS/01","exact-code","[""B36CT80SNS/01""]","slow-water-flow","true","purchase-ready","bosch-b36ct80sns01::slow-water-flow","[{""id"":""exp-bosch-refrigerator-water"",""kind"":""manufacturer-troubleshooting"",""title"":""Bosch refrigerator water-filter replacement guidance"",""publisher"":""Bosch"",""url"":""https://www.bosch-home.com/us/experience-bosch/heart-of-the-home/tips-and-tricks/refrigeration-tips/replace-water-filter"",""appliesTo"":""Bosch refrigerators with a water filter"",""lastVerified"":""2026-08-27""}]","","true","{""name"":""UltraClarity Pro refrigerator water filter"",""sku"":""11032531"",""compatibleProductCodes"":[""B36CT80SNS/01""],""installBoundary"":""user-replaceable"",""compatibilityEvidence"":[{""id"":""bosch-b36ct80sns01-parts"",""kind"":""manufacturer-part"",""title"":""Bosch exact E-Nr replacement-parts catalog"",""publisher"":""Bosch"",""url"":""https://www.bosch-home.com/us/en/spare-parts-list/B36CT80SNS-01"",""appliesTo"":""Bosch B36CT80SNS/01 with UltraClarity Pro filter"",""lastVerified"":""2026-08-29""},{""id"":""bosch-b36ct80sns-ultraclaritypro-spec"",""kind"":""manufacturer-part"",""title"":""Bosch B36CT80SNS specification naming BORPLFTR55 UltraClarityPro"",""publisher"":""Bosch"",""url"":""https://media3.bosch-home.com/Documents/MCDOC03224079_B36CT80SNS.pdf"",""appliesTo"":""Bosch B36CT80SNS/01 with BORPLFTR55 UltraClarityPro filter"",""lastVerified"":""2026-08-29""},{""id"":""bosch-11032531-identity-2026-08-29"",""kind"":""manufacturer-part"",""title"":""Bosch 11032531 UltraClarity Pro water filter"",""publisher"":""Bosch"",""url"":""https://www.bosch-home.com/us/en/product/11032531"",""appliesTo"":""Bosch part 11032531 / BORPLFTR55; exact E-Nr fit is established separately"",""lastVerified"":""2026-08-29""}],""sellerOffer"":{""provider"":""shopify-global-catalog"",""protocol"":""UCP"",""query"":""Bosch 11032531 UltraClarity Pro water filter exact part"",""exactSku"":""11032531"",""offerCountAtVerification"":5,""lastVerified"":""2026-08-29""}}",""
"bosch-b36ct80sns01__door-will-not-close","bosch-b36ct80sns01","refrigerator","Bosch","B36CT80SNS/01","exact-code","[""B36CT80SNS/01""]","door-will-not-close","true","guided-checks","bosch-b36ct80sns01::door-will-not-close","[{""id"":""bosch-refrigerator-door"",""kind"":""manufacturer-troubleshooting"",""title"":""Bosch refrigerator door does not shut"",""publisher"":""Bosch"",""url"":""https://www.bosch-home.com/us/owner-support/get-support/self-help-fridge-does-not-shut"",""appliesTo"":""Bosch refrigerators; supports door-seal inspection/cleaning and service escalation"",""lastVerified"":""2026-08-28""}]","","false","","Purchase promotion is limited to the category's separately reviewed default component route."
"bosch-b36ct80sns01__not-cooling","bosch-b36ct80sns01","refrigerator","Bosch","B36CT80SNS/01","exact-code","[""B36CT80SNS/01""]","not-cooling","true","guided-checks","bosch-b36ct80sns01::not-cooling","[{""id"":""bosch-refrigerator-cooling"",""kind"":""manufacturer-troubleshooting"",""title"":""Bosch refrigerator not-cooling checks"",""publisher"":""Bosch"",""url"":""https://www.bosch-home.com/us/owner-support/get-support/self-help-fridge-has-stopped-cooling"",""appliesTo"":""Bosch full-size refrigerators; power, temperature, airflow, door, and food-safety observations only"",""lastVerified"":""2026-08-29""}]","","false","","Purchase promotion is limited to the category's separately reviewed default component route."
"bosch-b36ct80sns01__is-leaking","bosch-b36ct80sns01","refrigerator","Bosch","B36CT80SNS/01","exact-code","[""B36CT80SNS/01""]","is-leaking","false","unsupported","","[]","No active exact model × symptom row is backed by current primary manufacturer troubleshooting evidence.","false","","The symptom route is unsupported, so no exact-part purchase claim is permitted."
"bosch-b36ct80sns01__ice-maker-not-making-ice","bosch-b36ct80sns01","refrigerator","Bosch","B36CT80SNS/01","exact-code","[""B36CT80SNS/01""]","ice-maker-not-making-ice","false","unsupported","","[]","No active exact model × symptom row is backed by current primary manufacturer troubleshooting evidence.","false","","The symptom route is unsupported, so no exact-part purchase claim is permitted."
"bosch-b36cd50sns01__slow-water-flow","bosch-b36cd50sns01","refrigerator","Bosch","B36CD50SNS/01","exact-code","[""B36CD50SNS/01""]","slow-water-flow","true","purchase-ready","bosch-b36cd50sns01::slow-water-flow","[{""id"":""exp-bosch-refrigerator-water"",""kind"":""manufacturer-troubleshooting"",""title"":""Bosch refrigerator water-filter replacement guidance"",""publisher"":""Bosch"",""url"":""https://www.bosch-home.com/us/experience-bosch/heart-of-the-home/tips-and-tricks/refrigeration-tips/replace-water-filter"",""appliesTo"":""Bosch refrigerators with a water filter"",""lastVerified"":""2026-08-27""}]","","true","{""name"":""UltraClarity Pro refrigerator water filter"",""sku"":""11032531"",""compatibleProductCodes"":[""B36CD50SNS/01""],""installBoundary"":""user-replaceable"",""compatibilityEvidence"":[{""id"":""bosch-b36cd50sns01-parts"",""kind"":""manufacturer-part"",""title"":""Bosch exact E-Nr replacement-parts catalog"",""publisher"":""Bosch"",""url"":""https://www.bosch-home.com/us/en/spare-parts-list/B36CD50SNS-01"",""appliesTo"":""Bosch B36CD50SNS/01 with UltraClarity Pro filter"",""lastVerified"":""2026-08-29""},{""id"":""bosch-b36cd50sns-ultraclaritypro-spec"",""kind"":""manufacturer-part"",""title"":""Bosch B36CD50SNS specification naming BORPLFTR55 UltraClarityPro"",""publisher"":""Bosch"",""url"":""https://media3.bosch-home.com/Documents/14052521_B36CD50SNS_Spec_Sheet.pdf"",""appliesTo"":""Bosch B36CD50SNS/01 with BORPLFTR55 UltraClarityPro filter"",""lastVerified"":""2026-08-29""},{""id"":""bosch-11032531-identity-2026-08-29"",""kind"":""manufacturer-part"",""title"":""Bosch 11032531 UltraClarity Pro water filter"",""publisher"":""Bosch"",""url"":""https://www.bosch-home.com/us/en/product/11032531"",""appliesTo"":""Bosch part 11032531 / BORPLFTR55; exact E-Nr fit is established separately"",""lastVerified"":""2026-08-29""}],""sellerOffer"":{""provider"":""shopify-global-catalog"",""protocol"":""UCP"",""query"":""Bosch 11032531 UltraClarity Pro water filter exact part"",""exactSku"":""11032531"",""offerCountAtVerification"":5,""lastVerified"":""2026-08-29""}}",""
"bosch-b36cd50sns01__door-will-not-close","bosch-b36cd50sns01","refrigerator","Bosch","B36CD50SNS/01","exact-code","[""B36CD50SNS/01""]","door-will-not-close","true","guided-checks","bosch-b36cd50sns01::door-will-not-close","[{""id"":""bosch-refrigerator-door"",""kind"":""manufacturer-troubleshooting"",""title"":""Bosch refrigerator door does not shut"",""publisher"":""Bosch"",""url"":""https://www.bosch-home.com/us/owner-support/get-support/self-help-fridge-does-not-shut"",""appliesTo"":""Bosch refrigerators; supports door-seal inspection/cleaning and service escalation"",""lastVerified"":""2026-08-28""}]","","false","","Purchase promotion is limited to the category's separately reviewed default component route."
"bosch-b36cd50sns01__not-cooling","bosch-b36cd50sns01","refrigerator","Bosch","B36CD50SNS/01","exact-code","[""B36CD50SNS/01""]","not-cooling","true","guided-checks","bosch-b36cd50sns01::not-cooling","[{""id"":""bosch-refrigerator-cooling"",""kind"":""manufacturer-troubleshooting"",""title"":""Bosch refrigerator not-cooling checks"",""publisher"":""Bosch"",""url"":""https://www.bosch-home.com/us/owner-support/get-support/self-help-fridge-has-stopped-cooling"",""appliesTo"":""Bosch full-size refrigerators; power, temperature, airflow, door, and food-safety observations only"",""lastVerified"":""2026-08-29""}]","","false","","Purchase promotion is limited to the category's separately reviewed default component route."
"bosch-b36cd50sns01__is-leaking","bosch-b36cd50sns01","refrigerator","Bosch","B36CD50SNS/01","exact-code","[""B36CD50SNS/01""]","is-leaking","false","unsupported","","[]","No active exact model × symptom row is backed by current primary manufacturer troubleshooting evidence.","false","","The symptom route is unsupported, so no exact-part purchase claim is permitted."
"bosch-b36cd50sns01__ice-maker-not-making-ice","bosch-b36cd50sns01","refrigerator","Bosch","B36CD50SNS/01","exact-code","[""B36CD50SNS/01""]","ice-maker-not-making-ice","false","unsupported","","[]","No active exact model × symptom row is backed by current primary manufacturer troubleshooting evidence.","false","","The symptom route is unsupported, so no exact-part purchase claim is permitted."
"bosch-b36fd50sns01__slow-water-flow","bosch-b36fd50sns01","refrigerator","Bosch","B36FD50SNS/01","exact-code","[""B36FD50SNS/01""]","slow-water-flow","true","purchase-ready","bosch-b36fd50sns01::slow-water-flow","[{""id"":""exp-bosch-refrigerator-water"",""kind"":""manufacturer-troubleshooting"",""title"":""Bosch refrigerator water-filter replacement guidance"",""publisher"":""Bosch"",""url"":""https://www.bosch-home.com/us/experience-bosch/heart-of-the-home/tips-and-tricks/refrigeration-tips/replace-water-filter"",""appliesTo"":""Bosch refrigerators with a water filter"",""lastVerified"":""2026-08-27""}]","","true","{""name"":""UltraClarity Pro refrigerator water filter"",""sku"":""11032531"",""compatibleProductCodes"":[""B36FD50SNS/01""],""installBoundary"":""user-replaceable"",""compatibilityEvidence"":[{""id"":""bosch-b36fd50sns01-parts"",""kind"":""manufacturer-part"",""title"":""Bosch exact E-Nr replacement-parts catalog"",""publisher"":""Bosch"",""url"":""https://www.bosch-home.com/us/en/spare-parts-list/B36FD50SNS-01"",""appliesTo"":""Bosch B36FD50SNS/01 with UltraClarity Pro filter"",""lastVerified"":""2026-08-29""},{""id"":""bosch-b36fd50sns-ultraclaritypro-spec"",""kind"":""manufacturer-part"",""title"":""Bosch B36FD50SNS specification naming BORPLFTR55 UltraClarityPro"",""publisher"":""Bosch"",""url"":""https://media3.bosch-home.com/Documents/17197307_B36FD50SNS_Spec_Sheet.pdf"",""appliesTo"":""Bosch B36FD50SNS/01 with BORPLFTR55 UltraClarityPro filter"",""lastVerified"":""2026-08-29""},{""id"":""bosch-11032531-identity-2026-08-29"",""kind"":""manufacturer-part"",""title"":""Bosch 11032531 UltraClarity Pro water filter"",""publisher"":""Bosch"",""url"":""https://www.bosch-home.com/us/en/product/11032531"",""appliesTo"":""Bosch part 11032531 / BORPLFTR55; exact E-Nr fit is established separately"",""lastVerified"":""2026-08-29""}],""sellerOffer"":{""provider"":""shopify-global-catalog"",""protocol"":""UCP"",""query"":""Bosch 11032531 UltraClarity Pro water filter exact part"",""exactSku"":""11032531"",""offerCountAtVerification"":5,""lastVerified"":""2026-08-29""}}",""
"bosch-b36fd50sns01__door-will-not-close","bosch-b36fd50sns01","refrigerator","Bosch","B36FD50SNS/01","exact-code","[""B36FD50SNS/01""]","door-will-not-close","true","guided-checks","bosch-b36fd50sns01::door-will-not-close","[{""id"":""bosch-refrigerator-door"",""kind"":""manufacturer-troubleshooting"",""title"":""Bosch refrigerator door does not shut"",""publisher"":""Bosch"",""url"":""https://www.bosch-home.com/us/owner-support/get-support/self-help-fridge-does-not-shut"",""appliesTo"":""Bosch refrigerators; supports door-seal inspection/cleaning and service escalation"",""lastVerified"":""2026-08-28""}]","","false","","Purchase promotion is limited to the category's separately reviewed default component route."
"bosch-b36fd50sns01__not-cooling","bosch-b36fd50sns01","refrigerator","Bosch","B36FD50SNS/01","exact-code","[""B36FD50SNS/01""]","not-cooling","true","guided-checks","bosch-b36fd50sns01::not-cooling","[{""id"":""bosch-refrigerator-cooling"",""kind"":""manufacturer-troubleshooting"",""title"":""Bosch refrigerator not-cooling checks"",""publisher"":""Bosch"",""url"":""https://www.bosch-home.com/us/owner-support/get-support/self-help-fridge-has-stopped-cooling"",""appliesTo"":""Bosch full-size refrigerators; power, temperature, airflow, door, and food-safety observations only"",""lastVerified"":""2026-08-29""}]","","false","","Purchase promotion is limited to the category's separately reviewed default component route."
"bosch-b36fd50sns01__is-leaking","bosch-b36fd50sns01","refrigerator","Bosch","B36FD50SNS/01","exact-code","[""B36FD50SNS/01""]","is-leaking","false","unsupported","","[]","No active exact model × symptom row is backed by current primary manufacturer troubleshooting evidence.","false","","The symptom route is unsupported, so no exact-part purchase claim is permitted."
"bosch-b36fd50sns01__ice-maker-not-making-ice","bosch-b36fd50sns01","refrigerator","Bosch","B36FD50SNS/01","exact-code","[""B36FD50SNS/01""]","ice-maker-not-making-ice","false","unsupported","","[]","No active exact model × symptom row is backed by current primary manufacturer troubleshooting evidence.","false","","The symptom route is unsupported, so no exact-part purchase claim is permitted."
"ge-gdt550pyrfs__will-not-drain","ge-gdt550pyrfs","dishwasher","GE","GDT550PYRFS","exact-code","[""GDT550PYR0FS""]","will-not-drain","true","purchase-ready","ge-gdt550pyrfs::will-not-drain","[{""id"":""exp-ge-dishwasher-drain"",""kind"":""manufacturer-troubleshooting"",""title"":""GE dishwasher not-draining guidance"",""publisher"":""GE Appliances"",""url"":""https://products.geappliances.com/appliance/gea-support-search-content?contentId=16240"",""appliesTo"":""GE built-in dishwashers"",""lastVerified"":""2026-08-27""}]","","true","{""name"":""WD19X25461 dishwasher drain pump"",""sku"":""WD19X25461"",""compatibleProductCodes"":[""GDT550PYR0FS""],""installBoundary"":""professional-only"",""compatibilityEvidence"":[{""id"":""ge-gdt550pyrfs-wd19x25461-fit"",""kind"":""authorized-parts"",""title"":""Exact GDT550PYR0FS drain-pump listing"",""publisher"":""GE Appliances"",""url"":""https://www.geapplianceparts.com/store/parts/ModelSectionParts/GDT550PYR0FS/7/0/0/0/MOTOR%2C_SUMP_%26_FILTER_ASSEMBLY"",""appliesTo"":""GDT550PYR0FS uses exact drain-pump SKU WD19X25461. GE's exact-revision diagram labels item 325 Drain Pump Assembly WD19X25461 for GDT550PYR0FS."",""lastVerified"":""2026-08-29""},{""id"":""demo-dishwasher-wd19x25461-identity"",""kind"":""authorized-parts"",""title"":""GE Appliances exact part WD19X25461"",""publisher"":""GE Appliances"",""url"":""https://www.geapplianceparts.com/store/parts/spec/WD19X25461"",""appliesTo"":""Dishwasher drain-pump part WD19X25461; exact appliance fit is established separately"",""lastVerified"":""2026-08-29""}],""sellerOffer"":{""provider"":""shopify-global-catalog"",""protocol"":""UCP"",""query"":""WD19X25461 dishwasher drain pump exact SKU"",""exactSku"":""WD19X25461"",""offerCountAtVerification"":20,""lastVerified"":""2026-08-29""}}",""
"ge-gdt550pyrfs__door-will-not-close","ge-gdt550pyrfs","dishwasher","GE","GDT550PYRFS","exact-code","[""GDT550PYR0FS""]","door-will-not-close","true","guided-checks","ge-gdt550pyrfs::door-will-not-close","[{""id"":""ge-dishwasher-door"",""kind"":""manufacturer-troubleshooting"",""title"":""GE dishwasher door will not latch"",""publisher"":""GE Appliances"",""url"":""https://products.geappliances.com/appliance/gea-support-search-content?contentId=17527"",""appliesTo"":""GE dishwashers; adjustable-rack note only for listed model prefixes"",""lastVerified"":""2026-08-28""}]","","false","","Purchase promotion is limited to the category's separately reviewed default component route."
"ge-gdt550pyrfs__not-cleaning","ge-gdt550pyrfs","dishwasher","GE","GDT550PYRFS","exact-code","[""GDT550PYR0FS""]","not-cleaning","true","guided-checks","ge-gdt550pyrfs::not-cleaning","[{""id"":""ge-dishwasher-cleaning"",""kind"":""manufacturer-troubleshooting"",""title"":""GE dishwasher cleaning-performance checks"",""publisher"":""GE Appliances"",""url"":""https://products.geappliances.com/appliance/gea-support-search-content?contentId=38933"",""appliesTo"":""GE built-in dishwashers; loading, cycle, detergent, and visible spray obstruction only"",""lastVerified"":""2026-08-29""}]","","false","","Purchase promotion is limited to the category's separately reviewed default component route."
"ge-gdt550pyrfs__will-not-fill","ge-gdt550pyrfs","dishwasher","GE","GDT550PYRFS","exact-code","[""GDT550PYR0FS""]","will-not-fill","true","guided-checks","ge-gdt550pyrfs::will-not-fill","[{""id"":""ge-dishwasher-fill"",""kind"":""manufacturer-troubleshooting"",""title"":""GE dishwasher no-fill checks"",""publisher"":""GE Appliances"",""url"":""https://products.geappliances.com/appliance/gea-support-search-content?contentId=38924"",""appliesTo"":""GE built-in dishwashers; household water, door, and visible supply checks only"",""lastVerified"":""2026-08-29""}]","","false","","Purchase promotion is limited to the category's separately reviewed default component route."
"ge-gdt550pyrfs__is-leaking","ge-gdt550pyrfs","dishwasher","GE","GDT550PYRFS","exact-code","[""GDT550PYR0FS""]","is-leaking","true","guided-checks","ge-gdt550pyrfs::is-leaking","[{""id"":""ge-dishwasher-leak"",""kind"":""manufacturer-troubleshooting"",""title"":""GE dishwasher leak prevention and stop guidance"",""publisher"":""GE Appliances"",""url"":""https://products.geappliances.com/appliance/gea-support-search-content?contentId=18954"",""appliesTo"":""GE built-in dishwashers; suds, loading, gasket, and visible plumbing checks only"",""lastVerified"":""2026-08-29""}]","","false","","Purchase promotion is limited to the category's separately reviewed default component route."
"hotpoint-hdf310pgrww__will-not-drain","hotpoint-hdf310pgrww","dishwasher","Hotpoint","HDF310PGRWW","exact-code","[""HDF310PGR3WW""]","will-not-drain","true","purchase-ready","hotpoint-hdf310pgrww::will-not-drain","[{""id"":""exp-hotpoint-dishwasher-drain"",""kind"":""manufacturer-troubleshooting"",""title"":""GE Appliances dishwasher not-draining guidance"",""publisher"":""GE Appliances"",""url"":""https://products.geappliances.com/appliance/gea-support-search-content?contentId=16240"",""appliesTo"":""Hotpoint built-in dishwashers"",""lastVerified"":""2026-08-27""}]","","true","{""name"":""WD19X25461 dishwasher drain pump"",""sku"":""WD19X25461"",""compatibleProductCodes"":[""HDF310PGR3WW""],""installBoundary"":""professional-only"",""compatibilityEvidence"":[{""id"":""hotpoint-hdf310pgrww-wd19x25461-fit"",""kind"":""authorized-parts"",""title"":""Exact HDF310PGR3WW drain-pump listing"",""publisher"":""GE Appliances"",""url"":""https://www.geapplianceparts.com/store/parts/ModelSectionParts/HDF310PGR3WW/6/0/0/0/MOTOR%2C_SUMP_%26_FILTER_ASSEMBLY"",""appliesTo"":""HDF310PGR3WW uses exact drain-pump SKU WD19X25461. GE Appliances' exact Hotpoint revision diagram labels item 325 Drain Pump Assembly WD19X25461 for HDF310PGR3WW."",""lastVerified"":""2026-08-29""},{""id"":""demo-dishwasher-wd19x25461-identity"",""kind"":""authorized-parts"",""title"":""GE Appliances exact part WD19X25461"",""publisher"":""GE Appliances"",""url"":""https://www.geapplianceparts.com/store/parts/spec/WD19X25461"",""appliesTo"":""Dishwasher drain-pump part WD19X25461; exact appliance fit is established separately"",""lastVerified"":""2026-08-29""}],""sellerOffer"":{""provider"":""shopify-global-catalog"",""protocol"":""UCP"",""query"":""WD19X25461 dishwasher drain pump exact SKU"",""exactSku"":""WD19X25461"",""offerCountAtVerification"":20,""lastVerified"":""2026-08-29""}}",""
"hotpoint-hdf310pgrww__door-will-not-close","hotpoint-hdf310pgrww","dishwasher","Hotpoint","HDF310PGRWW","exact-code","[""HDF310PGR3WW""]","door-will-not-close","true","guided-checks","hotpoint-hdf310pgrww::door-will-not-close","[{""id"":""dishwasher-hotpoint-model-manual"",""kind"":""manufacturer-troubleshooting"",""title"":""HDF310PGRWW owner manual and support"",""publisher"":""GE Appliances / Hotpoint"",""url"":""https://products.geappliances.com/appliance/gea-specs/HDF310PGRWW/support"",""appliesTo"":""Hotpoint HDF310PGRWW only"",""lastVerified"":""2026-08-29""}]","","false","","Purchase promotion is limited to the category's separately reviewed default component route."
"hotpoint-hdf310pgrww__not-cleaning","hotpoint-hdf310pgrww","dishwasher","Hotpoint","HDF310PGRWW","exact-code","[""HDF310PGR3WW""]","not-cleaning","true","guided-checks","hotpoint-hdf310pgrww::not-cleaning","[{""id"":""dishwasher-hotpoint-model-manual"",""kind"":""manufacturer-troubleshooting"",""title"":""HDF310PGRWW owner manual and support"",""publisher"":""GE Appliances / Hotpoint"",""url"":""https://products.geappliances.com/appliance/gea-specs/HDF310PGRWW/support"",""appliesTo"":""Hotpoint HDF310PGRWW only"",""lastVerified"":""2026-08-29""}]","","false","","Purchase promotion is limited to the category's separately reviewed default component route."
"hotpoint-hdf310pgrww__will-not-fill","hotpoint-hdf310pgrww","dishwasher","Hotpoint","HDF310PGRWW","exact-code","[""HDF310PGR3WW""]","will-not-fill","true","guided-checks","hotpoint-hdf310pgrww::will-not-fill","[{""id"":""dishwasher-hotpoint-model-manual"",""kind"":""manufacturer-troubleshooting"",""title"":""HDF310PGRWW owner manual and support"",""publisher"":""GE Appliances / Hotpoint"",""url"":""https://products.geappliances.com/appliance/gea-specs/HDF310PGRWW/support"",""appliesTo"":""Hotpoint HDF310PGRWW only"",""lastVerified"":""2026-08-29""}]","","false","","Purchase promotion is limited to the category's separately reviewed default component route."
"hotpoint-hdf310pgrww__is-leaking","hotpoint-hdf310pgrww","dishwasher","Hotpoint","HDF310PGRWW","exact-code","[""HDF310PGR3WW""]","is-leaking","true","guided-checks","hotpoint-hdf310pgrww::is-leaking","[{""id"":""dishwasher-hotpoint-model-manual"",""kind"":""manufacturer-troubleshooting"",""title"":""HDF310PGRWW owner manual and support"",""publisher"":""GE Appliances / Hotpoint"",""url"":""https://products.geappliances.com/appliance/gea-specs/HDF310PGRWW/support"",""appliesTo"":""Hotpoint HDF310PGRWW only"",""lastVerified"":""2026-08-29""}]","","false","","Purchase promotion is limited to the category's separately reviewed default component route."
"ge-gdt225sslss__will-not-drain","ge-gdt225sslss","dishwasher","GE","GDT225SSLSS","exact-code","[""GDT225SSL0SS""]","will-not-drain","true","purchase-ready","ge-gdt225sslss::will-not-drain","[{""id"":""exp-ge-dishwasher-drain"",""kind"":""manufacturer-troubleshooting"",""title"":""GE dishwasher not-draining guidance"",""publisher"":""GE Appliances"",""url"":""https://products.geappliances.com/appliance/gea-support-search-content?contentId=16240"",""appliesTo"":""GE built-in dishwashers"",""lastVerified"":""2026-08-27""}]","","true","{""name"":""WD19X24651 dishwasher drain pump"",""sku"":""WD19X24651"",""compatibleProductCodes"":[""GDT225SSL0SS""],""installBoundary"":""professional-only"",""compatibilityEvidence"":[{""id"":""ge-gdt225sslss-wd19x24651-fit"",""kind"":""authorized-parts"",""title"":""Exact GDT225SSL0SS drain-pump listing"",""publisher"":""GE Appliances"",""url"":""https://www.geapplianceparts.com/store/parts/ModelSectionParts/GDT225SSL0SS/4/0/0/0/MOTOR-PUMP_MECHANISM"",""appliesTo"":""GDT225SSL0SS uses exact drain-pump SKU WD19X24651. GE's exact-revision diagram labels item 325 DRAIN PUMP ASM WD19X24651 for GDT225SSL0SS."",""lastVerified"":""2026-08-29""},{""id"":""demo-dishwasher-wd19x24651-identity"",""kind"":""authorized-parts"",""title"":""GE Appliances exact part WD19X24651"",""publisher"":""GE Appliances"",""url"":""https://www.geapplianceparts.com/store/parts/spec/WD19X24651"",""appliesTo"":""Dishwasher drain-pump part WD19X24651; exact appliance fit is established separately"",""lastVerified"":""2026-08-29""}],""sellerOffer"":{""provider"":""shopify-global-catalog"",""protocol"":""UCP"",""query"":""WD19X24651 dishwasher drain pump exact SKU"",""exactSku"":""WD19X24651"",""offerCountAtVerification"":3,""lastVerified"":""2026-08-29""}}",""
"ge-gdt225sslss__door-will-not-close","ge-gdt225sslss","dishwasher","GE","GDT225SSLSS","exact-code","[""GDT225SSL0SS""]","door-will-not-close","true","guided-checks","ge-gdt225sslss::door-will-not-close","[{""id"":""ge-dishwasher-door"",""kind"":""manufacturer-troubleshooting"",""title"":""GE dishwasher door will not latch"",""publisher"":""GE Appliances"",""url"":""https://products.geappliances.com/appliance/gea-support-search-content?contentId=17527"",""appliesTo"":""GE dishwashers; adjustable-rack note only for listed model prefixes"",""lastVerified"":""2026-08-28""}]","","false","","Purchase promotion is limited to the category's separately reviewed default component route."
"ge-gdt225sslss__not-cleaning","ge-gdt225sslss","dishwasher","GE","GDT225SSLSS","exact-code","[""GDT225SSL0SS""]","not-cleaning","true","guided-checks","ge-gdt225sslss::not-cleaning","[{""id"":""ge-dishwasher-cleaning"",""kind"":""manufacturer-troubleshooting"",""title"":""GE dishwasher cleaning-performance checks"",""publisher"":""GE Appliances"",""url"":""https://products.geappliances.com/appliance/gea-support-search-content?contentId=38933"",""appliesTo"":""GE built-in dishwashers; loading, cycle, detergent, and visible spray obstruction only"",""lastVerified"":""2026-08-29""}]","","false","","Purchase promotion is limited to the category's separately reviewed default component route."
"ge-gdt225sslss__will-not-fill","ge-gdt225sslss","dishwasher","GE","GDT225SSLSS","exact-code","[""GDT225SSL0SS""]","will-not-fill","true","guided-checks","ge-gdt225sslss::will-not-fill","[{""id"":""ge-dishwasher-fill"",""kind"":""manufacturer-troubleshooting"",""title"":""GE dishwasher no-fill checks"",""publisher"":""GE Appliances"",""url"":""https://products.geappliances.com/appliance/gea-support-search-content?contentId=38924"",""appliesTo"":""GE built-in dishwashers; household water, door, and visible supply checks only"",""lastVerified"":""2026-08-29""}]","","false","","Purchase promotion is limited to the category's separately reviewed default component route."
"ge-gdt225sslss__is-leaking","ge-gdt225sslss","dishwasher","GE","GDT225SSLSS","exact-code","[""GDT225SSL0SS""]","is-leaking","true","guided-checks","ge-gdt225sslss::is-leaking","[{""id"":""ge-dishwasher-leak"",""kind"":""manufacturer-troubleshooting"",""title"":""GE dishwasher leak prevention and stop guidance"",""publisher"":""GE Appliances"",""url"":""https://products.geappliances.com/appliance/gea-support-search-content?contentId=18954"",""appliesTo"":""GE built-in dishwashers; suds, loading, gasket, and visible plumbing checks only"",""lastVerified"":""2026-08-29""}]","","false","","Purchase promotion is limited to the category's separately reviewed default component route."
"whirlpool-wdt730hamz__will-not-drain","whirlpool-wdt730hamz","dishwasher","Whirlpool","WDT730HAMZ","exact-code","[""WDT730HAMZ0""]","will-not-drain","true","purchase-ready","whirlpool-wdt730hamz::will-not-drain","[{""id"":""exp-whirlpool-dishwasher-drain"",""kind"":""manufacturer-troubleshooting"",""title"":""Whirlpool dishwasher water-remains guidance"",""publisher"":""Whirlpool"",""url"":""https://producthelp.whirlpool.com/Dishwashers/Dishwasher/Operation/Not_Draining%2F%2FWater_Remains"",""appliesTo"":""Whirlpool built-in dishwashers"",""lastVerified"":""2026-08-27""}]","","true","{""name"":""Dishwasher drain pump"",""sku"":""W10876537"",""compatibleProductCodes"":[""WDT730HAMZ0""],""installBoundary"":""professional-only"",""compatibilityEvidence"":[{""id"":""whirlpoolparts-wdt730hamz0-w10876537"",""kind"":""authorized-parts"",""title"":""WDT730HAMZ0 drain-pump category with one exact pump result"",""publisher"":""Whirlpool Parts"",""url"":""https://www.whirlpoolparts.com/Shop-For-Parts/a9b5i168d2454271/Model-WDT730HAMZ0-Whirlpool-Dishwasher-Drain-Pump-Parts"",""appliesTo"":""WDT730HAMZ0"",""lastVerified"":""2026-08-27""}],""sellerOffer"":{""provider"":""shopify-global-catalog"",""protocol"":""UCP"",""query"":""Whirlpool W10876537 dishwasher drain pump exact part"",""exactSku"":""W10876537"",""offerCountAtVerification"":20,""lastVerified"":""2026-08-27""}}",""
"whirlpool-wdt730hamz__door-will-not-close","whirlpool-wdt730hamz","dishwasher","Whirlpool","WDT730HAMZ","exact-code","[""WDT730HAMZ0""]","door-will-not-close","true","guided-checks","whirlpool-wdt730hamz::door-will-not-close","[{""id"":""whirlpool-dishwasher-door"",""kind"":""manufacturer-troubleshooting"",""title"":""Whirlpool dishwasher door will not close"",""publisher"":""Whirlpool"",""url"":""https://producthelp.whirlpool.com/Dishwashers/Dishwasher/Door_Concerns/Door_Will_Not_Close/Door_Will_Not_Close_-_Dishwasher"",""appliesTo"":""Whirlpool built-in dishwashers; Open Door Dry step only on equipped models"",""lastVerified"":""2026-08-28""}]","","false","","Purchase promotion is limited to the category's separately reviewed default component route."
"whirlpool-wdt730hamz__not-cleaning","whirlpool-wdt730hamz","dishwasher","Whirlpool","WDT730HAMZ","exact-code","[""WDT730HAMZ0""]","not-cleaning","true","guided-checks","whirlpool-wdt730hamz::not-cleaning","[{""id"":""whirlpool-dishwasher-cleaning"",""kind"":""manufacturer-troubleshooting"",""title"":""Whirlpool dishwasher cleaning-performance checks"",""publisher"":""Whirlpool"",""url"":""https://producthelp.whirlpool.com/Dishwashers/Dishwasher/Wash_Performance/Other_Cookware_and_Dishes/Dull_Surfaces_on_Dishes"",""appliesTo"":""Whirlpool built-in dishwashers; loading, detergent, cycle, and visible spray observations only"",""lastVerified"":""2026-08-29""}]","","false","","Purchase promotion is limited to the category's separately reviewed default component route."
"whirlpool-wdt730hamz__will-not-fill","whirlpool-wdt730hamz","dishwasher","Whirlpool","WDT730HAMZ","exact-code","[""WDT730HAMZ0""]","will-not-fill","true","guided-checks","whirlpool-wdt730hamz::will-not-fill","[{""id"":""whirlpool-dishwasher-fill"",""kind"":""manufacturer-troubleshooting"",""title"":""Whirlpool dishwasher no-fill checks"",""publisher"":""Whirlpool"",""url"":""https://producthelp.whirlpool.com/Dishwashers/Dishwasher/Cycle_Concerns/Not_Filling%2F%2FNo_Water/Not_Filling_With_Water_-_Dishwasher"",""appliesTo"":""Whirlpool built-in dishwashers; household water, door, and visible supply checks only"",""lastVerified"":""2026-08-29""}]","","false","","Purchase promotion is limited to the category's separately reviewed default component route."
"whirlpool-wdt730hamz__is-leaking","whirlpool-wdt730hamz","dishwasher","Whirlpool","WDT730HAMZ","exact-code","[""WDT730HAMZ0""]","is-leaking","true","guided-checks","whirlpool-wdt730hamz::is-leaking","[{""id"":""whirlpool-dishwasher-leak"",""kind"":""manufacturer-troubleshooting"",""title"":""Whirlpool dishwasher leak troubleshooting"",""publisher"":""Whirlpool"",""url"":""https://producthelp.whirlpool.com/Dishwashers/Product_Info/Dishwasher_Product_Assistance/Dishwasher_Leaking_Troubleshooting_Guide"",""appliesTo"":""Whirlpool built-in dishwashers; suds, loading, and visible leak-location checks only"",""lastVerified"":""2026-08-29""}]","","false","","Purchase promotion is limited to the category's separately reviewed default component route."
"whirlpool-wdf331pams__will-not-drain","whirlpool-wdf331pams","dishwasher","Whirlpool","WDF331PAMS","exact-code","[""WDF331PAMS0""]","will-not-drain","true","purchase-ready","whirlpool-wdf331pams::will-not-drain","[{""id"":""exp-whirlpool-dishwasher-drain"",""kind"":""manufacturer-troubleshooting"",""title"":""Whirlpool dishwasher water-remains guidance"",""publisher"":""Whirlpool"",""url"":""https://producthelp.whirlpool.com/Dishwashers/Dishwasher/Operation/Not_Draining%2F%2FWater_Remains"",""appliesTo"":""Whirlpool built-in dishwashers"",""lastVerified"":""2026-08-27""}]","","true","{""name"":""W10724439 dishwasher drain pump"",""sku"":""W10724439"",""compatibleProductCodes"":[""WDF331PAMS0""],""installBoundary"":""professional-only"",""compatibilityEvidence"":[{""id"":""whirlpool-wdf331pams-w10724439-fit"",""kind"":""authorized-parts"",""title"":""Exact WDF331PAMS0 drain-pump listing"",""publisher"":""www.whirlpool.com"",""url"":""https://www.whirlpool.com/content/dam/global/documents/202210/repair-parts-list-w11637950-reva.pdf"",""appliesTo"":""WDF331PAMS0 uses exact drain-pump SKU W10724439. Whirlpool repair-parts list W11637950 Rev. A explicitly scopes WDF331PAMS0 and names item 8 W10724439 Pump, Drain; neighboring W10876537 is not substituted."",""lastVerified"":""2026-08-29""},{""id"":""demo-dishwasher-w10724439-identity"",""kind"":""authorized-parts"",""title"":""www.whirlpool.com exact part W10724439"",""publisher"":""www.whirlpool.com"",""url"":""https://www.whirlpool.com/content/dam/global/documents/202210/repair-parts-list-w11637950-reva.pdf"",""appliesTo"":""Dishwasher drain-pump part W10724439; exact appliance fit is established separately"",""lastVerified"":""2026-08-29""}],""sellerOffer"":{""provider"":""shopify-global-catalog"",""protocol"":""UCP"",""query"":""W10724439 dishwasher drain pump exact SKU"",""exactSku"":""W10724439"",""offerCountAtVerification"":11,""lastVerified"":""2026-08-29""}}",""
"whirlpool-wdf331pams__door-will-not-close","whirlpool-wdf331pams","dishwasher","Whirlpool","WDF331PAMS","exact-code","[""WDF331PAMS0""]","door-will-not-close","true","guided-checks","whirlpool-wdf331pams::door-will-not-close","[{""id"":""whirlpool-dishwasher-door"",""kind"":""manufacturer-troubleshooting"",""title"":""Whirlpool dishwasher door will not close"",""publisher"":""Whirlpool"",""url"":""https://producthelp.whirlpool.com/Dishwashers/Dishwasher/Door_Concerns/Door_Will_Not_Close/Door_Will_Not_Close_-_Dishwasher"",""appliesTo"":""Whirlpool built-in dishwashers; Open Door Dry step only on equipped models"",""lastVerified"":""2026-08-28""}]","","false","","Purchase promotion is limited to the category's separately reviewed default component route."
"whirlpool-wdf331pams__not-cleaning","whirlpool-wdf331pams","dishwasher","Whirlpool","WDF331PAMS","exact-code","[""WDF331PAMS0""]","not-cleaning","true","guided-checks","whirlpool-wdf331pams::not-cleaning","[{""id"":""whirlpool-dishwasher-cleaning"",""kind"":""manufacturer-troubleshooting"",""title"":""Whirlpool dishwasher cleaning-performance checks"",""publisher"":""Whirlpool"",""url"":""https://producthelp.whirlpool.com/Dishwashers/Dishwasher/Wash_Performance/Other_Cookware_and_Dishes/Dull_Surfaces_on_Dishes"",""appliesTo"":""Whirlpool built-in dishwashers; loading, detergent, cycle, and visible spray observations only"",""lastVerified"":""2026-08-29""}]","","false","","Purchase promotion is limited to the category's separately reviewed default component route."
"whirlpool-wdf331pams__will-not-fill","whirlpool-wdf331pams","dishwasher","Whirlpool","WDF331PAMS","exact-code","[""WDF331PAMS0""]","will-not-fill","true","guided-checks","whirlpool-wdf331pams::will-not-fill","[{""id"":""whirlpool-dishwasher-fill"",""kind"":""manufacturer-troubleshooting"",""title"":""Whirlpool dishwasher no-fill checks"",""publisher"":""Whirlpool"",""url"":""https://producthelp.whirlpool.com/Dishwashers/Dishwasher/Cycle_Concerns/Not_Filling%2F%2FNo_Water/Not_Filling_With_Water_-_Dishwasher"",""appliesTo"":""Whirlpool built-in dishwashers; household water, door, and visible supply checks only"",""lastVerified"":""2026-08-29""}]","","false","","Purchase promotion is limited to the category's separately reviewed default component route."
"whirlpool-wdf331pams__is-leaking","whirlpool-wdf331pams","dishwasher","Whirlpool","WDF331PAMS","exact-code","[""WDF331PAMS0""]","is-leaking","true","guided-checks","whirlpool-wdf331pams::is-leaking","[{""id"":""whirlpool-dishwasher-leak"",""kind"":""manufacturer-troubleshooting"",""title"":""Whirlpool dishwasher leak troubleshooting"",""publisher"":""Whirlpool"",""url"":""https://producthelp.whirlpool.com/Dishwashers/Product_Info/Dishwasher_Product_Assistance/Dishwasher_Leaking_Troubleshooting_Guide"",""appliesTo"":""Whirlpool built-in dishwashers; suds, loading, and visible leak-location checks only"",""lastVerified"":""2026-08-29""}]","","false","","Purchase promotion is limited to the category's separately reviewed default component route."
"maytag-mdb4949skz__will-not-drain","maytag-mdb4949skz","dishwasher","Maytag","MDB4949SKZ","exact-code","[""MDB4949SKZ1""]","will-not-drain","true","purchase-ready","maytag-mdb4949skz::will-not-drain","[{""id"":""exp-maytag-dishwasher-drain"",""kind"":""manufacturer-troubleshooting"",""title"":""Maytag dishwasher not-draining guidance"",""publisher"":""Maytag"",""url"":""https://producthelp.maytag.com/Dishwashers/Product_Info/Dishwasher_Product_Assistance/Dishwasher_Not_Draining"",""appliesTo"":""Maytag built-in dishwashers"",""lastVerified"":""2026-08-27""}]","","true","{""name"":""Dishwasher drain pump"",""sku"":""W11497943"",""compatibleProductCodes"":[""MDB4949SKZ1""],""installBoundary"":""professional-only"",""compatibilityEvidence"":[{""id"":""whirlpoolparts-mdb4949skz1-w11497943"",""kind"":""authorized-parts"",""title"":""MDB4949SKZ1 pump category identifying drain pump W11497943"",""publisher"":""Whirlpool Parts"",""url"":""https://www.whirlpoolparts.com/Shop-For-Parts/a9b4c36d2463970/Model-MDB4949SKZ1-Maytag-Dishwasher-Pump-Parts"",""appliesTo"":""MDB4949SKZ1"",""lastVerified"":""2026-08-27""}],""sellerOffer"":{""provider"":""shopify-global-catalog"",""protocol"":""UCP"",""query"":""Maytag W11497943 dishwasher drain pump exact part"",""exactSku"":""W11497943"",""offerCountAtVerification"":20,""lastVerified"":""2026-08-27""}}",""
"maytag-mdb4949skz__door-will-not-close","maytag-mdb4949skz","dishwasher","Maytag","MDB4949SKZ","exact-code","[""MDB4949SKZ1""]","door-will-not-close","true","guided-checks","maytag-mdb4949skz::door-will-not-close","[{""id"":""dishwasher-maytag-door"",""kind"":""manufacturer-troubleshooting"",""title"":""Dishwasher door will not close"",""publisher"":""Maytag"",""url"":""https://producthelp.maytag.com/Dishwashers/Dishwasher/Door_Concerns/Door_Will_Not_Close/Door_Will_Not_Close_-_Dishwasher"",""appliesTo"":""Maytag dishwashers"",""lastVerified"":""2026-08-29""}]","","false","","Purchase promotion is limited to the category's separately reviewed default component route."
"maytag-mdb4949skz__not-cleaning","maytag-mdb4949skz","dishwasher","Maytag","MDB4949SKZ","exact-code","[""MDB4949SKZ1""]","not-cleaning","true","guided-checks","maytag-mdb4949skz::not-cleaning","[{""id"":""dishwasher-maytag-cleaning"",""kind"":""manufacturer-troubleshooting"",""title"":""Dishes are not clean"",""publisher"":""Maytag"",""url"":""https://producthelp.maytag.com/Dishwashers/Dishwasher/Wash_Performance/None_of_the_Dishes_are_Clean/Dishes_are_not_Clean"",""appliesTo"":""Maytag dishwashers"",""lastVerified"":""2026-08-29""}]","","false","","Purchase promotion is limited to the category's separately reviewed default component route."
"maytag-mdb4949skz__will-not-fill","maytag-mdb4949skz","dishwasher","Maytag","MDB4949SKZ","exact-code","[""MDB4949SKZ1""]","will-not-fill","true","guided-checks","maytag-mdb4949skz::will-not-fill","[{""id"":""dishwasher-maytag-fill"",""kind"":""manufacturer-troubleshooting"",""title"":""Dishwasher not filling with water"",""publisher"":""Maytag"",""url"":""https://producthelp.maytag.com/Dishwashers/Dishwasher/Cycle_Concerns/Not_Filling%2F%2FNo_Water/Not_Filling_With_Water_-_Dishwasher"",""appliesTo"":""Maytag dishwashers"",""lastVerified"":""2026-08-29""}]","","false","","Purchase promotion is limited to the category's separately reviewed default component route."
"maytag-mdb4949skz__is-leaking","maytag-mdb4949skz","dishwasher","Maytag","MDB4949SKZ","exact-code","[""MDB4949SKZ1""]","is-leaking","true","guided-checks","maytag-mdb4949skz::is-leaking","[{""id"":""dishwasher-maytag-leak"",""kind"":""manufacturer-troubleshooting"",""title"":""Dishwasher leaking from door"",""publisher"":""Maytag"",""url"":""https://producthelp.maytag.com/Dishwashers/Dishwasher/Leaking/Front%2F%2FDoor/Leaking_from_Door"",""appliesTo"":""Maytag dishwashers"",""lastVerified"":""2026-08-29""}]","","false","","Purchase promotion is limited to the category's separately reviewed default component route."
"kitchenaid-kdfe204kps__will-not-drain","kitchenaid-kdfe204kps","dishwasher","KitchenAid","KDFE204KPS","exact-code","[""KDFE204KPS0""]","will-not-drain","true","purchase-ready","kitchenaid-kdfe204kps::will-not-drain","[{""id"":""exp-kitchenaid-dishwasher-drain"",""kind"":""manufacturer-troubleshooting"",""title"":""KitchenAid dishwasher water-remains guidance"",""publisher"":""KitchenAid"",""url"":""https://producthelp.kitchenaid.com/Dishwashers/Dishwasher/Operation/Not_Draining%2F%2FWater_Remains"",""appliesTo"":""KitchenAid built-in dishwashers"",""lastVerified"":""2026-08-27""}]","","true","{""name"":""Dishwasher drain pump"",""sku"":""W11462456"",""compatibleProductCodes"":[""KDFE204KPS0""],""installBoundary"":""professional-only"",""compatibilityEvidence"":[{""id"":""whirlpoolparts-kdfe204kps0-w11462456"",""kind"":""authorized-parts"",""title"":""KDFE204KPS0 authorized model-parts listing for drain pump W11462456"",""publisher"":""Whirlpool Parts"",""url"":""https://www.whirlpoolparts.com/Shop-For-Parts/a9b121d2248070/Model-KDFE204KPS0-Kitchenaid-Dishwasher-Parts?n=3"",""appliesTo"":""KDFE204KPS0"",""lastVerified"":""2026-08-27""}],""sellerOffer"":{""provider"":""shopify-global-catalog"",""protocol"":""UCP"",""query"":""KitchenAid W11462456 dishwasher drain pump exact part"",""exactSku"":""W11462456"",""offerCountAtVerification"":13,""lastVerified"":""2026-08-27""}}",""
"kitchenaid-kdfe204kps__door-will-not-close","kitchenaid-kdfe204kps","dishwasher","KitchenAid","KDFE204KPS","exact-code","[""KDFE204KPS0""]","door-will-not-close","true","guided-checks","kitchenaid-kdfe204kps::door-will-not-close","[{""id"":""kitchenaid-dishwasher-door"",""kind"":""manufacturer-troubleshooting"",""title"":""KitchenAid dishwasher door will not close"",""publisher"":""KitchenAid"",""url"":""https://producthelp.kitchenaid.com/Dishwashers/Dishwasher/Door_Concerns/Door_Will_Not_Close/Door_Will_Not_Close_-_Dishwasher"",""appliesTo"":""KitchenAid built-in dishwashers; Open Door Dry step only on equipped models"",""lastVerified"":""2026-08-28""}]","","false","","Purchase promotion is limited to the category's separately reviewed default component route."
"kitchenaid-kdfe204kps__not-cleaning","kitchenaid-kdfe204kps","dishwasher","KitchenAid","KDFE204KPS","exact-code","[""KDFE204KPS0""]","not-cleaning","true","guided-checks","kitchenaid-kdfe204kps::not-cleaning","[{""id"":""dishwasher-kitchenaid-cleaning"",""kind"":""manufacturer-troubleshooting"",""title"":""Dishes are not clean"",""publisher"":""KitchenAid"",""url"":""https://producthelp.kitchenaid.com/Dishwashers/Dishwasher/Wash_Performance/None_of_the_Dishes_are_Clean/Dishes_are_not_Clean"",""appliesTo"":""KitchenAid dishwashers"",""lastVerified"":""2026-08-29""}]","","false","","Purchase promotion is limited to the category's separately reviewed default component route."
"kitchenaid-kdfe204kps__will-not-fill","kitchenaid-kdfe204kps","dishwasher","KitchenAid","KDFE204KPS","exact-code","[""KDFE204KPS0""]","will-not-fill","true","guided-checks","kitchenaid-kdfe204kps::will-not-fill","[{""id"":""dishwasher-kitchenaid-fill"",""kind"":""manufacturer-troubleshooting"",""title"":""Dishwasher not filling with water"",""publisher"":""KitchenAid"",""url"":""https://producthelp.kitchenaid.com/Dishwashers/Dishwasher/Cycle_Concerns/Not_Filling%2F%2FNo_Water/Not_Filling_With_Water_-_Dishwasher"",""appliesTo"":""KitchenAid dishwashers"",""lastVerified"":""2026-08-29""}]","","false","","Purchase promotion is limited to the category's separately reviewed default component route."
"kitchenaid-kdfe204kps__is-leaking","kitchenaid-kdfe204kps","dishwasher","KitchenAid","KDFE204KPS","exact-code","[""KDFE204KPS0""]","is-leaking","true","guided-checks","kitchenaid-kdfe204kps::is-leaking","[{""id"":""dishwasher-kitchenaid-leak"",""kind"":""manufacturer-troubleshooting"",""title"":""Dishwasher leaking from door"",""publisher"":""KitchenAid"",""url"":""https://producthelp.kitchenaid.com/Dishwashers/Dishwasher/Leaking/Front%2F%2FDoor/Leaking_from_Door"",""appliesTo"":""KitchenAid dishwashers"",""lastVerified"":""2026-08-29""}]","","false","","Purchase promotion is limited to the category's separately reviewed default component route."
"samsung-dw80r2031usaa__will-not-drain","samsung-dw80r2031usaa","dishwasher","Samsung","DW80R2031US/AA","exact-code","[""DW80R2031US/AA""]","will-not-drain","true","purchase-ready","samsung-dw80r2031usaa::will-not-drain","[{""id"":""exp-samsung-dishwasher-drain"",""kind"":""manufacturer-troubleshooting"",""title"":""Samsung dishwasher not-draining guidance"",""publisher"":""Samsung"",""url"":""https://www.samsung.com/us/support/troubleshoot/TSG10004498/"",""appliesTo"":""Samsung built-in dishwashers"",""lastVerified"":""2026-08-27""}]","","true","{""name"":""Samsung dishwasher drain pump"",""sku"":""DD81-02635A"",""compatibleProductCodes"":[""DW80R2031US/AA""],""installBoundary"":""professional-only"",""compatibilityEvidence"":[{""id"":""samsung-dw80r2031usaa-dd81-02635a"",""kind"":""authorized-parts"",""title"":""Samsung-authorized exact-model parts list naming pump-drain DD81-02635A"",""publisher"":""Encompass"",""url"":""https://partstore.encompass.com/model/SMGDW80R2031US%7CAA"",""appliesTo"":""Samsung DW80R2031US/AA uses drain pump DD81-02635A"",""lastVerified"":""2026-08-29""},{""id"":""samsung-dd81-02635a-identity-2026-08-29"",""kind"":""authorized-parts"",""title"":""Samsung-authorized Encompass DD81-02635A drain-pump page"",""publisher"":""Encompass"",""url"":""https://encompass.com/item/12313027/Samsung/DD81-02635A/"",""appliesTo"":""Samsung drain pump DD81-02635A; exact appliance fit is established on authorized model pages"",""lastVerified"":""2026-08-29""}],""sellerOffer"":{""provider"":""shopify-global-catalog"",""protocol"":""UCP"",""query"":""Samsung DD81-02635A dishwasher drain pump exact part"",""exactSku"":""DD81-02635A"",""offerCountAtVerification"":5,""lastVerified"":""2026-08-29""}}",""
"samsung-dw80r2031usaa__door-will-not-close","samsung-dw80r2031usaa","dishwasher","Samsung","DW80R2031US/AA","exact-code","[""DW80R2031US/AA""]","door-will-not-close","true","guided-checks","samsung-dw80r2031usaa::door-will-not-close","[{""id"":""samsung-dishwasher-door"",""kind"":""manufacturer-troubleshooting"",""title"":""Samsung dishwasher door does not close"",""publisher"":""Samsung"",""url"":""https://www.samsung.com/us/support/troubleshooting/TSG01001919/"",""appliesTo"":""Samsung dishwashers; AutoRelease step only on equipped models"",""lastVerified"":""2026-08-28""}]","","false","","Purchase promotion is limited to the category's separately reviewed default component route."
"samsung-dw80r2031usaa__not-cleaning","samsung-dw80r2031usaa","dishwasher","Samsung","DW80R2031US/AA","exact-code","[""DW80R2031US/AA""]","not-cleaning","true","guided-checks","samsung-dw80r2031usaa::not-cleaning","[{""id"":""dishwasher-samsung-cleaning"",""kind"":""manufacturer-troubleshooting"",""title"":""Dishwasher cycle ends before dishes are clean"",""publisher"":""Samsung"",""url"":""https://www.samsung.com/us/support/troubleshoot/TSG10000118/"",""appliesTo"":""Samsung dishwashers"",""lastVerified"":""2026-08-29""}]","","false","","Purchase promotion is limited to the category's separately reviewed default component route."
"samsung-dw80r2031usaa__will-not-fill","samsung-dw80r2031usaa","dishwasher","Samsung","DW80R2031US/AA","exact-code","[""DW80R2031US/AA""]","will-not-fill","true","guided-checks","samsung-dw80r2031usaa::will-not-fill","[{""id"":""dishwasher-samsung-fill"",""kind"":""manufacturer-troubleshooting"",""title"":""Samsung dishwasher water-supply error guidance"",""publisher"":""Samsung"",""url"":""https://www.samsung.com/us/support/troubleshoot/TSG10004499/"",""appliesTo"":""Samsung dishwashers reporting a water-supply error"",""lastVerified"":""2026-08-29""}]","","false","","Purchase promotion is limited to the category's separately reviewed default component route."
"samsung-dw80r2031usaa__is-leaking","samsung-dw80r2031usaa","dishwasher","Samsung","DW80R2031US/AA","exact-code","[""DW80R2031US/AA""]","is-leaking","true","guided-checks","samsung-dw80r2031usaa::is-leaking","[{""id"":""dishwasher-samsung-leak"",""kind"":""manufacturer-troubleshooting"",""title"":""Samsung dishwasher leak guidance"",""publisher"":""Samsung"",""url"":""https://www.samsung.com/us/support/troubleshoot/TSG10010593/"",""appliesTo"":""Samsung dishwashers"",""lastVerified"":""2026-08-29""}]","","false","","Purchase promotion is limited to the category's separately reviewed default component route."
"samsung-dw80b6060usaa__will-not-drain","samsung-dw80b6060usaa","dishwasher","Samsung","DW80B6060US/AA","exact-code","[""DW80B6060US/AA""]","will-not-drain","true","purchase-ready","samsung-dw80b6060usaa::will-not-drain","[{""id"":""exp-samsung-dishwasher-drain"",""kind"":""manufacturer-troubleshooting"",""title"":""Samsung dishwasher not-draining guidance"",""publisher"":""Samsung"",""url"":""https://www.samsung.com/us/support/troubleshoot/TSG10004498/"",""appliesTo"":""Samsung built-in dishwashers"",""lastVerified"":""2026-08-27""}]","","true","{""name"":""Samsung dishwasher drain pump motor"",""sku"":""DD31-00016A"",""compatibleProductCodes"":[""DW80B6060US/AA""],""installBoundary"":""professional-only"",""compatibilityEvidence"":[{""id"":""samsung-dw80b6060usaa-dd31-00016a"",""kind"":""authorized-parts"",""title"":""Samsung-authorized exact-model parts list naming motor BLDC pump DD31-00016A"",""publisher"":""Encompass"",""url"":""https://partstore.encompass.com/model/SMGDW80B6060US%7CAA/0001/"",""appliesTo"":""Samsung DW80B6060US/AA uses drain pump DD31-00016A"",""lastVerified"":""2026-08-29""},{""id"":""samsung-dd31-00016a-identity-2026-08-29"",""kind"":""authorized-parts"",""title"":""Samsung-authorized Encompass DD31-00016A drain-pump page"",""publisher"":""Encompass"",""url"":""https://encompass.com/item/10161536/Samsung/DD31-00016A/"",""appliesTo"":""Samsung dishwasher drain pump DD31-00016A; exact appliance fit is established separately"",""lastVerified"":""2026-08-29""}],""sellerOffer"":{""provider"":""shopify-global-catalog"",""protocol"":""UCP"",""query"":""Samsung DD31-00016A dishwasher drain pump exact part"",""exactSku"":""DD31-00016A"",""offerCountAtVerification"":5,""lastVerified"":""2026-08-29""}}",""
"samsung-dw80b6060usaa__door-will-not-close","samsung-dw80b6060usaa","dishwasher","Samsung","DW80B6060US/AA","exact-code","[""DW80B6060US/AA""]","door-will-not-close","true","guided-checks","samsung-dw80b6060usaa::door-will-not-close","[{""id"":""samsung-dishwasher-door"",""kind"":""manufacturer-troubleshooting"",""title"":""Samsung dishwasher door does not close"",""publisher"":""Samsung"",""url"":""https://www.samsung.com/us/support/troubleshooting/TSG01001919/"",""appliesTo"":""Samsung dishwashers; AutoRelease step only on equipped models"",""lastVerified"":""2026-08-28""}]","","false","","Purchase promotion is limited to the category's separately reviewed default component route."
"samsung-dw80b6060usaa__not-cleaning","samsung-dw80b6060usaa","dishwasher","Samsung","DW80B6060US/AA","exact-code","[""DW80B6060US/AA""]","not-cleaning","true","guided-checks","samsung-dw80b6060usaa::not-cleaning","[{""id"":""dishwasher-samsung-cleaning"",""kind"":""manufacturer-troubleshooting"",""title"":""Dishwasher cycle ends before dishes are clean"",""publisher"":""Samsung"",""url"":""https://www.samsung.com/us/support/troubleshoot/TSG10000118/"",""appliesTo"":""Samsung dishwashers"",""lastVerified"":""2026-08-29""}]","","false","","Purchase promotion is limited to the category's separately reviewed default component route."
"samsung-dw80b6060usaa__will-not-fill","samsung-dw80b6060usaa","dishwasher","Samsung","DW80B6060US/AA","exact-code","[""DW80B6060US/AA""]","will-not-fill","true","guided-checks","samsung-dw80b6060usaa::will-not-fill","[{""id"":""dishwasher-samsung-fill"",""kind"":""manufacturer-troubleshooting"",""title"":""Samsung dishwasher water-supply error guidance"",""publisher"":""Samsung"",""url"":""https://www.samsung.com/us/support/troubleshoot/TSG10004499/"",""appliesTo"":""Samsung dishwashers reporting a water-supply error"",""lastVerified"":""2026-08-29""}]","","false","","Purchase promotion is limited to the category's separately reviewed default component route."
"samsung-dw80b6060usaa__is-leaking","samsung-dw80b6060usaa","dishwasher","Samsung","DW80B6060US/AA","exact-code","[""DW80B6060US/AA""]","is-leaking","true","guided-checks","samsung-dw80b6060usaa::is-leaking","[{""id"":""dishwasher-samsung-leak"",""kind"":""manufacturer-troubleshooting"",""title"":""Samsung dishwasher leak guidance"",""publisher"":""Samsung"",""url"":""https://www.samsung.com/us/support/troubleshoot/TSG10010593/"",""appliesTo"":""Samsung dishwashers"",""lastVerified"":""2026-08-29""}]","","false","","Purchase promotion is limited to the category's separately reviewed default component route."
"lg-ldfn3432t__will-not-drain","lg-ldfn3432t","dishwasher","LG","LDFN3432T","exact-code","[""LDFN3432T.ASTEEUS""]","will-not-drain","true","guided-checks","lg-ldfn3432t::will-not-drain","[{""id"":""exp-lg-dishwasher-drain"",""kind"":""manufacturer-troubleshooting"",""title"":""LG dishwasher not-draining guidance"",""publisher"":""LG"",""url"":""https://www.lg.com/us/support/help-library/how-to-fix-an-lg-dishwasher-that-is-not-draining--20155352254013"",""appliesTo"":""LG built-in dishwashers"",""lastVerified"":""2026-08-27""}]","","false","","No accepted complete-revision → one exact-SKU compatibility chain plus separately verified seller offer is recorded."
"lg-ldfn3432t__door-will-not-close","lg-ldfn3432t","dishwasher","LG","LDFN3432T","exact-code","[""LDFN3432T.ASTEEUS""]","door-will-not-close","true","guided-checks","lg-ldfn3432t::door-will-not-close","[{""id"":""dishwasher-lg-ldfn3432-door-manual"",""kind"":""manufacturer-troubleshooting"",""title"":""LDFN3432T exact support page and owner's manual index"",""publisher"":""LG"",""url"":""https://www.lg.com/us/support/product/lg-LDFN3432T"",""appliesTo"":""LDFN3432T.ASTEEUS only; the indexed owner's manual directs checking that the door is completely closed and latched"",""lastVerified"":""2026-08-29""}]","","false","","Purchase promotion is limited to the category's separately reviewed default component route."
"lg-ldfn3432t__not-cleaning","lg-ldfn3432t","dishwasher","LG","LDFN3432T","exact-code","[""LDFN3432T.ASTEEUS""]","not-cleaning","true","guided-checks","lg-ldfn3432t::not-cleaning","[{""id"":""lg-dishwasher-cleaning"",""kind"":""manufacturer-troubleshooting"",""title"":""LG dishwasher cleaning-performance maintenance"",""publisher"":""LG"",""url"":""https://www.lg.com/us/support/help-library/lg-dishwasher-maintenance--1433962981524"",""appliesTo"":""LG dishwashers; loading, water temperature, and visible spray obstruction; filter removal excluded unless the exact manual matches"",""lastVerified"":""2026-08-29""}]","","false","","Purchase promotion is limited to the category's separately reviewed default component route."
"lg-ldfn3432t__will-not-fill","lg-ldfn3432t","dishwasher","LG","LDFN3432T","exact-code","[""LDFN3432T.ASTEEUS""]","will-not-fill","true","guided-checks","lg-ldfn3432t::will-not-fill","[{""id"":""lg-dishwasher-fill"",""kind"":""manufacturer-troubleshooting"",""title"":""LG dishwasher no-water checks"",""publisher"":""LG"",""url"":""https://www.lg.com/us/support/help-library/dishwasher-no-water-ie-error-code--20154712581272"",""appliesTo"":""All LG dishwasher models; household water and visible supply-hose checks only"",""lastVerified"":""2026-08-29""}]","","false","","Purchase promotion is limited to the category's separately reviewed default component route."
"lg-ldfn3432t__is-leaking","lg-ldfn3432t","dishwasher","LG","LDFN3432T","exact-code","[""LDFN3432T.ASTEEUS""]","is-leaking","true","guided-checks","lg-ldfn3432t::is-leaking","[{""id"":""lg-dishwasher-leak"",""kind"":""manufacturer-troubleshooting"",""title"":""LG dishwasher leak-code and suds guidance"",""publisher"":""LG"",""url"":""https://www.lg.com/us/support/help-library/lg-dishwasher-guide-to-error-codes--20154464775480"",""appliesTo"":""LG dishwashers; stop, suds, and error-code observations only"",""lastVerified"":""2026-08-29""}]","","false","","Purchase promotion is limited to the category's separately reviewed default component route."
"lg-ldth7972s__will-not-drain","lg-ldth7972s","dishwasher","LG","LDTH7972S","exact-code","[""LDTH7972S.ASSESNA""]","will-not-drain","true","guided-checks","lg-ldth7972s::will-not-drain","[{""id"":""exp-lg-dishwasher-drain"",""kind"":""manufacturer-troubleshooting"",""title"":""LG dishwasher not-draining guidance"",""publisher"":""LG"",""url"":""https://www.lg.com/us/support/help-library/how-to-fix-an-lg-dishwasher-that-is-not-draining--20155352254013"",""appliesTo"":""LG built-in dishwashers"",""lastVerified"":""2026-08-27""}]","","false","","No accepted complete-revision → one exact-SKU compatibility chain plus separately verified seller offer is recorded."
"lg-ldth7972s__door-will-not-close","lg-ldth7972s","dishwasher","LG","LDTH7972S","exact-code","[""LDTH7972S.ASSESNA""]","door-will-not-close","true","guided-checks","lg-ldth7972s::door-will-not-close","[{""id"":""dishwasher-lg-ldth7972-door-manual"",""kind"":""manufacturer-troubleshooting"",""title"":""LDTH7972S exact support page and owner's manual index"",""publisher"":""LG"",""url"":""https://www.lg.com/us/support/product/lg-LDTH7972S.ASSESNA?tab=1"",""appliesTo"":""LDTH7972S.ASSESNA only; the indexed owner's manual directs checking that the door is completely closed and latched"",""lastVerified"":""2026-08-29""}]","","false","","Purchase promotion is limited to the category's separately reviewed default component route."
"lg-ldth7972s__not-cleaning","lg-ldth7972s","dishwasher","LG","LDTH7972S","exact-code","[""LDTH7972S.ASSESNA""]","not-cleaning","true","guided-checks","lg-ldth7972s::not-cleaning","[{""id"":""lg-dishwasher-cleaning"",""kind"":""manufacturer-troubleshooting"",""title"":""LG dishwasher cleaning-performance maintenance"",""publisher"":""LG"",""url"":""https://www.lg.com/us/support/help-library/lg-dishwasher-maintenance--1433962981524"",""appliesTo"":""LG dishwashers; loading, water temperature, and visible spray obstruction; filter removal excluded unless the exact manual matches"",""lastVerified"":""2026-08-29""}]","","false","","Purchase promotion is limited to the category's separately reviewed default component route."
"lg-ldth7972s__will-not-fill","lg-ldth7972s","dishwasher","LG","LDTH7972S","exact-code","[""LDTH7972S.ASSESNA""]","will-not-fill","true","guided-checks","lg-ldth7972s::will-not-fill","[{""id"":""lg-dishwasher-fill"",""kind"":""manufacturer-troubleshooting"",""title"":""LG dishwasher no-water checks"",""publisher"":""LG"",""url"":""https://www.lg.com/us/support/help-library/dishwasher-no-water-ie-error-code--20154712581272"",""appliesTo"":""All LG dishwasher models; household water and visible supply-hose checks only"",""lastVerified"":""2026-08-29""}]","","false","","Purchase promotion is limited to the category's separately reviewed default component route."
"lg-ldth7972s__is-leaking","lg-ldth7972s","dishwasher","LG","LDTH7972S","exact-code","[""LDTH7972S.ASSESNA""]","is-leaking","true","guided-checks","lg-ldth7972s::is-leaking","[{""id"":""lg-dishwasher-leak"",""kind"":""manufacturer-troubleshooting"",""title"":""LG dishwasher leak-code and suds guidance"",""publisher"":""LG"",""url"":""https://www.lg.com/us/support/help-library/lg-dishwasher-guide-to-error-codes--20154464775480"",""appliesTo"":""LG dishwashers; stop, suds, and error-code observations only"",""lastVerified"":""2026-08-29""}]","","false","","Purchase promotion is limited to the category's separately reviewed default component route."
"frigidaire-fdpc4314as__will-not-drain","frigidaire-fdpc4314as","dishwasher","Frigidaire","FDPC4314AS","family-only","[]","will-not-drain","true","guided-checks","frigidaire-fdpc4314as::will-not-drain","[{""id"":""exp-frigidaire-dishwasher-drain"",""kind"":""manufacturer-troubleshooting"",""title"":""Frigidaire dishwasher not-draining guidance"",""publisher"":""Frigidaire"",""url"":""https://owner.frigidaire.com/support-articles/article/dishwashers-not-draining"",""appliesTo"":""Frigidaire built-in dishwashers"",""lastVerified"":""2026-08-27""}]","","false","","A complete revision code is not independently verified for this catalog identity."
"frigidaire-fdpc4314as__door-will-not-close","frigidaire-fdpc4314as","dishwasher","Frigidaire","FDPC4314AS","family-only","[]","door-will-not-close","true","guided-checks","frigidaire-fdpc4314as::door-will-not-close","[{""id"":""frigidaire-dishwasher-door"",""kind"":""manufacturer-troubleshooting"",""title"":""Frigidaire dishwasher CL/Cd door-open code"",""publisher"":""Frigidaire"",""url"":""https://owner.frigidaire.com/support-articles/article/1830354-dishwasher-error-code-cl-or-cd-door-is-open"",""appliesTo"":""Frigidaire dishwashers that display CL or Cd; supports closure/latch confirmation only"",""lastVerified"":""2026-08-28""}]","","false","","Purchase promotion is limited to the category's separately reviewed default component route."
"frigidaire-fdpc4314as__not-cleaning","frigidaire-fdpc4314as","dishwasher","Frigidaire","FDPC4314AS","family-only","[]","not-cleaning","true","guided-checks","frigidaire-fdpc4314as::not-cleaning","[{""id"":""frigidaire-dishwasher-cleaning"",""kind"":""manufacturer-troubleshooting"",""title"":""Frigidaire dishwasher not-cleaning checks"",""publisher"":""Frigidaire"",""url"":""https://owner.frigidaire.com/support-articles/article/1831286-dishwasher-not-cleaning"",""appliesTo"":""Frigidaire dishwashers; cycle, loading, detergent, and visible spray observations only"",""lastVerified"":""2026-08-29""}]","","false","","Purchase promotion is limited to the category's separately reviewed default component route."
"frigidaire-fdpc4314as__will-not-fill","frigidaire-fdpc4314as","dishwasher","Frigidaire","FDPC4314AS","family-only","[]","will-not-fill","true","guided-checks","frigidaire-fdpc4314as::will-not-fill","[{""id"":""frigidaire-dishwasher-fill"",""kind"":""manufacturer-troubleshooting"",""title"":""Frigidaire dishwasher not-filling checks"",""publisher"":""Frigidaire"",""url"":""https://owner.frigidaire.com/support-articles/article/1835628-dishwasher-not-filling"",""appliesTo"":""Frigidaire dishwashers; household water and visible supply-line checks only"",""lastVerified"":""2026-08-29""}]","","false","","Purchase promotion is limited to the category's separately reviewed default component route."
"frigidaire-fdpc4314as__is-leaking","frigidaire-fdpc4314as","dishwasher","Frigidaire","FDPC4314AS","family-only","[]","is-leaking","true","guided-checks","frigidaire-fdpc4314as::is-leaking","[{""id"":""frigidaire-dishwasher-leak"",""kind"":""manufacturer-troubleshooting"",""title"":""Frigidaire dishwasher water-leak checks"",""publisher"":""Frigidaire"",""url"":""https://owner.frigidaire.com/support-articles/article/1838717-dishwasher-water-leaking"",""appliesTo"":""Frigidaire dishwashers; suds, loading, and visible hose checks only"",""lastVerified"":""2026-08-29""}]","","false","","Purchase promotion is limited to the category's separately reviewed default component route."
"electrolux-edsh4944as__will-not-drain","electrolux-edsh4944as","dishwasher","Electrolux","EDSH4944AS","family-only","[]","will-not-drain","true","guided-checks","electrolux-edsh4944as::will-not-drain","[{""id"":""exp-electrolux-dishwasher-drain"",""kind"":""manufacturer-troubleshooting"",""title"":""Electrolux dishwasher not-draining guidance"",""publisher"":""Electrolux"",""url"":""https://owner.electrolux.com/support-articles/article/1853203-what-to-do-if-your-electrolux-dishwasher-is-not-draining"",""appliesTo"":""Electrolux built-in dishwashers"",""lastVerified"":""2026-08-27""}]","","false","","A complete revision code is not independently verified for this catalog identity."
"electrolux-edsh4944as__door-will-not-close","electrolux-edsh4944as","dishwasher","Electrolux","EDSH4944AS","family-only","[]","door-will-not-close","true","guided-checks","electrolux-edsh4944as::door-will-not-close","[{""id"":""dishwasher-electrolux-door"",""kind"":""manufacturer-troubleshooting"",""title"":""Dishwasher error CL or Cd: door is open"",""publisher"":""Electrolux"",""url"":""https://owner.electrolux.com/support-articles/article/1830354-dishwasher-error-code-cl-or-cd-door-is-open"",""appliesTo"":""Electrolux dishwashers that display CL or Cd"",""lastVerified"":""2026-08-29""}]","","false","","Purchase promotion is limited to the category's separately reviewed default component route."
"electrolux-edsh4944as__not-cleaning","electrolux-edsh4944as","dishwasher","Electrolux","EDSH4944AS","family-only","[]","not-cleaning","true","guided-checks","electrolux-edsh4944as::not-cleaning","[{""id"":""dishwasher-electrolux-cleaning"",""kind"":""manufacturer-troubleshooting"",""title"":""Dishwasher not cleaning"",""publisher"":""Electrolux"",""url"":""https://owner.electrolux.com/support-articles/article/1831286-dishwasher-not-cleaning"",""appliesTo"":""Electrolux dishwashers"",""lastVerified"":""2026-08-29""}]","","false","","Purchase promotion is limited to the category's separately reviewed default component route."
"electrolux-edsh4944as__will-not-fill","electrolux-edsh4944as","dishwasher","Electrolux","EDSH4944AS","family-only","[]","will-not-fill","true","guided-checks","electrolux-edsh4944as::will-not-fill","[{""id"":""dishwasher-electrolux-fill"",""kind"":""manufacturer-troubleshooting"",""title"":""Dishwasher not filling"",""publisher"":""Electrolux"",""url"":""https://owner.electrolux.com/support-articles/article/1835628-dishwasher-not-filling"",""appliesTo"":""Electrolux dishwashers"",""lastVerified"":""2026-08-29""}]","","false","","Purchase promotion is limited to the category's separately reviewed default component route."
"electrolux-edsh4944as__is-leaking","electrolux-edsh4944as","dishwasher","Electrolux","EDSH4944AS","family-only","[]","is-leaking","true","guided-checks","electrolux-edsh4944as::is-leaking","[{""id"":""dishwasher-electrolux-leak"",""kind"":""manufacturer-troubleshooting"",""title"":""Dishwasher water leaking"",""publisher"":""Electrolux"",""url"":""https://owner.electrolux.com/support-articles/article/1838717-dishwasher-water-leaking"",""appliesTo"":""Electrolux dishwashers"",""lastVerified"":""2026-08-29""}]","","false","","Purchase promotion is limited to the category's separately reviewed default component route."
"bosch-shx78cm5n01__will-not-drain","bosch-shx78cm5n01","dishwasher","Bosch","SHX78CM5N/01","exact-code","[""SHX78CM5N/01""]","will-not-drain","true","purchase-ready","bosch-shx78cm5n01::will-not-drain","[{""id"":""exp-bosch-dishwasher-drain"",""kind"":""manufacturer-troubleshooting"",""title"":""Bosch dishwasher not-draining guidance"",""publisher"":""Bosch"",""url"":""https://www.bosch-home.com/us/owner-support/dishwashers/troubleshooting"",""appliesTo"":""Bosch built-in dishwashers"",""lastVerified"":""2026-08-27""}]","","true","{""name"":""Bosch dishwasher drain pump"",""sku"":""00631200"",""compatibleProductCodes"":[""SHX78CM5N/01""],""installBoundary"":""professional-only"",""compatibilityEvidence"":[{""id"":""bosch-shx78cm5n01-00631200"",""kind"":""manufacturer-part"",""title"":""Bosch exact E-Nr spare-parts list containing drain pump 00631200"",""publisher"":""Bosch"",""url"":""https://www.bosch-home.com/us/en/spare-parts-list/SHX78CM5N-01"",""appliesTo"":""Bosch SHX78CM5N/01 includes drain pump 00631200"",""lastVerified"":""2026-08-29""},{""id"":""bosch-00631200-identity-2026-08-29"",""kind"":""manufacturer-part"",""title"":""Bosch 00631200 Pump-drain product page"",""publisher"":""Bosch"",""url"":""https://www.bosch-home.com/us/en/product/00631200"",""appliesTo"":""Bosch manufacturer drain pump 00631200; exact E-Nr fit is established separately"",""lastVerified"":""2026-08-29""}],""sellerOffer"":{""provider"":""shopify-global-catalog"",""protocol"":""UCP"",""query"":""Bosch 00631200 dishwasher drain pump exact part"",""exactSku"":""00631200"",""offerCountAtVerification"":5,""lastVerified"":""2026-08-29""}}",""
"bosch-shx78cm5n01__door-will-not-close","bosch-shx78cm5n01","dishwasher","Bosch","SHX78CM5N/01","exact-code","[""SHX78CM5N/01""]","door-will-not-close","true","guided-checks","bosch-shx78cm5n01::door-will-not-close","[{""id"":""bosch-dishwasher-door"",""kind"":""manufacturer-troubleshooting"",""title"":""Bosch dishwasher troubleshooting"",""publisher"":""Bosch"",""url"":""https://www.bosch-home.com/us/owner-support/dishwashers/troubleshooting"",""appliesTo"":""Bosch dishwashers; AutoAir and error-code branches are model-specific"",""lastVerified"":""2026-08-28""}]","","false","","Purchase promotion is limited to the category's separately reviewed default component route."
"bosch-shx78cm5n01__not-cleaning","bosch-shx78cm5n01","dishwasher","Bosch","SHX78CM5N/01","exact-code","[""SHX78CM5N/01""]","not-cleaning","true","guided-checks","bosch-shx78cm5n01::not-cleaning","[{""id"":""bosch-dishwasher-cleaning"",""kind"":""manufacturer-troubleshooting"",""title"":""Bosch dishwasher not-cleaning checks"",""publisher"":""Bosch"",""url"":""https://www.bosch-home.com/us/owner-support/get-support/support-selfhelp-dishwasher-not-cleaning-dishes"",""appliesTo"":""Bosch dishwashers; loading, detergent, water temperature, and visible spray observations only"",""lastVerified"":""2026-08-29""}]","","false","","Purchase promotion is limited to the category's separately reviewed default component route."
"bosch-shx78cm5n01__will-not-fill","bosch-shx78cm5n01","dishwasher","Bosch","SHX78CM5N/01","exact-code","[""SHX78CM5N/01""]","will-not-fill","true","guided-checks","bosch-shx78cm5n01::will-not-fill","[{""id"":""bosch-dishwasher-fill"",""kind"":""manufacturer-troubleshooting"",""title"":""Bosch dishwasher not-drawing-water checks"",""publisher"":""Bosch"",""url"":""https://www.bosch-home.com/us/owner-support/get-support/support-selfhelp-dishwasher-not-drawing-water"",""appliesTo"":""Bosch dishwashers; household supply, visible hose, and door observations only"",""lastVerified"":""2026-08-29""}]","","false","","Purchase promotion is limited to the category's separately reviewed default component route."
"bosch-shx78cm5n01__is-leaking","bosch-shx78cm5n01","dishwasher","Bosch","SHX78CM5N/01","exact-code","[""SHX78CM5N/01""]","is-leaking","true","guided-checks","bosch-shx78cm5n01::is-leaking","[{""id"":""bosch-dishwasher-leak"",""kind"":""manufacturer-troubleshooting"",""title"":""Bosch dishwasher leak error guidance"",""publisher"":""Bosch"",""url"":""https://www.bosch-home.com/us/owner-support/error-codes/dishwashers"",""appliesTo"":""Bosch dishwashers; visible leak or E15 condition is a stop and service boundary"",""lastVerified"":""2026-08-29""}]","","false","","Purchase promotion is limited to the category's separately reviewed default component route."
"bosch-shp65cm5n24__will-not-drain","bosch-shp65cm5n24","dishwasher","Bosch","SHP65CM5N/24","exact-code","[""SHP65CM5N/24""]","will-not-drain","true","purchase-ready","bosch-shp65cm5n24::will-not-drain","[{""id"":""exp-bosch-dishwasher-drain"",""kind"":""manufacturer-troubleshooting"",""title"":""Bosch dishwasher not-draining guidance"",""publisher"":""Bosch"",""url"":""https://www.bosch-home.com/us/owner-support/dishwashers/troubleshooting"",""appliesTo"":""Bosch built-in dishwashers"",""lastVerified"":""2026-08-27""}]","","true","{""name"":""Bosch dishwasher drain pump"",""sku"":""00631200"",""compatibleProductCodes"":[""SHP65CM5N/24""],""installBoundary"":""professional-only"",""compatibilityEvidence"":[{""id"":""bosch-shp65cm5n24-00631200"",""kind"":""manufacturer-part"",""title"":""Bosch exact E-Nr spare-parts list containing drain pump 00631200"",""publisher"":""Bosch"",""url"":""https://www.bosch-home.com/us/en/spare-parts-list/SHP65CM5N-24"",""appliesTo"":""Bosch SHP65CM5N/24 includes drain pump 00631200"",""lastVerified"":""2026-08-29""},{""id"":""bosch-00631200-identity-2026-08-29"",""kind"":""manufacturer-part"",""title"":""Bosch 00631200 Pump-drain product page"",""publisher"":""Bosch"",""url"":""https://www.bosch-home.com/us/en/product/00631200"",""appliesTo"":""Bosch manufacturer drain pump 00631200; exact E-Nr fit is established separately"",""lastVerified"":""2026-08-29""}],""sellerOffer"":{""provider"":""shopify-global-catalog"",""protocol"":""UCP"",""query"":""Bosch 00631200 dishwasher drain pump exact part"",""exactSku"":""00631200"",""offerCountAtVerification"":5,""lastVerified"":""2026-08-29""}}",""
"bosch-shp65cm5n24__door-will-not-close","bosch-shp65cm5n24","dishwasher","Bosch","SHP65CM5N/24","exact-code","[""SHP65CM5N/24""]","door-will-not-close","true","guided-checks","bosch-shp65cm5n24::door-will-not-close","[{""id"":""bosch-dishwasher-door"",""kind"":""manufacturer-troubleshooting"",""title"":""Bosch dishwasher troubleshooting"",""publisher"":""Bosch"",""url"":""https://www.bosch-home.com/us/owner-support/dishwashers/troubleshooting"",""appliesTo"":""Bosch dishwashers; AutoAir and error-code branches are model-specific"",""lastVerified"":""2026-08-28""}]","","false","","Purchase promotion is limited to the category's separately reviewed default component route."
"bosch-shp65cm5n24__not-cleaning","bosch-shp65cm5n24","dishwasher","Bosch","SHP65CM5N/24","exact-code","[""SHP65CM5N/24""]","not-cleaning","true","guided-checks","bosch-shp65cm5n24::not-cleaning","[{""id"":""bosch-dishwasher-cleaning"",""kind"":""manufacturer-troubleshooting"",""title"":""Bosch dishwasher not-cleaning checks"",""publisher"":""Bosch"",""url"":""https://www.bosch-home.com/us/owner-support/get-support/support-selfhelp-dishwasher-not-cleaning-dishes"",""appliesTo"":""Bosch dishwashers; loading, detergent, water temperature, and visible spray observations only"",""lastVerified"":""2026-08-29""}]","","false","","Purchase promotion is limited to the category's separately reviewed default component route."
"bosch-shp65cm5n24__will-not-fill","bosch-shp65cm5n24","dishwasher","Bosch","SHP65CM5N/24","exact-code","[""SHP65CM5N/24""]","will-not-fill","true","guided-checks","bosch-shp65cm5n24::will-not-fill","[{""id"":""bosch-dishwasher-fill"",""kind"":""manufacturer-troubleshooting"",""title"":""Bosch dishwasher not-drawing-water checks"",""publisher"":""Bosch"",""url"":""https://www.bosch-home.com/us/owner-support/get-support/support-selfhelp-dishwasher-not-drawing-water"",""appliesTo"":""Bosch dishwashers; household supply, visible hose, and door observations only"",""lastVerified"":""2026-08-29""}]","","false","","Purchase promotion is limited to the category's separately reviewed default component route."
"bosch-shp65cm5n24__is-leaking","bosch-shp65cm5n24","dishwasher","Bosch","SHP65CM5N/24","exact-code","[""SHP65CM5N/24""]","is-leaking","true","guided-checks","bosch-shp65cm5n24::is-leaking","[{""id"":""bosch-dishwasher-leak"",""kind"":""manufacturer-troubleshooting"",""title"":""Bosch dishwasher leak error guidance"",""publisher"":""Bosch"",""url"":""https://www.bosch-home.com/us/owner-support/error-codes/dishwashers"",""appliesTo"":""Bosch dishwashers; visible leak or E15 condition is a stop and service boundary"",""lastVerified"":""2026-08-29""}]","","false","","Purchase promotion is limited to the category's separately reviewed default component route."
"bosch-she53b75uc75__will-not-drain","bosch-she53b75uc75","dishwasher","Bosch","SHE53B75UC/75","exact-code","[""SHE53B75UC/75""]","will-not-drain","true","purchase-ready","bosch-she53b75uc75::will-not-drain","[{""id"":""exp-bosch-dishwasher-drain"",""kind"":""manufacturer-troubleshooting"",""title"":""Bosch dishwasher not-draining guidance"",""publisher"":""Bosch"",""url"":""https://www.bosch-home.com/us/owner-support/dishwashers/troubleshooting"",""appliesTo"":""Bosch built-in dishwashers"",""lastVerified"":""2026-08-27""}]","","true","{""name"":""Bosch dishwasher drain pump"",""sku"":""00631200"",""compatibleProductCodes"":[""SHE53B75UC/75""],""installBoundary"":""professional-only"",""compatibilityEvidence"":[{""id"":""bosch-she53b75uc75-00631200"",""kind"":""manufacturer-part"",""title"":""Bosch exact E-Nr spare-parts list containing drain pump 00631200"",""publisher"":""Bosch"",""url"":""https://www.bosch-home.com/us/en/spare-parts-list/SHE53B75UC-75"",""appliesTo"":""Bosch SHE53B75UC/75 includes drain pump 00631200"",""lastVerified"":""2026-08-29""},{""id"":""bosch-00631200-identity-2026-08-29"",""kind"":""manufacturer-part"",""title"":""Bosch 00631200 Pump-drain product page"",""publisher"":""Bosch"",""url"":""https://www.bosch-home.com/us/en/product/00631200"",""appliesTo"":""Bosch manufacturer drain pump 00631200; exact E-Nr fit is established separately"",""lastVerified"":""2026-08-29""}],""sellerOffer"":{""provider"":""shopify-global-catalog"",""protocol"":""UCP"",""query"":""Bosch 00631200 dishwasher drain pump exact part"",""exactSku"":""00631200"",""offerCountAtVerification"":5,""lastVerified"":""2026-08-29""}}",""
"bosch-she53b75uc75__door-will-not-close","bosch-she53b75uc75","dishwasher","Bosch","SHE53B75UC/75","exact-code","[""SHE53B75UC/75""]","door-will-not-close","true","guided-checks","bosch-she53b75uc75::door-will-not-close","[{""id"":""bosch-dishwasher-door"",""kind"":""manufacturer-troubleshooting"",""title"":""Bosch dishwasher troubleshooting"",""publisher"":""Bosch"",""url"":""https://www.bosch-home.com/us/owner-support/dishwashers/troubleshooting"",""appliesTo"":""Bosch dishwashers; AutoAir and error-code branches are model-specific"",""lastVerified"":""2026-08-28""}]","","false","","Purchase promotion is limited to the category's separately reviewed default component route."
"bosch-she53b75uc75__not-cleaning","bosch-she53b75uc75","dishwasher","Bosch","SHE53B75UC/75","exact-code","[""SHE53B75UC/75""]","not-cleaning","true","guided-checks","bosch-she53b75uc75::not-cleaning","[{""id"":""bosch-dishwasher-cleaning"",""kind"":""manufacturer-troubleshooting"",""title"":""Bosch dishwasher not-cleaning checks"",""publisher"":""Bosch"",""url"":""https://www.bosch-home.com/us/owner-support/get-support/support-selfhelp-dishwasher-not-cleaning-dishes"",""appliesTo"":""Bosch dishwashers; loading, detergent, water temperature, and visible spray observations only"",""lastVerified"":""2026-08-29""}]","","false","","Purchase promotion is limited to the category's separately reviewed default component route."
"bosch-she53b75uc75__will-not-fill","bosch-she53b75uc75","dishwasher","Bosch","SHE53B75UC/75","exact-code","[""SHE53B75UC/75""]","will-not-fill","true","guided-checks","bosch-she53b75uc75::will-not-fill","[{""id"":""bosch-dishwasher-fill"",""kind"":""manufacturer-troubleshooting"",""title"":""Bosch dishwasher not-drawing-water checks"",""publisher"":""Bosch"",""url"":""https://www.bosch-home.com/us/owner-support/get-support/support-selfhelp-dishwasher-not-drawing-water"",""appliesTo"":""Bosch dishwashers; household supply, visible hose, and door observations only"",""lastVerified"":""2026-08-29""}]","","false","","Purchase promotion is limited to the category's separately reviewed default component route."
"bosch-she53b75uc75__is-leaking","bosch-she53b75uc75","dishwasher","Bosch","SHE53B75UC/75","exact-code","[""SHE53B75UC/75""]","is-leaking","true","guided-checks","bosch-she53b75uc75::is-leaking","[{""id"":""bosch-dishwasher-leak"",""kind"":""manufacturer-troubleshooting"",""title"":""Bosch dishwasher leak error guidance"",""publisher"":""Bosch"",""url"":""https://www.bosch-home.com/us/owner-support/error-codes/dishwashers"",""appliesTo"":""Bosch dishwashers; visible leak or E15 condition is a stop and service boundary"",""lastVerified"":""2026-08-29""}]","","false","","Purchase promotion is limited to the category's separately reviewed default component route."
"ge-gfd55essnww__door-will-not-close","ge-gfd55essnww","dryer","GE","GFD55ESSNWW","exact-code","[""GFD55ESSN0WW""]","door-will-not-close","true","purchase-ready","ge-gfd55essnww::door-will-not-close","[{""id"":""exp-ge-dryer-start"",""kind"":""manufacturer-troubleshooting"",""title"":""GE dryer will-not-start guidance"",""publisher"":""GE Appliances"",""url"":""https://products.geappliances.com/appliance/gea-support-search-content?contentId=17381"",""appliesTo"":""GE electric dryers"",""lastVerified"":""2026-08-27""}]","","true","{""name"":""White dryer door strike"",""sku"":""WE01X34600"",""compatibleProductCodes"":[""GFD55ESSN0WW""],""installBoundary"":""user-replaceable"",""compatibilityEvidence"":[{""id"":""ge-gfd55essn0ww-we01x34600"",""kind"":""manufacturer-part"",""title"":""GFD55ESSN0WW front-panel diagram and current white door-strike replacement"",""publisher"":""GE Appliances"",""url"":""https://www.geapplianceparts.com/store/parts/ModelSectionParts/GFD55ESSN0WW/2/0/0/0/FRONT_PANEL"",""appliesTo"":""GFD55ESSN0WW"",""lastVerified"":""2026-08-27""}],""sellerOffer"":{""provider"":""shopify-global-catalog"",""protocol"":""UCP"",""query"":""GE WE01X34600 dryer door strike exact part"",""exactSku"":""WE01X34600"",""offerCountAtVerification"":10,""lastVerified"":""2026-08-27""}}",""
"ge-gfd55essnww__will-not-start","ge-gfd55essnww","dryer","GE","GFD55ESSNWW","exact-code","[""GFD55ESSN0WW""]","will-not-start","true","guided-checks","ge-gfd55essnww::will-not-start","[{""id"":""ge-dryer-start"",""kind"":""manufacturer-troubleshooting"",""title"":""GE dryer will-not-start checks"",""publisher"":""GE Appliances"",""url"":""https://products.geappliances.com/appliance/gea-support-search-content?contentId=17381"",""appliesTo"":""GE electric dryers; visible plug, door, controls, and breaker observations only"",""lastVerified"":""2026-08-29""}]","","false","","Purchase promotion is limited to the category's separately reviewed default component route."
"ge-gfd55essnww__not-heating","ge-gfd55essnww","dryer","GE","GFD55ESSNWW","exact-code","[""GFD55ESSN0WW""]","not-heating","true","guided-checks","ge-gfd55essnww::not-heating","[{""id"":""ge-dryer-heat"",""kind"":""manufacturer-troubleshooting"",""title"":""GE electric dryer runs-without-heat checks"",""publisher"":""GE Appliances"",""url"":""https://products.geappliances.com/appliance/gea-support-search-content?contentId=16921"",""appliesTo"":""GE electric dryers; cycle, airflow, and household breaker observations only; no terminal access"",""lastVerified"":""2026-08-29""}]","","false","","Purchase promotion is limited to the category's separately reviewed default component route."
"ge-gfd55essnww__drum-will-not-turn","ge-gfd55essnww","dryer","GE","GFD55ESSNWW","exact-code","[""GFD55ESSN0WW""]","drum-will-not-turn","true","guided-checks","ge-gfd55essnww::drum-will-not-turn","[{""id"":""ge-dryer-drum"",""kind"":""manufacturer-troubleshooting"",""title"":""GE dryer drum-does-not-turn checks"",""publisher"":""GE Appliances"",""url"":""https://products.geappliances.com/appliance/gea-support-search-content?contentId=17096"",""appliesTo"":""GE dryers; load observation and professional stop; no internal access"",""lastVerified"":""2026-08-29""}]","","false","","Purchase promotion is limited to the category's separately reviewed default component route."
"ge-ptd70ebstws__door-will-not-close","ge-ptd70ebstws","dryer","GE","PTD70EBSTWS","exact-code","[""PTD70EBST0WS""]","door-will-not-close","true","purchase-ready","ge-ptd70ebstws::door-will-not-close","[{""id"":""exp-ge-dryer-start"",""kind"":""manufacturer-troubleshooting"",""title"":""GE dryer will-not-start guidance"",""publisher"":""GE Appliances"",""url"":""https://products.geappliances.com/appliance/gea-support-search-content?contentId=17381"",""appliesTo"":""GE electric dryers"",""lastVerified"":""2026-08-27""}]","","true","{""name"":""Strike door"",""sku"":""WE1X1192"",""compatibleProductCodes"":[""PTD70EBST0WS""],""installBoundary"":""user-replaceable"",""compatibilityEvidence"":[{""id"":""ge-ptd70ebstws-we1x1192-fit"",""kind"":""authorized-parts"",""title"":""Exact PTD70EBST0WS visible door-side strike listing"",""publisher"":""GE Appliances Parts"",""url"":""https://www.geapplianceparts.com/store/parts/ModelSectionParts/PTD70EBST0WS/2/0/0/0/FRONT_PANEL_%26_DOOR"",""appliesTo"":""PTD70EBST0WS uses visible door-side strike WE1X1192. Exact model assembly lists diagram 3049 STRIKE DOOR WE01X1192 and the manufacturer supersession to WE1X1192."",""lastVerified"":""2026-08-29""},{""id"":""demo-dryer-we1x1192-identity"",""kind"":""authorized-parts"",""title"":""GE Appliances Parts exact door-side strike WE1X1192"",""publisher"":""GE Appliances Parts"",""url"":""https://www.geapplianceparts.com/store/parts/ModelSectionParts/PTD70EBST0WS/2/0/0/0/FRONT_PANEL_%26_DOOR"",""appliesTo"":""Dryer door-side strike WE1X1192; exact appliance fit and observation gate are established separately"",""lastVerified"":""2026-08-29""}],""sellerOffer"":{""provider"":""shopify-global-catalog"",""protocol"":""UCP"",""query"":""WE1X1192 dryer door strike exact SKU"",""exactSku"":""WE1X1192"",""offerCountAtVerification"":10,""lastVerified"":""2026-08-29""}}",""
"ge-ptd70ebstws__will-not-start","ge-ptd70ebstws","dryer","GE","PTD70EBSTWS","exact-code","[""PTD70EBST0WS""]","will-not-start","true","guided-checks","ge-ptd70ebstws::will-not-start","[{""id"":""ge-dryer-start"",""kind"":""manufacturer-troubleshooting"",""title"":""GE dryer will-not-start checks"",""publisher"":""GE Appliances"",""url"":""https://products.geappliances.com/appliance/gea-support-search-content?contentId=17381"",""appliesTo"":""GE electric dryers; visible plug, door, controls, and breaker observations only"",""lastVerified"":""2026-08-29""}]","","false","","Purchase promotion is limited to the category's separately reviewed default component route."
"ge-ptd70ebstws__not-heating","ge-ptd70ebstws","dryer","GE","PTD70EBSTWS","exact-code","[""PTD70EBST0WS""]","not-heating","true","guided-checks","ge-ptd70ebstws::not-heating","[{""id"":""ge-dryer-heat"",""kind"":""manufacturer-troubleshooting"",""title"":""GE electric dryer runs-without-heat checks"",""publisher"":""GE Appliances"",""url"":""https://products.geappliances.com/appliance/gea-support-search-content?contentId=16921"",""appliesTo"":""GE electric dryers; cycle, airflow, and household breaker observations only; no terminal access"",""lastVerified"":""2026-08-29""}]","","false","","Purchase promotion is limited to the category's separately reviewed default component route."
"ge-ptd70ebstws__drum-will-not-turn","ge-ptd70ebstws","dryer","GE","PTD70EBSTWS","exact-code","[""PTD70EBST0WS""]","drum-will-not-turn","true","guided-checks","ge-ptd70ebstws::drum-will-not-turn","[{""id"":""ge-dryer-drum"",""kind"":""manufacturer-troubleshooting"",""title"":""GE dryer drum-does-not-turn checks"",""publisher"":""GE Appliances"",""url"":""https://products.geappliances.com/appliance/gea-support-search-content?contentId=17096"",""appliesTo"":""GE dryers; load observation and professional stop; no internal access"",""lastVerified"":""2026-08-29""}]","","false","","Purchase promotion is limited to the category's separately reviewed default component route."
"ge-gtx33easkww__door-will-not-close","ge-gtx33easkww","dryer","GE","GTX33EASKWW","exact-code","[""GTX33EASK0WW""]","door-will-not-close","true","purchase-ready","ge-gtx33easkww::door-will-not-close","[{""id"":""exp-ge-dryer-start"",""kind"":""manufacturer-troubleshooting"",""title"":""GE dryer will-not-start guidance"",""publisher"":""GE Appliances"",""url"":""https://products.geappliances.com/appliance/gea-support-search-content?contentId=17381"",""appliesTo"":""GE electric dryers"",""lastVerified"":""2026-08-27""}]","","true","{""name"":""Strike door"",""sku"":""WE1X1192"",""compatibleProductCodes"":[""GTX33EASK0WW""],""installBoundary"":""user-replaceable"",""compatibilityEvidence"":[{""id"":""ge-gtx33easkww-we1x1192-fit"",""kind"":""authorized-parts"",""title"":""Exact GTX33EASK0WW visible door-side strike listing"",""publisher"":""GE Appliances Parts"",""url"":""https://www.geapplianceparts.com/store/parts/ModelSectionParts/GTX33EASK0WW/2/0/0/0/FRONT_PANEL_%26_DOOR"",""appliesTo"":""GTX33EASK0WW uses visible door-side strike WE1X1192. Exact model assembly lists diagram 3049 STRIKE DOOR WE01X1192 and the manufacturer supersession to WE1X1192."",""lastVerified"":""2026-08-29""},{""id"":""demo-dryer-we1x1192-identity"",""kind"":""authorized-parts"",""title"":""GE Appliances Parts exact door-side strike WE1X1192"",""publisher"":""GE Appliances Parts"",""url"":""https://www.geapplianceparts.com/store/parts/ModelSectionParts/PTD70EBST0WS/2/0/0/0/FRONT_PANEL_%26_DOOR"",""appliesTo"":""Dryer door-side strike WE1X1192; exact appliance fit and observation gate are established separately"",""lastVerified"":""2026-08-29""}],""sellerOffer"":{""provider"":""shopify-global-catalog"",""protocol"":""UCP"",""query"":""WE1X1192 dryer door strike exact SKU"",""exactSku"":""WE1X1192"",""offerCountAtVerification"":10,""lastVerified"":""2026-08-29""}}",""
"ge-gtx33easkww__will-not-start","ge-gtx33easkww","dryer","GE","GTX33EASKWW","exact-code","[""GTX33EASK0WW""]","will-not-start","true","guided-checks","ge-gtx33easkww::will-not-start","[{""id"":""ge-dryer-start"",""kind"":""manufacturer-troubleshooting"",""title"":""GE dryer will-not-start checks"",""publisher"":""GE Appliances"",""url"":""https://products.geappliances.com/appliance/gea-support-search-content?contentId=17381"",""appliesTo"":""GE electric dryers; visible plug, door, controls, and breaker observations only"",""lastVerified"":""2026-08-29""}]","","false","","Purchase promotion is limited to the category's separately reviewed default component route."
"ge-gtx33easkww__not-heating","ge-gtx33easkww","dryer","GE","GTX33EASKWW","exact-code","[""GTX33EASK0WW""]","not-heating","true","guided-checks","ge-gtx33easkww::not-heating","[{""id"":""ge-dryer-heat"",""kind"":""manufacturer-troubleshooting"",""title"":""GE electric dryer runs-without-heat checks"",""publisher"":""GE Appliances"",""url"":""https://products.geappliances.com/appliance/gea-support-search-content?contentId=16921"",""appliesTo"":""GE electric dryers; cycle, airflow, and household breaker observations only; no terminal access"",""lastVerified"":""2026-08-29""}]","","false","","Purchase promotion is limited to the category's separately reviewed default component route."
"ge-gtx33easkww__drum-will-not-turn","ge-gtx33easkww","dryer","GE","GTX33EASKWW","exact-code","[""GTX33EASK0WW""]","drum-will-not-turn","true","guided-checks","ge-gtx33easkww::drum-will-not-turn","[{""id"":""ge-dryer-drum"",""kind"":""manufacturer-troubleshooting"",""title"":""GE dryer drum-does-not-turn checks"",""publisher"":""GE Appliances"",""url"":""https://products.geappliances.com/appliance/gea-support-search-content?contentId=17096"",""appliesTo"":""GE dryers; load observation and professional stop; no internal access"",""lastVerified"":""2026-08-29""}]","","false","","Purchase promotion is limited to the category's separately reviewed default component route."
"hotpoint-htx26easwww__door-will-not-close","hotpoint-htx26easwww","dryer","Hotpoint","HTX26EASWWW","exact-code","[""HTX26EASW0WW""]","door-will-not-close","true","purchase-ready","hotpoint-htx26easwww::door-will-not-close","[{""id"":""exp-hotpoint-dryer-start"",""kind"":""manufacturer-troubleshooting"",""title"":""GE Appliances dryer will-not-start guidance"",""publisher"":""GE Appliances"",""url"":""https://products.geappliances.com/appliance/gea-support-search-content?contentId=17381"",""appliesTo"":""Hotpoint electric dryers"",""lastVerified"":""2026-08-27""}]","","true","{""name"":""Dryer strike"",""sku"":""WE01M10007"",""compatibleProductCodes"":[""HTX26EASW0WW""],""installBoundary"":""user-replaceable"",""compatibilityEvidence"":[{""id"":""hotpoint-htx26easwww-we01m10007-fit"",""kind"":""authorized-parts"",""title"":""Exact HTX26EASW0WW visible door-side strike listing"",""publisher"":""GE Appliances Parts"",""url"":""https://www.geapplianceparts.com/store/parts/ModelSectionParts/HTX26EASW0WW/2/0/0/0/FRONT_PANEL_%26_DOOR"",""appliesTo"":""HTX26EASW0WW uses visible door-side strike WE01M10007. Exact model assembly lists diagram 3049 Dryer strike WE01M10007 and offers it for sale."",""lastVerified"":""2026-08-29""},{""id"":""demo-dryer-we01m10007-identity"",""kind"":""authorized-parts"",""title"":""GE Appliances Parts exact door-side strike WE01M10007"",""publisher"":""GE Appliances Parts"",""url"":""https://www.geapplianceparts.com/store/parts/ModelSectionParts/HTX24EASK0WS/2/0/0/0/FRONT_PANEL_%26_DOOR"",""appliesTo"":""Dryer door-side strike WE01M10007; exact appliance fit and observation gate are established separately"",""lastVerified"":""2026-08-29""}],""sellerOffer"":{""provider"":""shopify-global-catalog"",""protocol"":""UCP"",""query"":""WE01M10007 dryer door strike exact SKU"",""exactSku"":""WE01M10007"",""offerCountAtVerification"":10,""lastVerified"":""2026-08-29""}}",""
"hotpoint-htx26easwww__will-not-start","hotpoint-htx26easwww","dryer","Hotpoint","HTX26EASWWW","exact-code","[""HTX26EASW0WW""]","will-not-start","true","guided-checks","hotpoint-htx26easwww::will-not-start","[{""id"":""dryer-ge-hotpoint-dryer-start"",""kind"":""manufacturer-troubleshooting"",""title"":""GE Appliances dryer troubleshooting: Plug, door, cycle, Start control, and breaker checks; exact Hotpoint owner pages link the GE-hosted support library."",""publisher"":""GE Appliances"",""url"":""https://products.geappliances.com/appliance/gea-support-search-content?contentId=17381"",""appliesTo"":""Hotpoint HTX26EASWWW; Content was used only for the stated visible or owner-accessible checks; unsafe and wrong-topology sections are excluded."",""lastVerified"":""2026-08-29""}]","","false","","Purchase promotion is limited to the category's separately reviewed default component route."
"hotpoint-htx26easwww__not-heating","hotpoint-htx26easwww","dryer","Hotpoint","HTX26EASWWW","exact-code","[""HTX26EASW0WW""]","not-heating","true","guided-checks","hotpoint-htx26easwww::not-heating","[{""id"":""dryer-ge-hotpoint-electric-dryer-heat"",""kind"":""manufacturer-troubleshooting"",""title"":""GE Appliances dryer troubleshooting: Heated-cycle, airflow, and household-breaker checks; cord-terminal inspection is excluded."",""publisher"":""GE Appliances"",""url"":""https://products.geappliances.com/appliance/gea-support-search-content?contentId=16921"",""appliesTo"":""Hotpoint HTX26EASWWW; Content was used only for the stated visible or owner-accessible checks; unsafe and wrong-topology sections are excluded."",""lastVerified"":""2026-08-29""}]","","false","","Purchase promotion is limited to the category's separately reviewed default component route."
"hotpoint-htx26easwww__drum-will-not-turn","hotpoint-htx26easwww","dryer","Hotpoint","HTX26EASWWW","exact-code","[""HTX26EASW0WW""]","drum-will-not-turn","true","guided-checks","hotpoint-htx26easwww::drum-will-not-turn","[{""id"":""dryer-ge-hotpoint-dryer-drum"",""kind"":""manufacturer-troubleshooting"",""title"":""GE Appliances dryer troubleshooting: Load observation and service escalation; the manufacturer's hand-turn test is deliberately excluded."",""publisher"":""GE Appliances"",""url"":""https://products.geappliances.com/appliance/gea-support-search-content?contentId=17096"",""appliesTo"":""Hotpoint HTX26EASWWW; Content was used only for the stated visible or owner-accessible checks; unsafe and wrong-topology sections are excluded."",""lastVerified"":""2026-08-29""}]","","false","","Purchase promotion is limited to the category's separately reviewed default component route."
"whirlpool-wed4815ew__door-will-not-close","whirlpool-wed4815ew","dryer","Whirlpool","WED4815EW","exact-code","[""WED4815EW1""]","door-will-not-close","true","purchase-ready","whirlpool-wed4815ew::door-will-not-close","[{""id"":""exp-whirlpool-dryer-start"",""kind"":""manufacturer-troubleshooting"",""title"":""Whirlpool dryer not-starting guidance"",""publisher"":""Whirlpool"",""url"":""https://producthelp.whirlpool.com/Laundry/Dryers/Product_Info/Dryer_Product_Assistance/Dryer_Not_Starting_or_No_Operation"",""appliesTo"":""Whirlpool electric dryers"",""lastVerified"":""2026-08-27""}]","","true","{""name"":""Dryer door catch"",""sku"":""W11429587"",""compatibleProductCodes"":[""WED4815EW1""],""installBoundary"":""user-replaceable"",""compatibilityEvidence"":[{""id"":""whirlpoolparts-wed4815ew1-w11429587"",""kind"":""authorized-parts"",""title"":""WED4815EW1 catch category with one exact catch result"",""publisher"":""Whirlpool Parts"",""url"":""https://www.whirlpoolparts.com/Shop-For-Parts/a8i2691d2145566/Model-WED4815EW1-Dryer-Catch-Parts"",""appliesTo"":""WED4815EW1"",""lastVerified"":""2026-08-27""}],""sellerOffer"":{""provider"":""shopify-global-catalog"",""protocol"":""UCP"",""query"":""Whirlpool W11429587 dryer door catch exact part"",""exactSku"":""W11429587"",""offerCountAtVerification"":13,""lastVerified"":""2026-08-27""}}",""
"whirlpool-wed4815ew__will-not-start","whirlpool-wed4815ew","dryer","Whirlpool","WED4815EW","exact-code","[""WED4815EW1""]","will-not-start","true","guided-checks","whirlpool-wed4815ew::will-not-start","[{""id"":""whirlpool-dryer-start"",""kind"":""manufacturer-troubleshooting"",""title"":""Whirlpool dryer not-starting checks"",""publisher"":""Whirlpool"",""url"":""https://producthelp.whirlpool.com/Laundry/Dryers/Dryer/Operation/Not_Starting/Not_Starting_or_Not_Operating_-_Dryer"",""appliesTo"":""Whirlpool electric dryers; visible controls, door, cycle, and power observations only"",""lastVerified"":""2026-08-29""}]","","false","","Purchase promotion is limited to the category's separately reviewed default component route."
"whirlpool-wed4815ew__not-heating","whirlpool-wed4815ew","dryer","Whirlpool","WED4815EW","exact-code","[""WED4815EW1""]","not-heating","true","guided-checks","whirlpool-wed4815ew::not-heating","[{""id"":""whirlpool-dryer-heat"",""kind"":""manufacturer-troubleshooting"",""title"":""Whirlpool electric dryer not-heating checks"",""publisher"":""Whirlpool"",""url"":""https://producthelp.whirlpool.com/Laundry/Dryers/Dryer/Operation/Not_Heating/Not_Heating_-_Electric_Dryer"",""appliesTo"":""Whirlpool electric dryers; heated cycle, airflow, and household breaker observations only"",""lastVerified"":""2026-08-29""}]","","false","","Purchase promotion is limited to the category's separately reviewed default component route."
"whirlpool-wed4815ew__drum-will-not-turn","whirlpool-wed4815ew","dryer","Whirlpool","WED4815EW","exact-code","[""WED4815EW1""]","drum-will-not-turn","true","guided-checks","whirlpool-wed4815ew::drum-will-not-turn","[{""id"":""whirlpool-dryer-drum"",""kind"":""manufacturer-troubleshooting"",""title"":""Whirlpool dryer not-tumbling checks"",""publisher"":""Whirlpool"",""url"":""https://producthelp.whirlpool.com/Laundry/Dryers/Dryer/Operation/Not_Starting/Not_Tumbling_or_Spinning_-_Dryer"",""appliesTo"":""Whirlpool electric dryers; power, start, and professional-stop observations only"",""lastVerified"":""2026-08-29""}]","","false","","Purchase promotion is limited to the category's separately reviewed default component route."
"whirlpool-wed5050lw__door-will-not-close","whirlpool-wed5050lw","dryer","Whirlpool","WED5050LW","exact-code","[""WED5050LW0""]","door-will-not-close","true","purchase-ready","whirlpool-wed5050lw::door-will-not-close","[{""id"":""exp-whirlpool-dryer-start"",""kind"":""manufacturer-troubleshooting"",""title"":""Whirlpool dryer not-starting guidance"",""publisher"":""Whirlpool"",""url"":""https://producthelp.whirlpool.com/Laundry/Dryers/Product_Info/Dryer_Product_Assistance/Dryer_Not_Starting_or_No_Operation"",""appliesTo"":""Whirlpool electric dryers"",""lastVerified"":""2026-08-27""}]","","true","{""name"":""Dryer door catch"",""sku"":""W11429587"",""compatibleProductCodes"":[""WED5050LW0""],""installBoundary"":""user-replaceable"",""compatibilityEvidence"":[{""id"":""whirlpoolparts-wed5050lw0-w11429587"",""kind"":""authorized-parts"",""title"":""WED5050LW0 latch listing superseding W11224630 with W11429587"",""publisher"":""Whirlpool Parts"",""url"":""https://www.whirlpoolparts.com/Shop-For-Parts/a8b5c72d2454284/Model-WED5050LW0-Whirlpool-Dryer-Latch-Parts"",""appliesTo"":""WED5050LW0"",""lastVerified"":""2026-08-27""}],""sellerOffer"":{""provider"":""shopify-global-catalog"",""protocol"":""UCP"",""query"":""Whirlpool W11429587 dryer door catch exact part"",""exactSku"":""W11429587"",""offerCountAtVerification"":13,""lastVerified"":""2026-08-27""}}",""
"whirlpool-wed5050lw__will-not-start","whirlpool-wed5050lw","dryer","Whirlpool","WED5050LW","exact-code","[""WED5050LW0""]","will-not-start","true","guided-checks","whirlpool-wed5050lw::will-not-start","[{""id"":""whirlpool-dryer-start"",""kind"":""manufacturer-troubleshooting"",""title"":""Whirlpool dryer not-starting checks"",""publisher"":""Whirlpool"",""url"":""https://producthelp.whirlpool.com/Laundry/Dryers/Dryer/Operation/Not_Starting/Not_Starting_or_Not_Operating_-_Dryer"",""appliesTo"":""Whirlpool electric dryers; visible controls, door, cycle, and power observations only"",""lastVerified"":""2026-08-29""}]","","false","","Purchase promotion is limited to the category's separately reviewed default component route."
"whirlpool-wed5050lw__not-heating","whirlpool-wed5050lw","dryer","Whirlpool","WED5050LW","exact-code","[""WED5050LW0""]","not-heating","true","guided-checks","whirlpool-wed5050lw::not-heating","[{""id"":""whirlpool-dryer-heat"",""kind"":""manufacturer-troubleshooting"",""title"":""Whirlpool electric dryer not-heating checks"",""publisher"":""Whirlpool"",""url"":""https://producthelp.whirlpool.com/Laundry/Dryers/Dryer/Operation/Not_Heating/Not_Heating_-_Electric_Dryer"",""appliesTo"":""Whirlpool electric dryers; heated cycle, airflow, and household breaker observations only"",""lastVerified"":""2026-08-29""}]","","false","","Purchase promotion is limited to the category's separately reviewed default component route."
"whirlpool-wed5050lw__drum-will-not-turn","whirlpool-wed5050lw","dryer","Whirlpool","WED5050LW","exact-code","[""WED5050LW0""]","drum-will-not-turn","true","guided-checks","whirlpool-wed5050lw::drum-will-not-turn","[{""id"":""whirlpool-dryer-drum"",""kind"":""manufacturer-troubleshooting"",""title"":""Whirlpool dryer not-tumbling checks"",""publisher"":""Whirlpool"",""url"":""https://producthelp.whirlpool.com/Laundry/Dryers/Dryer/Operation/Not_Starting/Not_Tumbling_or_Spinning_-_Dryer"",""appliesTo"":""Whirlpool electric dryers; power, start, and professional-stop observations only"",""lastVerified"":""2026-08-29""}]","","false","","Purchase promotion is limited to the category's separately reviewed default component route."
"maytag-med6230hw__door-will-not-close","maytag-med6230hw","dryer","Maytag","MED6230HW","family-only","[]","door-will-not-close","true","guided-checks","maytag-med6230hw::door-will-not-close","[{""id"":""exp-maytag-dryer-start"",""kind"":""manufacturer-troubleshooting"",""title"":""Maytag dryer not-starting guidance"",""publisher"":""Maytag"",""url"":""https://producthelp.maytag.com/Laundry/Dryers/Product_Info/Dryer_Product_Assistance/Dryer_Not_Starting_or_No_Operation"",""appliesTo"":""Maytag electric dryers"",""lastVerified"":""2026-08-27""}]","","false","","A complete revision code is not independently verified for this catalog identity."
"maytag-med6230hw__will-not-start","maytag-med6230hw","dryer","Maytag","MED6230HW","family-only","[]","will-not-start","true","guided-checks","maytag-med6230hw::will-not-start","[{""id"":""dryer-maytag-dryer-start"",""kind"":""manufacturer-troubleshooting"",""title"":""Maytag dryer troubleshooting: Door, cycle, Start control, Control Lock, visible power, and household breaker checks."",""publisher"":""Maytag"",""url"":""https://producthelp.maytag.com/Laundry/Dryers/Dryer/Operation/Not_Starting/Not_Starting_or_Not_Operating_-_Dryer"",""appliesTo"":""Maytag MED6500MBK; Content was used only for the stated visible or owner-accessible checks; unsafe and wrong-topology sections are excluded."",""lastVerified"":""2026-08-29""}]","","false","","Purchase promotion is limited to the category's separately reviewed default component route."
"maytag-med6230hw__not-heating","maytag-med6230hw","dryer","Maytag","MED6230HW","family-only","[]","not-heating","true","guided-checks","maytag-med6230hw::not-heating","[{""id"":""dryer-maytag-electric-dryer-heat"",""kind"":""manufacturer-troubleshooting"",""title"":""Maytag dryer troubleshooting: Electric-dryer dual-breaker and Air Only checks; terminal-block instructions are excluded."",""publisher"":""Maytag"",""url"":""https://producthelp.maytag.com/Laundry/Dryers/Dryer/Operation/Not_Heating/Not_Heating_-_Electric_Dryer"",""appliesTo"":""Maytag MED6500MBK; Content was used only for the stated visible or owner-accessible checks; unsafe and wrong-topology sections are excluded."",""lastVerified"":""2026-08-29""}]","","false","","Purchase promotion is limited to the category's separately reviewed default component route."
"maytag-med6230hw__drum-will-not-turn","maytag-med6230hw","dryer","Maytag","MED6230HW","family-only","[]","drum-will-not-turn","true","guided-checks","maytag-med6230hw::drum-will-not-turn","[{""id"":""dryer-maytag-dryer-tumble"",""kind"":""manufacturer-troubleshooting"",""title"":""Maytag dryer troubleshooting: Visible power and Start-control observations followed by service; terminal access is excluded."",""publisher"":""Maytag"",""url"":""https://producthelp.maytag.com/Laundry/Dryers/Dryer/Operation/Not_Starting/Not_Tumbling_or_Spinning_-_Dryer"",""appliesTo"":""Maytag MED6500MBK; Content was used only for the stated visible or owner-accessible checks; unsafe and wrong-topology sections are excluded."",""lastVerified"":""2026-08-29""}]","","false","","Purchase promotion is limited to the category's separately reviewed default component route."
"maytag-med7230hw__door-will-not-close","maytag-med7230hw","dryer","Maytag","MED7230HW","family-only","[]","door-will-not-close","true","guided-checks","maytag-med7230hw::door-will-not-close","[{""id"":""exp-maytag-dryer-start"",""kind"":""manufacturer-troubleshooting"",""title"":""Maytag dryer not-starting guidance"",""publisher"":""Maytag"",""url"":""https://producthelp.maytag.com/Laundry/Dryers/Product_Info/Dryer_Product_Assistance/Dryer_Not_Starting_or_No_Operation"",""appliesTo"":""Maytag electric dryers"",""lastVerified"":""2026-08-27""}]","","false","","A complete revision code is not independently verified for this catalog identity."
"maytag-med7230hw__will-not-start","maytag-med7230hw","dryer","Maytag","MED7230HW","family-only","[]","will-not-start","true","guided-checks","maytag-med7230hw::will-not-start","[{""id"":""dryer-maytag-dryer-start"",""kind"":""manufacturer-troubleshooting"",""title"":""Maytag dryer troubleshooting: Door, cycle, Start control, Control Lock, visible power, and household breaker checks."",""publisher"":""Maytag"",""url"":""https://producthelp.maytag.com/Laundry/Dryers/Dryer/Operation/Not_Starting/Not_Starting_or_Not_Operating_-_Dryer"",""appliesTo"":""Maytag MED6500MBK; Content was used only for the stated visible or owner-accessible checks; unsafe and wrong-topology sections are excluded."",""lastVerified"":""2026-08-29""}]","","false","","Purchase promotion is limited to the category's separately reviewed default component route."
"maytag-med7230hw__not-heating","maytag-med7230hw","dryer","Maytag","MED7230HW","family-only","[]","not-heating","true","guided-checks","maytag-med7230hw::not-heating","[{""id"":""dryer-maytag-electric-dryer-heat"",""kind"":""manufacturer-troubleshooting"",""title"":""Maytag dryer troubleshooting: Electric-dryer dual-breaker and Air Only checks; terminal-block instructions are excluded."",""publisher"":""Maytag"",""url"":""https://producthelp.maytag.com/Laundry/Dryers/Dryer/Operation/Not_Heating/Not_Heating_-_Electric_Dryer"",""appliesTo"":""Maytag MED6500MBK; Content was used only for the stated visible or owner-accessible checks; unsafe and wrong-topology sections are excluded."",""lastVerified"":""2026-08-29""}]","","false","","Purchase promotion is limited to the category's separately reviewed default component route."
"maytag-med7230hw__drum-will-not-turn","maytag-med7230hw","dryer","Maytag","MED7230HW","family-only","[]","drum-will-not-turn","true","guided-checks","maytag-med7230hw::drum-will-not-turn","[{""id"":""dryer-maytag-dryer-tumble"",""kind"":""manufacturer-troubleshooting"",""title"":""Maytag dryer troubleshooting: Visible power and Start-control observations followed by service; terminal access is excluded."",""publisher"":""Maytag"",""url"":""https://producthelp.maytag.com/Laundry/Dryers/Dryer/Operation/Not_Starting/Not_Tumbling_or_Spinning_-_Dryer"",""appliesTo"":""Maytag MED6500MBK; Content was used only for the stated visible or owner-accessible checks; unsafe and wrong-topology sections are excluded."",""lastVerified"":""2026-08-29""}]","","false","","Purchase promotion is limited to the category's separately reviewed default component route."
"amana-ned5800hw__door-will-not-close","amana-ned5800hw","dryer","Amana","NED5800HW","family-only","[]","door-will-not-close","true","guided-checks","amana-ned5800hw::door-will-not-close","[{""id"":""exp-amana-dryer-start"",""kind"":""manufacturer-troubleshooting"",""title"":""Amana dryer not-starting guidance"",""publisher"":""Amana"",""url"":""https://producthelp.amana.com/Laundry/Dryers/Product_Info/Dryer_Product_Assistance/Dryer_Not_Starting_or_No_Operation"",""appliesTo"":""Amana electric dryers"",""lastVerified"":""2026-08-27""}]","","false","","A complete revision code is not independently verified for this catalog identity."
"amana-ned5800hw__will-not-start","amana-ned5800hw","dryer","Amana","NED5800HW","family-only","[]","will-not-start","true","guided-checks","amana-ned5800hw::will-not-start","[{""id"":""dryer-amana-dryer-start"",""kind"":""manufacturer-troubleshooting"",""title"":""Amana dryer troubleshooting: Door, cycle, Start control, Control Lock, and visible power checks."",""publisher"":""Amana"",""url"":""https://producthelp.amana.com/Laundry/Dryers/Dryer/Operation/Not_Starting/Not_Starting_or_Not_Operating_-_Dryer"",""appliesTo"":""Amana NED5800HW; Content was used only for the stated visible or owner-accessible checks; unsafe and wrong-topology sections are excluded."",""lastVerified"":""2026-08-29""}]","","false","","Purchase promotion is limited to the category's separately reviewed default component route."
"amana-ned5800hw__not-heating","amana-ned5800hw","dryer","Amana","NED5800HW","family-only","[]","not-heating","true","guided-checks","amana-ned5800hw::not-heating","[{""id"":""dryer-amana-electric-dryer-heat"",""kind"":""manufacturer-troubleshooting"",""title"":""Amana dryer troubleshooting: Air Only, external vent, and electric-dryer dual-breaker checks; terminal access is excluded."",""publisher"":""Amana"",""url"":""https://producthelp.amana.com/Laundry/Dryers/Product_Info/Dryer_Product_Assistance/Dryer_is_Not_Heating"",""appliesTo"":""Amana NED5800HW; Content was used only for the stated visible or owner-accessible checks; unsafe and wrong-topology sections are excluded."",""lastVerified"":""2026-08-29""}]","","false","","Purchase promotion is limited to the category's separately reviewed default component route."
"amana-ned5800hw__drum-will-not-turn","amana-ned5800hw","dryer","Amana","NED5800HW","family-only","[]","drum-will-not-turn","true","guided-checks","amana-ned5800hw::drum-will-not-turn","[{""id"":""dryer-amana-dryer-tumble"",""kind"":""manufacturer-troubleshooting"",""title"":""Amana dryer troubleshooting: Visible power and Start-control observations followed by service; terminal access is excluded."",""publisher"":""Amana"",""url"":""https://producthelp.amana.com/Laundry/Dryers/Dryer/Operation/Not_Starting/Not_Tumbling_or_Spinning_-_Dryer"",""appliesTo"":""Amana NED5800HW; Content was used only for the stated visible or owner-accessible checks; unsafe and wrong-topology sections are excluded."",""lastVerified"":""2026-08-29""}]","","false","","Purchase promotion is limited to the category's separately reviewed default component route."
"samsung-dve50t5300ca3__door-will-not-close","samsung-dve50t5300ca3","dryer","Samsung","DVE50T5300C/A3","exact-code","[""DVE50T5300C/A3""]","door-will-not-close","true","guided-checks","samsung-dve50t5300ca3::door-will-not-close","[{""id"":""exp-samsung-dryer-door"",""kind"":""manufacturer-troubleshooting"",""title"":""Samsung dryer door-error guidance"",""publisher"":""Samsung"",""url"":""https://www.samsung.com/us/support/troubleshoot/TSG10001006/"",""appliesTo"":""Samsung electric dryers"",""lastVerified"":""2026-08-27""}]","","false","","No accepted complete-revision → one exact-SKU compatibility chain plus separately verified seller offer is recorded."
"samsung-dve50t5300ca3__will-not-start","samsung-dve50t5300ca3","dryer","Samsung","DVE50T5300C/A3","exact-code","[""DVE50T5300C/A3""]","will-not-start","true","guided-checks","samsung-dve50t5300ca3::will-not-start","[{""id"":""samsung-dryer-start-drum"",""kind"":""manufacturer-troubleshooting"",""title"":""Samsung dryer start and spin checks"",""publisher"":""Samsung"",""url"":""https://www.samsung.com/us/support/troubleshoot/TSG10007168/"",""appliesTo"":""Samsung dryers; error, child-lock, cycle-start, door, and service-stop observations only"",""lastVerified"":""2026-08-29""}]","","false","","Purchase promotion is limited to the category's separately reviewed default component route."
"samsung-dve50t5300ca3__not-heating","samsung-dve50t5300ca3","dryer","Samsung","DVE50T5300C/A3","exact-code","[""DVE50T5300C/A3""]","not-heating","true","guided-checks","samsung-dve50t5300ca3::not-heating","[{""id"":""samsung-dryer-heat"",""kind"":""manufacturer-troubleshooting"",""title"":""Samsung dryer no-heat and airflow checks"",""publisher"":""Samsung"",""url"":""https://www.samsung.com/us/support/troubleshoot/TSG10001001/"",""appliesTo"":""Samsung vented electric dryers; timed-cycle, lint screen, and visible vent observations only"",""lastVerified"":""2026-08-29""}]","","false","","Purchase promotion is limited to the category's separately reviewed default component route."
"samsung-dve50t5300ca3__drum-will-not-turn","samsung-dve50t5300ca3","dryer","Samsung","DVE50T5300C/A3","exact-code","[""DVE50T5300C/A3""]","drum-will-not-turn","true","guided-checks","samsung-dve50t5300ca3::drum-will-not-turn","[{""id"":""samsung-dryer-start-drum"",""kind"":""manufacturer-troubleshooting"",""title"":""Samsung dryer start and spin checks"",""publisher"":""Samsung"",""url"":""https://www.samsung.com/us/support/troubleshoot/TSG10007168/"",""appliesTo"":""Samsung dryers; error, child-lock, cycle-start, door, and service-stop observations only"",""lastVerified"":""2026-08-29""}]","","false","","Purchase promotion is limited to the category's separately reviewed default component route."
"samsung-dve45b6300pa3__door-will-not-close","samsung-dve45b6300pa3","dryer","Samsung","DVE45B6300P/A3","exact-code","[""DVE45B6300P/A3""]","door-will-not-close","true","purchase-ready","samsung-dve45b6300pa3::door-will-not-close","[{""id"":""exp-samsung-dryer-door"",""kind"":""manufacturer-troubleshooting"",""title"":""Samsung dryer door-error guidance"",""publisher"":""Samsung"",""url"":""https://www.samsung.com/us/support/troubleshoot/TSG10001006/"",""appliesTo"":""Samsung electric dryers"",""lastVerified"":""2026-08-27""}]","","true","{""name"":""Samsung dryer door lever"",""sku"":""DC66-00814A"",""compatibleProductCodes"":[""DVE45B6300P/A3""],""installBoundary"":""professional-only"",""compatibilityEvidence"":[{""id"":""samsung-dve45b6300pa3-dc66-00814a-bom"",""kind"":""authorized-parts"",""title"":""Exact Samsung service BOM placing DC66-00814A inside the door module"",""publisher"":""Encompass"",""url"":""https://research.encompass.com/SMG/sb/ExplodedView_DVE45B6300P_A3_0000.pdf"",""appliesTo"":""Samsung DVE45B6300P/A3 uses door-side lever DC66-00814A; the BOM separately identifies the cabinet holder and door switch"",""lastVerified"":""2026-08-29""},{""id"":""samsung-dc66-00814a-identity-2026-08-29"",""kind"":""authorized-parts"",""title"":""Samsung service BOM identifying DC66-00814A as the door lever"",""publisher"":""Encompass"",""url"":""https://research.encompass.com/SMG/sb/ExplodedView_DVE45T6000W_A3_0000.pdf"",""appliesTo"":""Samsung service part DC66-00814A is the door-side lever; exact dryer fit is established separately for each complete model code"",""lastVerified"":""2026-08-29""}],""sellerOffer"":{""provider"":""shopify-global-catalog"",""protocol"":""UCP"",""query"":""Samsung DC66-00814A dryer door lever exact part"",""exactSku"":""DC66-00814A"",""offerCountAtVerification"":6,""lastVerified"":""2026-08-29""}}",""
"samsung-dve45b6300pa3__will-not-start","samsung-dve45b6300pa3","dryer","Samsung","DVE45B6300P/A3","exact-code","[""DVE45B6300P/A3""]","will-not-start","true","guided-checks","samsung-dve45b6300pa3::will-not-start","[{""id"":""samsung-dryer-start-drum"",""kind"":""manufacturer-troubleshooting"",""title"":""Samsung dryer start and spin checks"",""publisher"":""Samsung"",""url"":""https://www.samsung.com/us/support/troubleshoot/TSG10007168/"",""appliesTo"":""Samsung dryers; error, child-lock, cycle-start, door, and service-stop observations only"",""lastVerified"":""2026-08-29""}]","","false","","Purchase promotion is limited to the category's separately reviewed default component route."
"samsung-dve45b6300pa3__not-heating","samsung-dve45b6300pa3","dryer","Samsung","DVE45B6300P/A3","exact-code","[""DVE45B6300P/A3""]","not-heating","true","guided-checks","samsung-dve45b6300pa3::not-heating","[{""id"":""samsung-dryer-heat"",""kind"":""manufacturer-troubleshooting"",""title"":""Samsung dryer no-heat and airflow checks"",""publisher"":""Samsung"",""url"":""https://www.samsung.com/us/support/troubleshoot/TSG10001001/"",""appliesTo"":""Samsung vented electric dryers; timed-cycle, lint screen, and visible vent observations only"",""lastVerified"":""2026-08-29""}]","","false","","Purchase promotion is limited to the category's separately reviewed default component route."
"samsung-dve45b6300pa3__drum-will-not-turn","samsung-dve45b6300pa3","dryer","Samsung","DVE45B6300P/A3","exact-code","[""DVE45B6300P/A3""]","drum-will-not-turn","true","guided-checks","samsung-dve45b6300pa3::drum-will-not-turn","[{""id"":""samsung-dryer-start-drum"",""kind"":""manufacturer-troubleshooting"",""title"":""Samsung dryer start and spin checks"",""publisher"":""Samsung"",""url"":""https://www.samsung.com/us/support/troubleshoot/TSG10007168/"",""appliesTo"":""Samsung dryers; error, child-lock, cycle-start, door, and service-stop observations only"",""lastVerified"":""2026-08-29""}]","","false","","Purchase promotion is limited to the category's separately reviewed default component route."
"lg-dle6100w__door-will-not-close","lg-dle6100w","dryer","LG","DLE6100W","exact-code","[""DLE6100W.ABWETUS""]","door-will-not-close","true","purchase-ready","lg-dle6100w::door-will-not-close","[{""id"":""exp-lg-dryer-door"",""kind"":""manufacturer-troubleshooting"",""title"":""LG dryer door-error guidance"",""publisher"":""LG"",""url"":""https://www.lg.com/us/support/help-library/lg-dryer-error-code-list--20152310891742"",""appliesTo"":""LG electric dryers"",""lastVerified"":""2026-08-27""}]","","true","{""name"":""LG dryer door hook"",""sku"":""4026EL3007C"",""compatibleProductCodes"":[""DLE6100W.ABWETUS""],""installBoundary"":""user-replaceable"",""compatibilityEvidence"":[{""id"":""lg-dle6100w-abwetus-4026el3007c"",""kind"":""authorized-parts"",""title"":""LG-authorized exact-revision diagram naming door-side hook 4026EL3007C"",""publisher"":""Encompass"",""url"":""https://partstore.encompass.com/model/ZENDLE6100W/ABWETUS/"",""appliesTo"":""LG DLE6100W.ABWETUS uses door-side hook 4026EL3007C at schematic location A410"",""lastVerified"":""2026-08-29""},{""id"":""lg-4026el3007c-identity-2026-08-29"",""kind"":""authorized-parts"",""title"":""LG-authorized Encompass 4026EL3007C Hook Locker page"",""publisher"":""Encompass"",""url"":""https://partstore.encompass.com/item/9772625/LG/4026EL3007C/"",""appliesTo"":""LG hook locker 4026EL3007C; exact dryer fit is established on authorized model diagrams"",""lastVerified"":""2026-08-29""}],""sellerOffer"":{""provider"":""shopify-global-catalog"",""protocol"":""UCP"",""query"":""LG 4026EL3007C dryer door hook exact part"",""exactSku"":""4026EL3007C"",""offerCountAtVerification"":10,""lastVerified"":""2026-08-29""}}",""
"lg-dle6100w__will-not-start","lg-dle6100w","dryer","LG","DLE6100W","exact-code","[""DLE6100W.ABWETUS""]","will-not-start","true","guided-checks","lg-dle6100w::will-not-start","[{""id"":""lg-dryer-start"",""kind"":""manufacturer-troubleshooting"",""title"":""LG dryer power and start checks"",""publisher"":""LG"",""url"":""https://www.lg.com/us/support/help-library/power-issues-laundry-dryer--20150394890820"",""appliesTo"":""LG electric dryers; visible power, control-lock, door, and cycle observations only"",""lastVerified"":""2026-08-29""}]","","false","","Purchase promotion is limited to the category's separately reviewed default component route."
"lg-dle6100w__not-heating","lg-dle6100w","dryer","LG","DLE6100W","exact-code","[""DLE6100W.ABWETUS""]","not-heating","true","guided-checks","lg-dle6100w::not-heating","[{""id"":""lg-dryer-heat"",""kind"":""manufacturer-troubleshooting"",""title"":""LG dryer not-heating checks"",""publisher"":""LG"",""url"":""https://www.lg.com/us/support/help-library/not-heating-not-drying-or-long-time-drying-CT10000011-1432223739634"",""appliesTo"":""LG electric dryers; cycle, lint screen, and household vent observations only"",""lastVerified"":""2026-08-29""}]","","false","","Purchase promotion is limited to the category's separately reviewed default component route."
"lg-dle6100w__drum-will-not-turn","lg-dle6100w","dryer","LG","DLE6100W","exact-code","[""DLE6100W.ABWETUS""]","drum-will-not-turn","true","guided-checks","lg-dle6100w::drum-will-not-turn","[{""id"":""lg-dryer-drum"",""kind"":""manufacturer-troubleshooting"",""title"":""LG dryer drum-not-turning checks"",""publisher"":""LG"",""url"":""https://www.lg.com/us/support/help-library/lg-dryer-dryer-drum-not-turning--20154713270264"",""appliesTo"":""All LG dryer models; load, door, and service-stop observations only"",""lastVerified"":""2026-08-29""}]","","false","","Purchase promotion is limited to the category's separately reviewed default component route."
"lg-dlex4000w__door-will-not-close","lg-dlex4000w","dryer","LG","DLEX4000W","exact-code","[""DLEX4000W.ABWEUUS""]","door-will-not-close","true","guided-checks","lg-dlex4000w::door-will-not-close","[{""id"":""exp-lg-dryer-door"",""kind"":""manufacturer-troubleshooting"",""title"":""LG dryer door-error guidance"",""publisher"":""LG"",""url"":""https://www.lg.com/us/support/help-library/lg-dryer-error-code-list--20152310891742"",""appliesTo"":""LG electric dryers"",""lastVerified"":""2026-08-27""}]","","false","","No accepted complete-revision → one exact-SKU compatibility chain plus separately verified seller offer is recorded."
"lg-dlex4000w__will-not-start","lg-dlex4000w","dryer","LG","DLEX4000W","exact-code","[""DLEX4000W.ABWEUUS""]","will-not-start","true","guided-checks","lg-dlex4000w::will-not-start","[{""id"":""lg-dryer-start"",""kind"":""manufacturer-troubleshooting"",""title"":""LG dryer power and start checks"",""publisher"":""LG"",""url"":""https://www.lg.com/us/support/help-library/power-issues-laundry-dryer--20150394890820"",""appliesTo"":""LG electric dryers; visible power, control-lock, door, and cycle observations only"",""lastVerified"":""2026-08-29""}]","","false","","Purchase promotion is limited to the category's separately reviewed default component route."
"lg-dlex4000w__not-heating","lg-dlex4000w","dryer","LG","DLEX4000W","exact-code","[""DLEX4000W.ABWEUUS""]","not-heating","true","guided-checks","lg-dlex4000w::not-heating","[{""id"":""lg-dryer-heat"",""kind"":""manufacturer-troubleshooting"",""title"":""LG dryer not-heating checks"",""publisher"":""LG"",""url"":""https://www.lg.com/us/support/help-library/not-heating-not-drying-or-long-time-drying-CT10000011-1432223739634"",""appliesTo"":""LG electric dryers; cycle, lint screen, and household vent observations only"",""lastVerified"":""2026-08-29""}]","","false","","Purchase promotion is limited to the category's separately reviewed default component route."
"lg-dlex4000w__drum-will-not-turn","lg-dlex4000w","dryer","LG","DLEX4000W","exact-code","[""DLEX4000W.ABWEUUS""]","drum-will-not-turn","true","guided-checks","lg-dlex4000w::drum-will-not-turn","[{""id"":""lg-dryer-drum"",""kind"":""manufacturer-troubleshooting"",""title"":""LG dryer drum-not-turning checks"",""publisher"":""LG"",""url"":""https://www.lg.com/us/support/help-library/lg-dryer-dryer-drum-not-turning--20154713270264"",""appliesTo"":""All LG dryer models; load, door, and service-stop observations only"",""lastVerified"":""2026-08-29""}]","","false","","Purchase promotion is limited to the category's separately reviewed default component route."
"electrolux-elfe7337aw__door-will-not-close","electrolux-elfe7337aw","dryer","Electrolux","ELFE7337AW","family-only","[]","door-will-not-close","true","guided-checks","electrolux-elfe7337aw::door-will-not-close","[{""id"":""exp-electrolux-dryer-start"",""kind"":""manufacturer-troubleshooting"",""title"":""Electrolux dryer not-starting guidance"",""publisher"":""Electrolux"",""url"":""https://owner.electrolux.com/support-articles/article/1853009-what-should-i-do-if-my-dryer-does-not-start-"",""appliesTo"":""Electrolux electric dryers"",""lastVerified"":""2026-08-27""}]","","false","","A complete revision code is not independently verified for this catalog identity."
"electrolux-elfe7337aw__will-not-start","electrolux-elfe7337aw","dryer","Electrolux","ELFE7337AW","family-only","[]","will-not-start","true","guided-checks","electrolux-elfe7337aw::will-not-start","[{""id"":""dryer-electrolux-dryer-start"",""kind"":""manufacturer-troubleshooting"",""title"":""Electrolux dryer troubleshooting: Start control, cycle selector, door, plug, and household breaker checks."",""publisher"":""Electrolux"",""url"":""https://owner.electrolux.com/support-articles/article/1853009-what-should-i-do-if-my-dryer-does-not-start-"",""appliesTo"":""Electrolux ELFE7437AW; Content was used only for the stated visible or owner-accessible checks; unsafe and wrong-topology sections are excluded."",""lastVerified"":""2026-08-29""}]","","false","","Purchase promotion is limited to the category's separately reviewed default component route."
"electrolux-elfe7337aw__not-heating","electrolux-elfe7337aw","dryer","Electrolux","ELFE7337AW","family-only","[]","not-heating","true","guided-checks","electrolux-elfe7337aw::not-heating","[{""id"":""dryer-electrolux-electric-dryer-heat"",""kind"":""manufacturer-troubleshooting"",""title"":""Electrolux dryer troubleshooting: Electric-dryer dual-circuit and Air Fluff checks; outlet verification is professional-only."",""publisher"":""Electrolux"",""url"":""https://owner.electrolux.com/support-articles/article/1853007-my-dryer-is-running-but-does-not-seem-to-be-heating-what-should-i-do-"",""appliesTo"":""Electrolux ELFE7437AW; Content was used only for the stated visible or owner-accessible checks; unsafe and wrong-topology sections are excluded."",""lastVerified"":""2026-08-29""}]","","false","","Purchase promotion is limited to the category's separately reviewed default component route."
"electrolux-elfe7337aw__drum-will-not-turn","electrolux-elfe7337aw","dryer","Electrolux","ELFE7337AW","family-only","[]","drum-will-not-turn","true","guided-checks","electrolux-elfe7337aw::drum-will-not-turn","[{""id"":""dryer-electrolux-dryer-stop-overload"",""kind"":""manufacturer-troubleshooting"",""title"":""Electrolux dryer troubleshooting: Overload reduction, cool-down, and service stop for the thermal limiter."",""publisher"":""Electrolux"",""url"":""https://owner.electrolux.com/support-articles/article/1853011-what-should-i-do-if-my-dryer-stops-operating-?locale=en-US"",""appliesTo"":""Electrolux ELFE7437AW; Content was used only for the stated visible or owner-accessible checks; unsafe and wrong-topology sections are excluded."",""lastVerified"":""2026-08-29""}]","","false","","Purchase promotion is limited to the category's separately reviewed default component route."
"frigidaire-flve7000aw__door-will-not-close","frigidaire-flve7000aw","dryer","Frigidaire","FLVE7000AW","family-only","[]","door-will-not-close","true","guided-checks","frigidaire-flve7000aw::door-will-not-close","[{""id"":""exp-frigidaire-dryer-start"",""kind"":""manufacturer-troubleshooting"",""title"":""Frigidaire dryer not-starting guidance"",""publisher"":""Frigidaire"",""url"":""https://owner.frigidaire.com/support-articles/article/1853009-what-should-i-do-if-my-dryer-does-not-start-"",""appliesTo"":""Frigidaire electric dryers"",""lastVerified"":""2026-08-27""}]","","false","","A complete revision code is not independently verified for this catalog identity."
"frigidaire-flve7000aw__will-not-start","frigidaire-flve7000aw","dryer","Frigidaire","FLVE7000AW","family-only","[]","will-not-start","true","guided-checks","frigidaire-flve7000aw::will-not-start","[{""id"":""dryer-frigidaire-dryer-start"",""kind"":""manufacturer-troubleshooting"",""title"":""Frigidaire dryer troubleshooting: Start control, cycle selector, door, plug, and household breaker checks."",""publisher"":""Frigidaire"",""url"":""https://owner.frigidaire.com/support-articles/article/1853009-what-should-i-do-if-my-dryer-does-not-start-"",""appliesTo"":""Frigidaire FLVE7000AW; Content was used only for the stated visible or owner-accessible checks; unsafe and wrong-topology sections are excluded."",""lastVerified"":""2026-08-29""}]","","false","","Purchase promotion is limited to the category's separately reviewed default component route."
"frigidaire-flve7000aw__not-heating","frigidaire-flve7000aw","dryer","Frigidaire","FLVE7000AW","family-only","[]","not-heating","true","guided-checks","frigidaire-flve7000aw::not-heating","[{""id"":""dryer-frigidaire-electric-dryer-heat"",""kind"":""manufacturer-troubleshooting"",""title"":""Frigidaire dryer troubleshooting: Electric-dryer dual-circuit and Air Fluff checks; outlet verification is professional-only."",""publisher"":""Frigidaire"",""url"":""https://owner.frigidaire.com/support-articles/article/1853007-my-dryer-is-running-but-does-not-seem-to-be-heating-what-should-i-do-"",""appliesTo"":""Frigidaire FLVE7000AW; Content was used only for the stated visible or owner-accessible checks; unsafe and wrong-topology sections are excluded."",""lastVerified"":""2026-08-29""}]","","false","","Purchase promotion is limited to the category's separately reviewed default component route."
"frigidaire-flve7000aw__drum-will-not-turn","frigidaire-flve7000aw","dryer","Frigidaire","FLVE7000AW","family-only","[]","drum-will-not-turn","true","guided-checks","frigidaire-flve7000aw::drum-will-not-turn","[{""id"":""dryer-frigidaire-dryer-stop-overload"",""kind"":""manufacturer-troubleshooting"",""title"":""Frigidaire dryer troubleshooting: Overload reduction, cool-down, and service stop for the thermal limiter."",""publisher"":""Frigidaire"",""url"":""https://owner.frigidaire.com/support-articles/article/1853011-what-should-i-do-if-my-dryer-stops-operating-"",""appliesTo"":""Frigidaire FLVE7000AW; Content was used only for the stated visible or owner-accessible checks; unsafe and wrong-topology sections are excluded."",""lastVerified"":""2026-08-29""}]","","false","","Purchase promotion is limited to the category's separately reviewed default component route."
"bosch-wtg86403uc01__door-will-not-close","bosch-wtg86403uc01","dryer","Bosch","WTG86403UC/01","exact-code","[""WTG86403UC/01""]","door-will-not-close","true","guided-checks","bosch-wtg86403uc01::door-will-not-close","[{""id"":""exp-bosch-compact-dryer-support"",""kind"":""manufacturer-troubleshooting"",""title"":""Bosch WTG86403UC/01 product support and self-help"",""publisher"":""Bosch"",""url"":""https://www.bosch-home.com/us/en/productservice/WTG86403UC-01"",""appliesTo"":""Bosch WTG86403UC/01 visible door checks"",""lastVerified"":""2026-08-27""}]","","false","","No accepted complete-revision → one exact-SKU compatibility chain plus separately verified seller offer is recorded."
"bosch-wtg86403uc01__will-not-start","bosch-wtg86403uc01","dryer","Bosch","WTG86403UC/01","exact-code","[""WTG86403UC/01""]","will-not-start","true","guided-checks","bosch-wtg86403uc01::will-not-start","[{""id"":""dryer-bosch-dryer-start"",""kind"":""manufacturer-troubleshooting"",""title"":""Bosch dryer troubleshooting: Plug, door, program, breaker, and professional-stop checks."",""publisher"":""Bosch"",""url"":""https://www.bosch-home.com/us/owner-support/get-support/support-selfhelp-dryers-repair-dryer-not-switching-on"",""appliesTo"":""Bosch WTG86403UC/01; Content was used only for the stated visible or owner-accessible checks; unsafe and wrong-topology sections are excluded."",""lastVerified"":""2026-08-29""},{""id"":""dryer-bosch-wtg86403uc01-manual"",""kind"":""manufacturer-troubleshooting"",""title"":""Bosch dryer troubleshooting: Exact WTG86403UC manual identifies condensation topology, lint filter, condenser, programs, and troubleshooting boundaries."",""publisher"":""Bosch"",""url"":""https://media3.bosch-home.com/Documents/9001883723_A.pdf"",""appliesTo"":""Bosch WTG86403UC/01; Content was used only for the stated visible or owner-accessible checks; unsafe and wrong-topology sections are excluded."",""lastVerified"":""2026-08-29""}]","","false","","Purchase promotion is limited to the category's separately reviewed default component route."
"bosch-wtg86403uc01__not-heating","bosch-wtg86403uc01","dryer","Bosch","WTG86403UC/01","exact-code","[""WTG86403UC/01""]","not-heating","true","guided-checks","bosch-wtg86403uc01::not-heating","[{""id"":""dryer-bosch-dryer-heat"",""kind"":""manufacturer-troubleshooting"",""title"":""Bosch dryer troubleshooting: No-heat condition is explicitly professional-diagnosis-only."",""publisher"":""Bosch"",""url"":""https://www.bosch-home.com/us/owner-support/get-support/support-selfhelp-dryers-repair-dryer-not-getting-warm"",""appliesTo"":""Bosch WTG86403UC/01; Content was used only for the stated visible or owner-accessible checks; unsafe and wrong-topology sections are excluded."",""lastVerified"":""2026-08-29""},{""id"":""dryer-bosch-wtg86403uc01-manual"",""kind"":""manufacturer-troubleshooting"",""title"":""Bosch dryer troubleshooting: Exact WTG86403UC manual identifies condensation topology, lint filter, condenser, programs, and troubleshooting boundaries."",""publisher"":""Bosch"",""url"":""https://media3.bosch-home.com/Documents/9001883723_A.pdf"",""appliesTo"":""Bosch WTG86403UC/01; Content was used only for the stated visible or owner-accessible checks; unsafe and wrong-topology sections are excluded."",""lastVerified"":""2026-08-29""}]","","false","","Purchase promotion is limited to the category's separately reviewed default component route."
"bosch-wtg86403uc01__drum-will-not-turn","bosch-wtg86403uc01","dryer","Bosch","WTG86403UC/01","exact-code","[""WTG86403UC/01""]","drum-will-not-turn","true","guided-checks","bosch-wtg86403uc01::drum-will-not-turn","[{""id"":""dryer-bosch-dryer-drum"",""kind"":""manufacturer-troubleshooting"",""title"":""Bosch dryer troubleshooting: Plug and door checks followed by Bosch support; no drum manipulation."",""publisher"":""Bosch"",""url"":""https://www.bosch-home.com/us/owner-support/get-support/support-selfhelp-dryers-repair-dryer-drum-not-spinning"",""appliesTo"":""Bosch WTG86403UC/01; Content was used only for the stated visible or owner-accessible checks; unsafe and wrong-topology sections are excluded."",""lastVerified"":""2026-08-29""},{""id"":""dryer-bosch-wtg86403uc01-manual"",""kind"":""manufacturer-troubleshooting"",""title"":""Bosch dryer troubleshooting: Exact WTG86403UC manual identifies condensation topology, lint filter, condenser, programs, and troubleshooting boundaries."",""publisher"":""Bosch"",""url"":""https://media3.bosch-home.com/Documents/9001883723_A.pdf"",""appliesTo"":""Bosch WTG86403UC/01; Content was used only for the stated visible or owner-accessible checks; unsafe and wrong-topology sections are excluded."",""lastVerified"":""2026-08-29""}]","","false","","Purchase promotion is limited to the category's separately reviewed default component route."
"lg-wm4000hba__will-not-drain","lg-wm4000hba","washer","LG","WM4000HBA","exact-code","[""WM4000HBA.ABLEVUS""]","will-not-drain","true","guided-checks","lg-wm4000hba::will-not-drain","[{""id"":""exp-lg-front-washer-drain"",""kind"":""manufacturer-troubleshooting"",""title"":""LG washer water-not-draining guidance"",""publisher"":""LG"",""url"":""https://www.lg.com/us/support/help-library/lg-washing-machine-water-not-draining--20154726902590"",""appliesTo"":""LG front-load washers"",""lastVerified"":""2026-08-27""},{""id"":""exp-lg-front-washer-filter"",""kind"":""manufacturer-troubleshooting"",""title"":""LG drain-pump filter cleaning"",""publisher"":""LG"",""url"":""https://www.lg.com/us/support/help-library/lg-washer-how-to-clean-the-drain-pump-filter--20150206838321"",""appliesTo"":""LG front-load washers with the documented filter door"",""lastVerified"":""2026-08-27""}]","","false","","No accepted complete-revision → one exact-SKU compatibility chain plus separately verified seller offer is recorded."
"lg-wm4000hba__door-will-not-close","lg-wm4000hba","washer","LG","WM4000HBA","exact-code","[""WM4000HBA.ABLEVUS""]","door-will-not-close","true","guided-checks","lg-wm4000hba::door-will-not-close","[{""id"":""lg-front-washer-door"",""kind"":""manufacturer-troubleshooting"",""title"":""LG front-load washer dE/dE1/dE2 door errors"",""publisher"":""LG"",""url"":""https://www.lg.com/us/support/help-library/front-load-washer-what-are-de-de1-and-de2-error-codes--1400508168566"",""appliesTo"":""LG front-load washers; all-model article with model-dependent visuals"",""lastVerified"":""2026-08-28""}]","","false","","Purchase promotion is limited to the category's separately reviewed default component route."
"lg-wm4000hba__will-not-start","lg-wm4000hba","washer","LG","WM4000HBA","exact-code","[""WM4000HBA.ABLEVUS""]","will-not-start","true","guided-checks","lg-wm4000hba::will-not-start","[{""id"":""lg-washer-start"",""kind"":""manufacturer-troubleshooting"",""title"":""LG washer unresponsive-control checks"",""publisher"":""LG"",""url"":""https://www.lg.com/us/support/help-library/lg-washer-troubleshooting-unresponsive-washer-buttons-CT10000012-20152367429605"",""appliesTo"":""LG front- and top-load washers; visible controls and lock state only"",""lastVerified"":""2026-08-29""}]","","false","","Purchase promotion is limited to the category's separately reviewed default component route."
"lg-wm4000hba__will-not-spin","lg-wm4000hba","washer","LG","WM4000HBA","exact-code","[""WM4000HBA.ABLEVUS""]","will-not-spin","true","guided-checks","lg-wm4000hba::will-not-spin","[{""id"":""lg-washer-spin"",""kind"":""manufacturer-troubleshooting"",""title"":""LG washer drum-not-spinning checks"",""publisher"":""LG"",""url"":""https://www.lg.com/us/support/help-library/lg-washer-troubleshooting-washing-machine-drum-not-spinning-CT10000010-20150584818000"",""appliesTo"":""LG front- and top-load washers; load, drain, and closure observations only"",""lastVerified"":""2026-08-29""}]","","false","","Purchase promotion is limited to the category's separately reviewed default component route."
"lg-wm4000hba__is-leaking","lg-wm4000hba","washer","LG","WM4000HBA","exact-code","[""WM4000HBA.ABLEVUS""]","is-leaking","true","guided-checks","lg-wm4000hba::is-leaking","[{""id"":""lg-washer-leak"",""kind"":""manufacturer-troubleshooting"",""title"":""LG washer leak troubleshooting"",""publisher"":""LG"",""url"":""https://www.lg.com/us/support/help-library/leaking-washing-machine-troubleshooting-guide-CT10000010-20150295652820"",""appliesTo"":""LG front- and top-load washers; topology-selected visible leak checks only"",""lastVerified"":""2026-08-29""}]","","false","","Purchase promotion is limited to the category's separately reviewed default component route."
"ge-gtw325aswww__will-not-drain","ge-gtw325aswww","washer","GE","GTW325ASWWW","family-only","[]","will-not-drain","true","guided-checks","ge-gtw325aswww::will-not-drain","[{""id"":""exp-ge-top-washer-drain"",""kind"":""manufacturer-troubleshooting"",""title"":""GE top-load washer will-not-drain guidance"",""publisher"":""GE Appliances"",""url"":""https://products.geappliances.com/appliance/gea-support-search-content?contentId=23080"",""appliesTo"":""GE top-load washers"",""lastVerified"":""2026-08-27""}]","","false","","A complete revision code is not independently verified for this catalog identity."
"ge-gtw325aswww__door-will-not-close","ge-gtw325aswww","washer","GE","GTW325ASWWW","family-only","[]","door-will-not-close","true","guided-checks","ge-gtw325aswww::door-will-not-close","[{""id"":""washer-ge-hotpoint-top-owner-manual"",""kind"":""manufacturer-troubleshooting"",""title"":""GE Appliances Door or lid will not close owner guidance"",""publisher"":""GE Appliances"",""url"":""https://images.salsify.com/image/upload/s--AKgAhUAs--/r4yctjlrytehsjedypih.pdf"",""appliesTo"":""GTW485, GTW465, GTW385, GTW335, GTW325, HTW265 and HTW240 families named in the manual"",""lastVerified"":""2026-08-29""}]","","false","","Purchase promotion is limited to the category's separately reviewed default component route."
"ge-gtw325aswww__will-not-start","ge-gtw325aswww","washer","GE","GTW325ASWWW","family-only","[]","will-not-start","true","guided-checks","ge-gtw325aswww::will-not-start","[{""id"":""ge-washer-top-start"",""kind"":""manufacturer-troubleshooting"",""title"":""GE top-load washer start checks"",""publisher"":""GE Appliances"",""url"":""https://products.geappliances.com/appliance/gea-support-search-content?contentId=17383"",""appliesTo"":""GE top-load washers; visible controls, lid, pause, and water supply only"",""lastVerified"":""2026-08-29""}]","","false","","Purchase promotion is limited to the category's separately reviewed default component route."
"ge-gtw325aswww__will-not-spin","ge-gtw325aswww","washer","GE","GTW325ASWWW","family-only","[]","will-not-spin","true","guided-checks","ge-gtw325aswww::will-not-spin","[{""id"":""ge-washer-top-spin"",""kind"":""manufacturer-troubleshooting"",""title"":""GE top-load washer spin checks"",""publisher"":""GE Appliances"",""url"":""https://products.geappliances.com/appliance/gea-support-search-content?contentId=23082"",""appliesTo"":""GE top-load washers; load, drain, and visible lid checks only"",""lastVerified"":""2026-08-29""}]","","false","","Purchase promotion is limited to the category's separately reviewed default component route."
"ge-gtw325aswww__is-leaking","ge-gtw325aswww","washer","GE","GTW325ASWWW","family-only","[]","is-leaking","true","guided-checks","ge-gtw325aswww::is-leaking","[{""id"":""ge-washer-top-leak"",""kind"":""manufacturer-troubleshooting"",""title"":""GE top-load washer leak checks"",""publisher"":""GE Appliances"",""url"":""https://products.geappliances.com/appliance/gea-support-search-content?contentId=17530"",""appliesTo"":""GE top-load washers; visible tub edge, detergent, loading, and external hose checks"",""lastVerified"":""2026-08-29""}]","","false","","Purchase promotion is limited to the category's separately reviewed default component route."
"bosch-shp78cm5n34__will-not-drain","bosch-shp78cm5n34","dishwasher","Bosch","SHP78CM5N/34","exact-code","[""SHP78CM5N/34""]","will-not-drain","true","purchase-ready","bosch-shp78cm5n34::will-not-drain","[{""id"":""exp-bosch-dishwasher-drain"",""kind"":""manufacturer-troubleshooting"",""title"":""Bosch dishwasher not-draining guidance"",""publisher"":""Bosch"",""url"":""https://www.bosch-home.com/us/owner-support/dishwashers/troubleshooting"",""appliesTo"":""Bosch built-in dishwashers"",""lastVerified"":""2026-08-27""}]","","true","{""name"":""Bosch dishwasher drain pump"",""sku"":""00631200"",""compatibleProductCodes"":[""SHP78CM5N/34""],""installBoundary"":""professional-only"",""compatibilityEvidence"":[{""id"":""bosch-shp78cm5n34-00631200"",""kind"":""manufacturer-part"",""title"":""Bosch exact E-Nr spare-parts list containing drain pump 00631200"",""publisher"":""Bosch"",""url"":""https://www.bosch-home.com/us/en/spare-parts-list/SHP78CM5N-34"",""appliesTo"":""Bosch SHP78CM5N/34 includes drain pump 00631200"",""lastVerified"":""2026-08-29""},{""id"":""bosch-00631200-identity-2026-08-29"",""kind"":""manufacturer-part"",""title"":""Bosch 00631200 Pump-drain product page"",""publisher"":""Bosch"",""url"":""https://www.bosch-home.com/us/en/product/00631200"",""appliesTo"":""Bosch manufacturer drain pump 00631200; exact E-Nr fit is established separately"",""lastVerified"":""2026-08-29""}],""sellerOffer"":{""provider"":""shopify-global-catalog"",""protocol"":""UCP"",""query"":""Bosch 00631200 dishwasher drain pump exact part"",""exactSku"":""00631200"",""offerCountAtVerification"":5,""lastVerified"":""2026-08-29""}}",""
"bosch-shp78cm5n34__door-will-not-close","bosch-shp78cm5n34","dishwasher","Bosch","SHP78CM5N/34","exact-code","[""SHP78CM5N/34""]","door-will-not-close","true","guided-checks","bosch-shp78cm5n34::door-will-not-close","[{""id"":""bosch-dishwasher-door"",""kind"":""manufacturer-troubleshooting"",""title"":""Bosch dishwasher troubleshooting"",""publisher"":""Bosch"",""url"":""https://www.bosch-home.com/us/owner-support/dishwashers/troubleshooting"",""appliesTo"":""Bosch dishwashers; AutoAir and error-code branches are model-specific"",""lastVerified"":""2026-08-28""}]","","false","","Purchase promotion is limited to the category's separately reviewed default component route."
"bosch-shp78cm5n34__not-cleaning","bosch-shp78cm5n34","dishwasher","Bosch","SHP78CM5N/34","exact-code","[""SHP78CM5N/34""]","not-cleaning","true","guided-checks","bosch-shp78cm5n34::not-cleaning","[{""id"":""bosch-dishwasher-cleaning"",""kind"":""manufacturer-troubleshooting"",""title"":""Bosch dishwasher not-cleaning checks"",""publisher"":""Bosch"",""url"":""https://www.bosch-home.com/us/owner-support/get-support/support-selfhelp-dishwasher-not-cleaning-dishes"",""appliesTo"":""Bosch dishwashers; loading, detergent, water temperature, and visible spray observations only"",""lastVerified"":""2026-08-29""}]","","false","","Purchase promotion is limited to the category's separately reviewed default component route."
"bosch-shp78cm5n34__will-not-fill","bosch-shp78cm5n34","dishwasher","Bosch","SHP78CM5N/34","exact-code","[""SHP78CM5N/34""]","will-not-fill","true","guided-checks","bosch-shp78cm5n34::will-not-fill","[{""id"":""bosch-dishwasher-fill"",""kind"":""manufacturer-troubleshooting"",""title"":""Bosch dishwasher not-drawing-water checks"",""publisher"":""Bosch"",""url"":""https://www.bosch-home.com/us/owner-support/get-support/support-selfhelp-dishwasher-not-drawing-water"",""appliesTo"":""Bosch dishwashers; household supply, visible hose, and door observations only"",""lastVerified"":""2026-08-29""}]","","false","","Purchase promotion is limited to the category's separately reviewed default component route."
"bosch-shp78cm5n34__is-leaking","bosch-shp78cm5n34","dishwasher","Bosch","SHP78CM5N/34","exact-code","[""SHP78CM5N/34""]","is-leaking","true","guided-checks","bosch-shp78cm5n34::is-leaking","[{""id"":""bosch-dishwasher-leak"",""kind"":""manufacturer-troubleshooting"",""title"":""Bosch dishwasher leak error guidance"",""publisher"":""Bosch"",""url"":""https://www.bosch-home.com/us/owner-support/error-codes/dishwashers"",""appliesTo"":""Bosch dishwashers; visible leak or E15 condition is a stop and service boundary"",""lastVerified"":""2026-08-29""}]","","false","","Purchase promotion is limited to the category's separately reviewed default component route."
"samsung-dw80cg5450sraa__will-not-drain","samsung-dw80cg5450sraa","dishwasher","Samsung","DW80CG5450SR/AA","exact-code","[""DW80CG5450SR/AA""]","will-not-drain","true","guided-checks","samsung-dw80cg5450sraa::will-not-drain","[{""id"":""exp-samsung-dishwasher-drain"",""kind"":""manufacturer-troubleshooting"",""title"":""Samsung dishwasher not-draining guidance"",""publisher"":""Samsung"",""url"":""https://www.samsung.com/us/support/troubleshoot/TSG10004498/"",""appliesTo"":""Samsung built-in dishwashers"",""lastVerified"":""2026-08-27""}]","","false","","No accepted complete-revision → one exact-SKU compatibility chain plus separately verified seller offer is recorded."
"samsung-dw80cg5450sraa__door-will-not-close","samsung-dw80cg5450sraa","dishwasher","Samsung","DW80CG5450SR/AA","exact-code","[""DW80CG5450SR/AA""]","door-will-not-close","true","guided-checks","samsung-dw80cg5450sraa::door-will-not-close","[{""id"":""samsung-dishwasher-door"",""kind"":""manufacturer-troubleshooting"",""title"":""Samsung dishwasher door does not close"",""publisher"":""Samsung"",""url"":""https://www.samsung.com/us/support/troubleshooting/TSG01001919/"",""appliesTo"":""Samsung dishwashers; AutoRelease step only on equipped models"",""lastVerified"":""2026-08-28""}]","","false","","Purchase promotion is limited to the category's separately reviewed default component route."
"samsung-dw80cg5450sraa__not-cleaning","samsung-dw80cg5450sraa","dishwasher","Samsung","DW80CG5450SR/AA","exact-code","[""DW80CG5450SR/AA""]","not-cleaning","true","guided-checks","samsung-dw80cg5450sraa::not-cleaning","[{""id"":""dishwasher-samsung-cleaning"",""kind"":""manufacturer-troubleshooting"",""title"":""Dishwasher cycle ends before dishes are clean"",""publisher"":""Samsung"",""url"":""https://www.samsung.com/us/support/troubleshoot/TSG10000118/"",""appliesTo"":""Samsung dishwashers"",""lastVerified"":""2026-08-29""}]","","false","","Purchase promotion is limited to the category's separately reviewed default component route."
"samsung-dw80cg5450sraa__will-not-fill","samsung-dw80cg5450sraa","dishwasher","Samsung","DW80CG5450SR/AA","exact-code","[""DW80CG5450SR/AA""]","will-not-fill","true","guided-checks","samsung-dw80cg5450sraa::will-not-fill","[{""id"":""dishwasher-samsung-fill"",""kind"":""manufacturer-troubleshooting"",""title"":""Samsung dishwasher water-supply error guidance"",""publisher"":""Samsung"",""url"":""https://www.samsung.com/us/support/troubleshoot/TSG10004499/"",""appliesTo"":""Samsung dishwashers reporting a water-supply error"",""lastVerified"":""2026-08-29""}]","","false","","Purchase promotion is limited to the category's separately reviewed default component route."
"samsung-dw80cg5450sraa__is-leaking","samsung-dw80cg5450sraa","dishwasher","Samsung","DW80CG5450SR/AA","exact-code","[""DW80CG5450SR/AA""]","is-leaking","true","guided-checks","samsung-dw80cg5450sraa::is-leaking","[{""id"":""dishwasher-samsung-leak"",""kind"":""manufacturer-troubleshooting"",""title"":""Samsung dishwasher leak guidance"",""publisher"":""Samsung"",""url"":""https://www.samsung.com/us/support/troubleshoot/TSG10010593/"",""appliesTo"":""Samsung dishwashers"",""lastVerified"":""2026-08-29""}]","","false","","Purchase promotion is limited to the category's separately reviewed default component route."
"lg-dle7000w__door-will-not-close","lg-dle7000w","dryer","LG","DLE7000W","exact-code","[""DLE7000W.ABWETUS""]","door-will-not-close","true","purchase-ready","lg-dle7000w::door-will-not-close","[{""id"":""exp-lg-dryer-door"",""kind"":""manufacturer-troubleshooting"",""title"":""LG dryer door-error guidance"",""publisher"":""LG"",""url"":""https://www.lg.com/us/support/help-library/lg-dryer-error-code-list--20152310891742"",""appliesTo"":""LG electric dryers"",""lastVerified"":""2026-08-27""}]","","true","{""name"":""LG dryer door hook"",""sku"":""4026EL3007C"",""compatibleProductCodes"":[""DLE7000W.ABWETUS""],""installBoundary"":""user-replaceable"",""compatibilityEvidence"":[{""id"":""lg-dle7000w-abwetus-4026el3007c"",""kind"":""authorized-parts"",""title"":""LG-authorized exact-revision diagram naming door-side hook 4026EL3007C"",""publisher"":""Encompass"",""url"":""https://partstore.encompass.com/model/ZENDLE7000W/ABWETUS/"",""appliesTo"":""LG DLE7000W.ABWETUS uses door-side hook 4026EL3007C at schematic location A410"",""lastVerified"":""2026-08-29""},{""id"":""lg-4026el3007c-identity-2026-08-29"",""kind"":""authorized-parts"",""title"":""LG-authorized Encompass 4026EL3007C Hook Locker page"",""publisher"":""Encompass"",""url"":""https://partstore.encompass.com/item/9772625/LG/4026EL3007C/"",""appliesTo"":""LG hook locker 4026EL3007C; exact dryer fit is established on authorized model diagrams"",""lastVerified"":""2026-08-29""}],""sellerOffer"":{""provider"":""shopify-global-catalog"",""protocol"":""UCP"",""query"":""LG 4026EL3007C dryer door hook exact part"",""exactSku"":""4026EL3007C"",""offerCountAtVerification"":10,""lastVerified"":""2026-08-29""}}",""
"lg-dle7000w__will-not-start","lg-dle7000w","dryer","LG","DLE7000W","exact-code","[""DLE7000W.ABWETUS""]","will-not-start","true","guided-checks","lg-dle7000w::will-not-start","[{""id"":""lg-dryer-start"",""kind"":""manufacturer-troubleshooting"",""title"":""LG dryer power and start checks"",""publisher"":""LG"",""url"":""https://www.lg.com/us/support/help-library/power-issues-laundry-dryer--20150394890820"",""appliesTo"":""LG electric dryers; visible power, control-lock, door, and cycle observations only"",""lastVerified"":""2026-08-29""}]","","false","","Purchase promotion is limited to the category's separately reviewed default component route."
"lg-dle7000w__not-heating","lg-dle7000w","dryer","LG","DLE7000W","exact-code","[""DLE7000W.ABWETUS""]","not-heating","true","guided-checks","lg-dle7000w::not-heating","[{""id"":""lg-dryer-heat"",""kind"":""manufacturer-troubleshooting"",""title"":""LG dryer not-heating checks"",""publisher"":""LG"",""url"":""https://www.lg.com/us/support/help-library/not-heating-not-drying-or-long-time-drying-CT10000011-1432223739634"",""appliesTo"":""LG electric dryers; cycle, lint screen, and household vent observations only"",""lastVerified"":""2026-08-29""}]","","false","","Purchase promotion is limited to the category's separately reviewed default component route."
"lg-dle7000w__drum-will-not-turn","lg-dle7000w","dryer","LG","DLE7000W","exact-code","[""DLE7000W.ABWETUS""]","drum-will-not-turn","true","guided-checks","lg-dle7000w::drum-will-not-turn","[{""id"":""lg-dryer-drum"",""kind"":""manufacturer-troubleshooting"",""title"":""LG dryer drum-not-turning checks"",""publisher"":""LG"",""url"":""https://www.lg.com/us/support/help-library/lg-dryer-dryer-drum-not-turning--20154713270264"",""appliesTo"":""All LG dryer models; load, door, and service-stop observations only"",""lastVerified"":""2026-08-29""}]","","false","","Purchase promotion is limited to the category's separately reviewed default component route."
"ge-gtd38easwws__door-will-not-close","ge-gtd38easwws","dryer","GE","GTD38EASWWS","exact-code","[""GTD38EASW0WS""]","door-will-not-close","true","purchase-ready","ge-gtd38easwws::door-will-not-close","[{""id"":""exp-ge-dryer-start"",""kind"":""manufacturer-troubleshooting"",""title"":""GE dryer will-not-start guidance"",""publisher"":""GE Appliances"",""url"":""https://products.geappliances.com/appliance/gea-support-search-content?contentId=17381"",""appliesTo"":""GE electric dryers"",""lastVerified"":""2026-08-27""}]","","true","{""name"":""Dryer strike"",""sku"":""WE01M10007"",""compatibleProductCodes"":[""GTD38EASW0WS""],""installBoundary"":""user-replaceable"",""compatibilityEvidence"":[{""id"":""ge-gtd38easwws-we01m10007-fit"",""kind"":""authorized-parts"",""title"":""Exact GTD38EASW0WS visible door-side strike listing"",""publisher"":""Encompass (GE-authorized parts distributor)"",""url"":""https://partstore.encompass.com/model/HOTGTD38EASW0WS"",""appliesTo"":""GTD38EASW0WS uses visible door-side strike WE01M10007. Authorized exact-model ledger lists GE Strike WE01M10007 at schematic location 3049 and in stock."",""lastVerified"":""2026-08-29""},{""id"":""demo-dryer-we01m10007-identity"",""kind"":""authorized-parts"",""title"":""GE Appliances Parts exact door-side strike WE01M10007"",""publisher"":""GE Appliances Parts"",""url"":""https://www.geapplianceparts.com/store/parts/ModelSectionParts/HTX24EASK0WS/2/0/0/0/FRONT_PANEL_%26_DOOR"",""appliesTo"":""Dryer door-side strike WE01M10007; exact appliance fit and observation gate are established separately"",""lastVerified"":""2026-08-29""}],""sellerOffer"":{""provider"":""shopify-global-catalog"",""protocol"":""UCP"",""query"":""WE01M10007 dryer door strike exact SKU"",""exactSku"":""WE01M10007"",""offerCountAtVerification"":10,""lastVerified"":""2026-08-29""}}",""
"ge-gtd38easwws__will-not-start","ge-gtd38easwws","dryer","GE","GTD38EASWWS","exact-code","[""GTD38EASW0WS""]","will-not-start","true","guided-checks","ge-gtd38easwws::will-not-start","[{""id"":""ge-dryer-start"",""kind"":""manufacturer-troubleshooting"",""title"":""GE dryer will-not-start checks"",""publisher"":""GE Appliances"",""url"":""https://products.geappliances.com/appliance/gea-support-search-content?contentId=17381"",""appliesTo"":""GE electric dryers; visible plug, door, controls, and breaker observations only"",""lastVerified"":""2026-08-29""}]","","false","","Purchase promotion is limited to the category's separately reviewed default component route."
"ge-gtd38easwws__not-heating","ge-gtd38easwws","dryer","GE","GTD38EASWWS","exact-code","[""GTD38EASW0WS""]","not-heating","true","guided-checks","ge-gtd38easwws::not-heating","[{""id"":""ge-dryer-heat"",""kind"":""manufacturer-troubleshooting"",""title"":""GE electric dryer runs-without-heat checks"",""publisher"":""GE Appliances"",""url"":""https://products.geappliances.com/appliance/gea-support-search-content?contentId=16921"",""appliesTo"":""GE electric dryers; cycle, airflow, and household breaker observations only; no terminal access"",""lastVerified"":""2026-08-29""}]","","false","","Purchase promotion is limited to the category's separately reviewed default component route."
"ge-gtd38easwws__drum-will-not-turn","ge-gtd38easwws","dryer","GE","GTD38EASWWS","exact-code","[""GTD38EASW0WS""]","drum-will-not-turn","true","guided-checks","ge-gtd38easwws::drum-will-not-turn","[{""id"":""ge-dryer-drum"",""kind"":""manufacturer-troubleshooting"",""title"":""GE dryer drum-does-not-turn checks"",""publisher"":""GE Appliances"",""url"":""https://products.geappliances.com/appliance/gea-support-search-content?contentId=17096"",""appliesTo"":""GE dryers; load observation and professional stop; no internal access"",""lastVerified"":""2026-08-29""}]","","false","","Purchase promotion is limited to the category's separately reviewed default component route."
"whirlpool-wrs321sdhz08__slow-water-flow","whirlpool-wrs321sdhz08","refrigerator","Whirlpool","WRS321SDHZ08","exact-code","[""WRS321SDHZ08""]","slow-water-flow","true","purchase-ready","whirlpool-wrs321sdhz08::slow-water-flow","[{""id"":""exp-whirlpool-refrigerator-water"",""kind"":""manufacturer-troubleshooting"",""title"":""Whirlpool water-filter replacement guidance"",""publisher"":""Whirlpool"",""url"":""https://producthelp.whirlpool.com/Refrigeration/Water_Filter_Information/Product_Assistance/Does_the_Water_Filter_Need_to_be_Replaced%253F"",""appliesTo"":""Whirlpool refrigerators with a water filter"",""lastVerified"":""2026-08-27""}]","","true","{""name"":""EveryDrop Filter 1 refrigerator water filter"",""sku"":""EDR1RXD1"",""compatibleProductCodes"":[""WRS321SDHZ08""],""installBoundary"":""user-replaceable"",""compatibilityEvidence"":[{""id"":""whirlpool-wrs321sdhz08-edr1rxd1"",""kind"":""authorized-parts"",""title"":""Whirlpool WRS321SDHZ08 exact water-filter listing"",""publisher"":""Whirlpool Parts"",""url"":""https://www.whirlpoolparts.com/Shop-For-Parts/a4b5i183d2454542/Model-WRS321SDHZ08-Whirlpool-Refrigerator-Water-Filter-Parts"",""appliesTo"":""Whirlpool WRS321SDHZ08 uses EDR1RXD1"",""lastVerified"":""2026-08-29""},{""id"":""everydrop-edr1rxd1-identity-2026-08-29"",""kind"":""manufacturer-part"",""title"":""Whirlpool-family owner documentation naming EDR1RXD1"",""publisher"":""Whirlpool Corporation"",""url"":""https://www.amana.com/content/dam/global/documents/202406/owners-manual-w11484052-revE.pdf"",""appliesTo"":""EveryDrop Filter 1 manufacturer part EDR1RXD1; exact appliance fit is established separately"",""lastVerified"":""2026-08-29""}],""sellerOffer"":{""provider"":""shopify-global-catalog"",""protocol"":""UCP"",""query"":""Whirlpool EveryDrop EDR1RXD1 refrigerator water filter exact part"",""exactSku"":""EDR1RXD1"",""offerCountAtVerification"":5,""lastVerified"":""2026-08-29""}}",""
"whirlpool-wrs321sdhz08__door-will-not-close","whirlpool-wrs321sdhz08","refrigerator","Whirlpool","WRS321SDHZ08","exact-code","[""WRS321SDHZ08""]","door-will-not-close","true","guided-checks","whirlpool-wrs321sdhz08::door-will-not-close","[{""id"":""whirlpool-refrigerator-door"",""kind"":""manufacturer-troubleshooting"",""title"":""Whirlpool refrigerator doors not closing properly"",""publisher"":""Whirlpool"",""url"":""https://producthelp.whirlpool.com/Refrigeration/Full-Size_Refrigerators/Product_Info/Installation_Support/Doors_Not_Closing_Properly"",""appliesTo"":""Whirlpool full-size refrigerators; French-door mullion guidance only on French-door models"",""lastVerified"":""2026-08-28""}]","","false","","Purchase promotion is limited to the category's separately reviewed default component route."
"whirlpool-wrs321sdhz08__not-cooling","whirlpool-wrs321sdhz08","refrigerator","Whirlpool","WRS321SDHZ08","exact-code","[""WRS321SDHZ08""]","not-cooling","true","guided-checks","whirlpool-wrs321sdhz08::not-cooling","[{""id"":""whirlpool-refrigerator-cooling"",""kind"":""manufacturer-troubleshooting"",""title"":""Whirlpool refrigerator not-cooling checks"",""publisher"":""Whirlpool"",""url"":""https://producthelp.whirlpool.com/Refrigeration/Full-Size_Refrigerators/All_Refrigerator/Operation/Temperature_Concerns/Not_Cooling"",""appliesTo"":""Whirlpool full-size refrigerators; settings, room conditions, airflow, door, and food-safety observations only"",""lastVerified"":""2026-08-29""}]","","false","","Purchase promotion is limited to the category's separately reviewed default component route."
"whirlpool-wrs321sdhz08__is-leaking","whirlpool-wrs321sdhz08","refrigerator","Whirlpool","WRS321SDHZ08","exact-code","[""WRS321SDHZ08""]","is-leaking","true","guided-checks","whirlpool-wrs321sdhz08::is-leaking","[{""id"":""whirlpool-refrigerator-leak"",""kind"":""manufacturer-troubleshooting"",""title"":""Whirlpool refrigerator water-on-floor checks"",""publisher"":""Whirlpool"",""url"":""https://producthelp.whirlpool.com/Refrigeration/Full-Size_Refrigerators/Product_Info/Installation_Support/What_to_Do_if_There_is_Water_on_the_Floor"",""appliesTo"":""Whirlpool refrigerators with factory water/ice systems; visible filter, supply, and floor-water checks only"",""lastVerified"":""2026-08-29""}]","","false","","Purchase promotion is limited to the category's separately reviewed default component route."
"whirlpool-wrs321sdhz08__ice-maker-not-making-ice","whirlpool-wrs321sdhz08","refrigerator","Whirlpool","WRS321SDHZ08","exact-code","[""WRS321SDHZ08""]","ice-maker-not-making-ice","true","guided-checks","whirlpool-wrs321sdhz08::ice-maker-not-making-ice","[{""id"":""whirlpool-refrigerator-ice"",""kind"":""manufacturer-troubleshooting"",""title"":""Whirlpool refrigerator water-supply checks"",""publisher"":""Whirlpool"",""url"":""https://producthelp.whirlpool.com/Refrigeration/Full-Size_Refrigerators/Product_Info/Installation_Support/How_to_Check_the_Water_Supply_Line"",""appliesTo"":""Whirlpool refrigerators with factory icemakers; visible household water, supply-line, and leak observations only"",""lastVerified"":""2026-08-29""}]","","false","","Purchase promotion is limited to the category's separately reviewed default component route."
"samsung-rf27cg5100sraa__slow-water-flow","samsung-rf27cg5100sraa","refrigerator","Samsung","RF27CG5100SR/AA","exact-code","[""RF27CG5100SR/AA""]","slow-water-flow","true","purchase-ready","samsung-rf27cg5100sraa::slow-water-flow","[{""id"":""exp-samsung-french-refrigerator-water"",""kind"":""manufacturer-troubleshooting"",""title"":""Samsung refrigerator water-dispenser troubleshooting"",""publisher"":""Samsung"",""url"":""https://www.samsung.com/us/support/troubleshoot/TSG10003791/"",""appliesTo"":""Samsung French-door refrigerators with a water dispenser"",""lastVerified"":""2026-08-27""}]","","true","{""name"":""HAF-QIN refrigerator water filter"",""sku"":""DA97-17376B"",""compatibleProductCodes"":[""RF27CG5100SR/AA""],""installBoundary"":""user-replaceable"",""compatibilityEvidence"":[{""id"":""samsung-rf27cg5100sr-haf-qin"",""kind"":""manufacturer-part"",""title"":""Samsung RF27CG5100SR specifications naming HAF-QIN"",""publisher"":""Samsung"",""url"":""https://image-us.samsung.com/SamsungUS/home/pdf/08062024/2023_RF27CG5100_CD_V6.pdf"",""appliesTo"":""Samsung RF27CG5100SR/AA"",""lastVerified"":""2026-08-29""},{""id"":""samsung-da97-17376b-identity-2026-08-29"",""kind"":""manufacturer-part"",""title"":""Samsung HAF-QIN genuine refrigerator water filter"",""publisher"":""Samsung"",""url"":""https://www.samsung.com/us/home-appliance-accessories/haf-qin-refrigerator-water-filter-sku-haf-qin-exp/"",""appliesTo"":""Samsung HAF-QIN/EXP manufacturer part DA97-17376B; exact refrigerator fit is established separately"",""lastVerified"":""2026-08-29""}],""sellerOffer"":{""provider"":""shopify-global-catalog"",""protocol"":""UCP"",""query"":""Samsung HAF-QIN DA97-17376B refrigerator water filter exact part"",""exactSku"":""DA97-17376B"",""offerCountAtVerification"":5,""lastVerified"":""2026-08-29""}}",""
"samsung-rf27cg5100sraa__door-will-not-close","samsung-rf27cg5100sraa","refrigerator","Samsung","RF27CG5100SR/AA","exact-code","[""RF27CG5100SR/AA""]","door-will-not-close","true","guided-checks","samsung-rf27cg5100sraa::door-will-not-close","[{""id"":""samsung-refrigerator-door"",""kind"":""manufacturer-troubleshooting"",""title"":""Samsung refrigerator or freezer doors will not close"",""publisher"":""Samsung"",""url"":""https://www.samsung.com/us/support/troubleshoot/TSG10007112/"",""appliesTo"":""Samsung refrigerators; drawer, showcase, flap, and alignment branches are topology-specific"",""lastVerified"":""2026-08-28""}]","","false","","Purchase promotion is limited to the category's separately reviewed default component route."
"samsung-rf27cg5100sraa__not-cooling","samsung-rf27cg5100sraa","refrigerator","Samsung","RF27CG5100SR/AA","exact-code","[""RF27CG5100SR/AA""]","not-cooling","true","guided-checks","samsung-rf27cg5100sraa::not-cooling","[{""id"":""samsung-refrigerator-cooling"",""kind"":""manufacturer-troubleshooting"",""title"":""Samsung refrigerator cooling checks"",""publisher"":""Samsung"",""url"":""https://www.samsung.com/us/support/troubleshoot/TSG10003479/"",""appliesTo"":""Samsung full-size refrigerators; error, settings, cooling mode, door seal, and food-safety observations only"",""lastVerified"":""2026-08-29""}]","","false","","Purchase promotion is limited to the category's separately reviewed default component route."
"samsung-rf27cg5100sraa__is-leaking","samsung-rf27cg5100sraa","refrigerator","Samsung","RF27CG5100SR/AA","exact-code","[""RF27CG5100SR/AA""]","is-leaking","true","guided-checks","samsung-rf27cg5100sraa::is-leaking","[{""id"":""samsung-refrigerator-leak"",""kind"":""manufacturer-troubleshooting"",""title"":""Samsung refrigerator leak checks"",""publisher"":""Samsung"",""url"":""https://www.samsung.com/us/support/troubleshoot/TSG10003766/"",""appliesTo"":""Samsung refrigerators with factory water/ice systems; visible source, filter, supply, and service-stop observations only"",""lastVerified"":""2026-08-29""}]","","false","","Purchase promotion is limited to the category's separately reviewed default component route."
"samsung-rf27cg5100sraa__ice-maker-not-making-ice","samsung-rf27cg5100sraa","refrigerator","Samsung","RF27CG5100SR/AA","exact-code","[""RF27CG5100SR/AA""]","ice-maker-not-making-ice","true","guided-checks","samsung-rf27cg5100sraa::ice-maker-not-making-ice","[{""id"":""samsung-refrigerator-ice"",""kind"":""manufacturer-troubleshooting"",""title"":""Samsung refrigerator ice-maker checks"",""publisher"":""Samsung"",""url"":""https://www.samsung.com/us/support/troubleshoot/TSG10002387/"",""appliesTo"":""Samsung refrigerators with factory icemakers; seal, power, water supply, temperature, and visible bin checks only; model-specific reset excluded"",""lastVerified"":""2026-08-29""}]","","false","","Purchase promotion is limited to the category's separately reviewed default component route."
"lg-wm6500hba__will-not-drain","lg-wm6500hba","washer","LG","WM6500HBA","exact-code","[""WM6500HBA.ABLEVUS""]","will-not-drain","true","purchase-ready","lg-wm6500hba::will-not-drain","[{""id"":""exp-lg-front-washer-drain"",""kind"":""manufacturer-troubleshooting"",""title"":""LG washer water-not-draining guidance"",""publisher"":""LG"",""url"":""https://www.lg.com/us/support/help-library/lg-washing-machine-water-not-draining--20154726902590"",""appliesTo"":""LG front-load washers"",""lastVerified"":""2026-08-27""},{""id"":""exp-lg-front-washer-filter"",""kind"":""manufacturer-troubleshooting"",""title"":""LG drain-pump filter cleaning"",""publisher"":""LG"",""url"":""https://www.lg.com/us/support/help-library/lg-washer-how-to-clean-the-drain-pump-filter--20150206838321"",""appliesTo"":""LG front-load washers with the documented filter door"",""lastVerified"":""2026-08-27""}]","","true","{""name"":""LG washer drain pump assembly"",""sku"":""AHA75853813"",""compatibleProductCodes"":[""WM6500HBA.ABLEVUS""],""installBoundary"":""professional-only"",""compatibilityEvidence"":[{""id"":""lg-wm6500hba-ablevus-aha75853813"",""kind"":""authorized-parts"",""title"":""LG-authorized exact-revision parts page with one drain-pump assembly row"",""publisher"":""Encompass"",""url"":""https://partstore.encompass.com/model/ZENWM6500HBA/ABLEVUS/"",""appliesTo"":""LG WM6500HBA.ABLEVUS uses drain-pump assembly AHA75853813 at schematic location F102"",""lastVerified"":""2026-08-29""},{""id"":""lg-aha75853813-identity-2026-08-29"",""kind"":""authorized-parts"",""title"":""LG-authorized AHA75853813 drain-pump assembly page"",""publisher"":""Encompass"",""url"":""https://partstore.encompass.com/item/13054755/LG/AHA75853813/"",""appliesTo"":""LG drain-pump assembly AHA75853813; exact washer fit is established on each authorized exact-revision parts page"",""lastVerified"":""2026-08-29""}],""sellerOffer"":{""provider"":""shopify-global-catalog"",""protocol"":""UCP"",""query"":""LG AHA75853813 washer drain pump exact part"",""exactSku"":""AHA75853813"",""offerCountAtVerification"":5,""lastVerified"":""2026-08-29""}}",""
"lg-wm6500hba__door-will-not-close","lg-wm6500hba","washer","LG","WM6500HBA","exact-code","[""WM6500HBA.ABLEVUS""]","door-will-not-close","true","guided-checks","lg-wm6500hba::door-will-not-close","[{""id"":""washer-lg-front-closure"",""kind"":""manufacturer-troubleshooting"",""title"":""LG Door or lid will not close owner guidance"",""publisher"":""LG"",""url"":""https://www.lg.com/us/support/help-library/lg-front-load-washer-error-code-list-CT10000010-20155069413456"",""appliesTo"":""LG front-load washers"",""lastVerified"":""2026-08-29""}]","","false","","Purchase promotion is limited to the category's separately reviewed default component route."
"lg-wm6500hba__will-not-start","lg-wm6500hba","washer","LG","WM6500HBA","exact-code","[""WM6500HBA.ABLEVUS""]","will-not-start","true","guided-checks","lg-wm6500hba::will-not-start","[{""id"":""lg-washer-start"",""kind"":""manufacturer-troubleshooting"",""title"":""LG washer unresponsive-control checks"",""publisher"":""LG"",""url"":""https://www.lg.com/us/support/help-library/lg-washer-troubleshooting-unresponsive-washer-buttons-CT10000012-20152367429605"",""appliesTo"":""LG front- and top-load washers; visible controls and lock state only"",""lastVerified"":""2026-08-29""}]","","false","","Purchase promotion is limited to the category's separately reviewed default component route."
"lg-wm6500hba__will-not-spin","lg-wm6500hba","washer","LG","WM6500HBA","exact-code","[""WM6500HBA.ABLEVUS""]","will-not-spin","true","guided-checks","lg-wm6500hba::will-not-spin","[{""id"":""lg-washer-spin"",""kind"":""manufacturer-troubleshooting"",""title"":""LG washer drum-not-spinning checks"",""publisher"":""LG"",""url"":""https://www.lg.com/us/support/help-library/lg-washer-troubleshooting-washing-machine-drum-not-spinning-CT10000010-20150584818000"",""appliesTo"":""LG front- and top-load washers; load, drain, and closure observations only"",""lastVerified"":""2026-08-29""}]","","false","","Purchase promotion is limited to the category's separately reviewed default component route."
"lg-wm6500hba__is-leaking","lg-wm6500hba","washer","LG","WM6500HBA","exact-code","[""WM6500HBA.ABLEVUS""]","is-leaking","true","guided-checks","lg-wm6500hba::is-leaking","[{""id"":""lg-washer-leak"",""kind"":""manufacturer-troubleshooting"",""title"":""LG washer leak troubleshooting"",""publisher"":""LG"",""url"":""https://www.lg.com/us/support/help-library/leaking-washing-machine-troubleshooting-guide-CT10000010-20150295652820"",""appliesTo"":""LG front- and top-load washers; topology-selected visible leak checks only"",""lastVerified"":""2026-08-29""}]","","false","","Purchase promotion is limited to the category's separately reviewed default component route."
"ge-gtw385aswws__will-not-drain","ge-gtw385aswws","washer","GE","GTW385ASWWS","family-only","[]","will-not-drain","true","guided-checks","ge-gtw385aswws::will-not-drain","[{""id"":""exp-ge-top-washer-drain"",""kind"":""manufacturer-troubleshooting"",""title"":""GE top-load washer will-not-drain guidance"",""publisher"":""GE Appliances"",""url"":""https://products.geappliances.com/appliance/gea-support-search-content?contentId=23080"",""appliesTo"":""GE top-load washers"",""lastVerified"":""2026-08-27""}]","","false","","A complete revision code is not independently verified for this catalog identity."
"ge-gtw385aswws__door-will-not-close","ge-gtw385aswws","washer","GE","GTW385ASWWS","family-only","[]","door-will-not-close","true","guided-checks","ge-gtw385aswws::door-will-not-close","[{""id"":""washer-ge-hotpoint-top-owner-manual"",""kind"":""manufacturer-troubleshooting"",""title"":""GE Appliances Door or lid will not close owner guidance"",""publisher"":""GE Appliances"",""url"":""https://images.salsify.com/image/upload/s--AKgAhUAs--/r4yctjlrytehsjedypih.pdf"",""appliesTo"":""GTW485, GTW465, GTW385, GTW335, GTW325, HTW265 and HTW240 families named in the manual"",""lastVerified"":""2026-08-29""}]","","false","","Purchase promotion is limited to the category's separately reviewed default component route."
"ge-gtw385aswws__will-not-start","ge-gtw385aswws","washer","GE","GTW385ASWWS","family-only","[]","will-not-start","true","guided-checks","ge-gtw385aswws::will-not-start","[{""id"":""ge-washer-top-start"",""kind"":""manufacturer-troubleshooting"",""title"":""GE top-load washer start checks"",""publisher"":""GE Appliances"",""url"":""https://products.geappliances.com/appliance/gea-support-search-content?contentId=17383"",""appliesTo"":""GE top-load washers; visible controls, lid, pause, and water supply only"",""lastVerified"":""2026-08-29""}]","","false","","Purchase promotion is limited to the category's separately reviewed default component route."
"ge-gtw385aswws__will-not-spin","ge-gtw385aswws","washer","GE","GTW385ASWWS","family-only","[]","will-not-spin","true","guided-checks","ge-gtw385aswws::will-not-spin","[{""id"":""ge-washer-top-spin"",""kind"":""manufacturer-troubleshooting"",""title"":""GE top-load washer spin checks"",""publisher"":""GE Appliances"",""url"":""https://products.geappliances.com/appliance/gea-support-search-content?contentId=23082"",""appliesTo"":""GE top-load washers; load, drain, and visible lid checks only"",""lastVerified"":""2026-08-29""}]","","false","","Purchase promotion is limited to the category's separately reviewed default component route."
"ge-gtw385aswws__is-leaking","ge-gtw385aswws","washer","GE","GTW385ASWWS","family-only","[]","is-leaking","true","guided-checks","ge-gtw385aswws::is-leaking","[{""id"":""ge-washer-top-leak"",""kind"":""manufacturer-troubleshooting"",""title"":""GE top-load washer leak checks"",""publisher"":""GE Appliances"",""url"":""https://products.geappliances.com/appliance/gea-support-search-content?contentId=17530"",""appliesTo"":""GE top-load washers; visible tub edge, detergent, loading, and external hose checks"",""lastVerified"":""2026-08-29""}]","","false","","Purchase promotion is limited to the category's separately reviewed default component route."
"whirlpool-wtw6157pw__will-not-drain","whirlpool-wtw6157pw","washer","Whirlpool","WTW6157PW","family-only","[]","will-not-drain","true","guided-checks","whirlpool-wtw6157pw::will-not-drain","[{""id"":""exp-whirlpool-top-washer-drain"",""kind"":""manufacturer-troubleshooting"",""title"":""Whirlpool top-load washer not-draining guidance"",""publisher"":""Whirlpool"",""url"":""https://producthelp.whirlpool.com/Laundry/Washers/Top_Load_Washer/Cycle_Concerns/Not_Draining_-_Washer"",""appliesTo"":""Whirlpool top-load washers"",""lastVerified"":""2026-08-27""}]","","false","","A complete revision code is not independently verified for this catalog identity."
"whirlpool-wtw6157pw__door-will-not-close","whirlpool-wtw6157pw","washer","Whirlpool","WTW6157PW","family-only","[]","door-will-not-close","true","guided-checks","whirlpool-wtw6157pw::door-will-not-close","[{""id"":""washer-whirlpool-top-closure"",""kind"":""manufacturer-troubleshooting"",""title"":""Whirlpool Door or lid will not close owner guidance"",""publisher"":""Whirlpool"",""url"":""https://producthelp.whirlpool.com/Laundry/Washers/Top_Load_Washer/Operation/Not_Operating/Lid_Not_Latching_-_Washer"",""appliesTo"":""Whirlpool top-load washers"",""lastVerified"":""2026-08-29""}]","","false","","Purchase promotion is limited to the category's separately reviewed default component route."
"whirlpool-wtw6157pw__will-not-start","whirlpool-wtw6157pw","washer","Whirlpool","WTW6157PW","family-only","[]","will-not-start","true","guided-checks","whirlpool-wtw6157pw::will-not-start","[{""id"":""whirlpool-washer-top-start"",""kind"":""manufacturer-troubleshooting"",""title"":""Whirlpool top-load washer start checks"",""publisher"":""Whirlpool"",""url"":""https://producthelp.whirlpool.com/Laundry/Washers/Top_Load_Washer/Operation/Not_Operating/Not_Starting_-_Washer"",""appliesTo"":""Whirlpool top-load washers; visible controls, lid, and water supply only"",""lastVerified"":""2026-08-29""}]","","false","","Purchase promotion is limited to the category's separately reviewed default component route."
"whirlpool-wtw6157pw__will-not-spin","whirlpool-wtw6157pw","washer","Whirlpool","WTW6157PW","family-only","[]","will-not-spin","true","guided-checks","whirlpool-wtw6157pw::will-not-spin","[{""id"":""whirlpool-washer-top-spin"",""kind"":""manufacturer-troubleshooting"",""title"":""Whirlpool top-load washer spin checks"",""publisher"":""Whirlpool"",""url"":""https://producthelp.whirlpool.com/Laundry/Washers/Top_Load_Washer/Cycle_Concerns/Not_Spinning_-_Washer"",""appliesTo"":""Whirlpool top-load washers; cycle, load, drain, and lid observations only"",""lastVerified"":""2026-08-29""}]","","false","","Purchase promotion is limited to the category's separately reviewed default component route."
"whirlpool-wtw6157pw__is-leaking","whirlpool-wtw6157pw","washer","Whirlpool","WTW6157PW","family-only","[]","is-leaking","true","guided-checks","whirlpool-wtw6157pw::is-leaking","[{""id"":""whirlpool-washer-top-leak"",""kind"":""manufacturer-troubleshooting"",""title"":""Whirlpool top-load washer leak checks"",""publisher"":""Whirlpool"",""url"":""https://producthelp.whirlpool.com/Laundry/Washers/Top_Load_Washer/Water/Leaking/Leaking_from_Front_or_Top_-_Washer"",""appliesTo"":""Whirlpool top-load washers; visible tub edge, loading, detergent, and external hose checks"",""lastVerified"":""2026-08-29""}]","","false","","Purchase promotion is limited to the category's separately reviewed default component route."
"maytag-mvw7232hw__will-not-drain","maytag-mvw7232hw","washer","Maytag","MVW7232HW","family-only","[]","will-not-drain","true","guided-checks","maytag-mvw7232hw::will-not-drain","[{""id"":""exp-maytag-top-washer-drain"",""kind"":""manufacturer-troubleshooting"",""title"":""Maytag washer not-draining or spinning guidance"",""publisher"":""Maytag"",""url"":""https://producthelp.maytag.com/Laundry/Washers/Product_Info/Washer_Product_Assistance/Washer_Not_Draining_or_Spinning%3F_Troubleshooting_Guide"",""appliesTo"":""Maytag top-load washers"",""lastVerified"":""2026-08-27""}]","","false","","A complete revision code is not independently verified for this catalog identity."
"maytag-mvw7232hw__door-will-not-close","maytag-mvw7232hw","washer","Maytag","MVW7232HW","family-only","[]","door-will-not-close","true","guided-checks","maytag-mvw7232hw::door-will-not-close","[{""id"":""washer-maytag-top-closure"",""kind"":""manufacturer-troubleshooting"",""title"":""Maytag Door or lid will not close owner guidance"",""publisher"":""Maytag"",""url"":""https://producthelp.maytag.com/Laundry/Washers/Top_Load_Washer/Operation/Not_Operating/Lid_Not_Latching_-_Washer"",""appliesTo"":""Maytag top-load washers"",""lastVerified"":""2026-08-29""}]","","false","","Purchase promotion is limited to the category's separately reviewed default component route."
"maytag-mvw7232hw__will-not-start","maytag-mvw7232hw","washer","Maytag","MVW7232HW","family-only","[]","will-not-start","true","guided-checks","maytag-mvw7232hw::will-not-start","[{""id"":""washer-maytag-top-start"",""kind"":""manufacturer-troubleshooting"",""title"":""Maytag Washer will not start owner guidance"",""publisher"":""Maytag"",""url"":""https://producthelp.maytag.com/Laundry/Washers/Top_Load_Washer/Operation/Not_Operating/Not_Starting_-_Washer"",""appliesTo"":""Maytag top-load washers"",""lastVerified"":""2026-08-29""}]","","false","","Purchase promotion is limited to the category's separately reviewed default component route."
"maytag-mvw7232hw__will-not-spin","maytag-mvw7232hw","washer","Maytag","MVW7232HW","family-only","[]","will-not-spin","true","guided-checks","maytag-mvw7232hw::will-not-spin","[{""id"":""washer-maytag-top-spin"",""kind"":""manufacturer-troubleshooting"",""title"":""Maytag Washer will not spin owner guidance"",""publisher"":""Maytag"",""url"":""https://producthelp.maytag.com/Laundry/Washers/Top_Load_Washer/Cycle_Concerns/Not_Spinning_-_Washer"",""appliesTo"":""Maytag top-load washers"",""lastVerified"":""2026-08-29""}]","","false","","Purchase promotion is limited to the category's separately reviewed default component route."
"maytag-mvw7232hw__is-leaking","maytag-mvw7232hw","washer","Maytag","MVW7232HW","family-only","[]","is-leaking","true","guided-checks","maytag-mvw7232hw::is-leaking","[{""id"":""washer-maytag-top-leak"",""kind"":""manufacturer-troubleshooting"",""title"":""Maytag Washer is leaking owner guidance"",""publisher"":""Maytag"",""url"":""https://producthelp.maytag.com/Laundry/Washers/Top_Load_Washer/Water/Leaking/Leaking_from_Front_or_Top_-_Washer"",""appliesTo"":""Maytag top-load washers"",""lastVerified"":""2026-08-29""}]","","false","","Purchase promotion is limited to the category's separately reviewed default component route."
"amana-ntw4516fw__will-not-drain","amana-ntw4516fw","washer","Amana","NTW4516FW","family-only","[]","will-not-drain","true","guided-checks","amana-ntw4516fw::will-not-drain","[{""id"":""exp-amana-top-washer-drain"",""kind"":""manufacturer-troubleshooting"",""title"":""Amana top-load washer not-draining guidance"",""publisher"":""Amana"",""url"":""https://producthelp.amana.com/Laundry/Washers/Top_Load_Washer/Cycle_Concerns/Not_Draining_-_Washer"",""appliesTo"":""Amana top-load washers"",""lastVerified"":""2026-08-27""}]","","false","","A complete revision code is not independently verified for this catalog identity."
"amana-ntw4516fw__door-will-not-close","amana-ntw4516fw","washer","Amana","NTW4516FW","family-only","[]","door-will-not-close","true","guided-checks","amana-ntw4516fw::door-will-not-close","[{""id"":""washer-amana-top-closure"",""kind"":""manufacturer-troubleshooting"",""title"":""Amana Door or lid will not close owner guidance"",""publisher"":""Amana"",""url"":""https://producthelp.amana.com/Laundry/Washers/Top_Load_Washer/Operation/Not_Operating/Lid_Not_Latching_-_Washer"",""appliesTo"":""Amana top-load washers"",""lastVerified"":""2026-08-29""}]","","false","","Purchase promotion is limited to the category's separately reviewed default component route."
"amana-ntw4516fw__will-not-start","amana-ntw4516fw","washer","Amana","NTW4516FW","family-only","[]","will-not-start","true","guided-checks","amana-ntw4516fw::will-not-start","[{""id"":""washer-amana-top-start"",""kind"":""manufacturer-troubleshooting"",""title"":""Amana Washer will not start owner guidance"",""publisher"":""Amana"",""url"":""https://producthelp.amana.com/Laundry/Washers/Top_Load_Washer/Operation/Not_Operating/Not_Starting_-_Washer"",""appliesTo"":""Amana top-load washers"",""lastVerified"":""2026-08-29""}]","","false","","Purchase promotion is limited to the category's separately reviewed default component route."
"amana-ntw4516fw__will-not-spin","amana-ntw4516fw","washer","Amana","NTW4516FW","family-only","[]","will-not-spin","true","guided-checks","amana-ntw4516fw::will-not-spin","[{""id"":""washer-amana-top-spin"",""kind"":""manufacturer-troubleshooting"",""title"":""Amana Washer will not spin owner guidance"",""publisher"":""Amana"",""url"":""https://producthelp.amana.com/Laundry/Washers/Top_Load_Washer/Cycle_Concerns/Not_Spinning_-_Washer"",""appliesTo"":""Amana top-load washers"",""lastVerified"":""2026-08-29""}]","","false","","Purchase promotion is limited to the category's separately reviewed default component route."
"amana-ntw4516fw__is-leaking","amana-ntw4516fw","washer","Amana","NTW4516FW","family-only","[]","is-leaking","true","guided-checks","amana-ntw4516fw::is-leaking","[{""id"":""washer-amana-top-leak"",""kind"":""manufacturer-troubleshooting"",""title"":""Amana Washer is leaking owner guidance"",""publisher"":""Amana"",""url"":""https://producthelp.amana.com/Laundry/Washers/Top_Load_Washer/Water/Leaking/Leaking_Water_Underneath_-_Washer"",""appliesTo"":""Amana top-load washers"",""lastVerified"":""2026-08-29""}]","","false","","Purchase promotion is limited to the category's separately reviewed default component route."
"electrolux-elfw7437aw__will-not-drain","electrolux-elfw7437aw","washer","Electrolux","ELFW7437AW","family-only","[]","will-not-drain","true","guided-checks","electrolux-elfw7437aw::will-not-drain","[{""id"":""exp-electrolux-front-washer-drain"",""kind"":""manufacturer-troubleshooting"",""title"":""Electrolux E21 long pump-out guidance"",""publisher"":""Electrolux"",""url"":""https://owner.electrolux.com/support-articles/article/1820072-laundry-front-loading-washer-displaying-error-code-e21-long-pump-out-time-"",""appliesTo"":""Electrolux front-load washers"",""lastVerified"":""2026-08-27""}]","","false","","A complete revision code is not independently verified for this catalog identity."
"electrolux-elfw7437aw__door-will-not-close","electrolux-elfw7437aw","washer","Electrolux","ELFW7437AW","family-only","[]","door-will-not-close","true","guided-checks","electrolux-elfw7437aw::door-will-not-close","[{""id"":""washer-electrolux-closure"",""kind"":""manufacturer-troubleshooting"",""title"":""Electrolux Door or lid will not close owner guidance"",""publisher"":""Electrolux"",""url"":""https://owner.electrolux.com/support-articles/article/1820509-laundry-front-loading-washer-displaying-error-code-e41-door-is-open-"",""appliesTo"":""Electrolux front-load washers"",""lastVerified"":""2026-08-29""}]","","false","","Purchase promotion is limited to the category's separately reviewed default component route."
"electrolux-elfw7437aw__will-not-start","electrolux-elfw7437aw","washer","Electrolux","ELFW7437AW","family-only","[]","will-not-start","true","guided-checks","electrolux-elfw7437aw::will-not-start","[{""id"":""washer-electrolux-start"",""kind"":""manufacturer-troubleshooting"",""title"":""Electrolux Washer will not start owner guidance"",""publisher"":""Electrolux"",""url"":""https://owner.electrolux.com/support-articles/article/1853594-how-to-fix-your-front-load-washer-not-starting"",""appliesTo"":""Electrolux front-load washers"",""lastVerified"":""2026-08-29""}]","","false","","Purchase promotion is limited to the category's separately reviewed default component route."
"electrolux-elfw7437aw__will-not-spin","electrolux-elfw7437aw","washer","Electrolux","ELFW7437AW","family-only","[]","will-not-spin","true","guided-checks","electrolux-elfw7437aw::will-not-spin","[{""id"":""washer-electrolux-spin-manual-7437-7738"",""kind"":""manufacturer-troubleshooting"",""title"":""Electrolux Washer will not spin owner guidance"",""publisher"":""Electrolux"",""url"":""https://frigidaire.bynder.com/m/673fe45bbf48d90f/original/A20448609-en-pdf.pdf"",""appliesTo"":""ELFW7437AW, ELFW7537AT, ELFW7637AT and ELFW7738AA; each exact Electrolux model page links this Complete Owner's Guide"",""lastVerified"":""2026-08-29""}]","","false","","Purchase promotion is limited to the category's separately reviewed default component route."
"electrolux-elfw7437aw__is-leaking","electrolux-elfw7437aw","washer","Electrolux","ELFW7437AW","family-only","[]","is-leaking","true","guided-checks","electrolux-elfw7437aw::is-leaking","[{""id"":""washer-electrolux-leak"",""kind"":""manufacturer-troubleshooting"",""title"":""Electrolux Washer is leaking owner guidance"",""publisher"":""Electrolux"",""url"":""https://owner.electrolux.com/support-articles/article/1831358-laundry-front-loading-washer-is-leaking-water-"",""appliesTo"":""Electrolux front-load washers"",""lastVerified"":""2026-08-29""}]","","false","","Purchase promotion is limited to the category's separately reviewed default component route."
"ge-gdp670sgvww__will-not-drain","ge-gdp670sgvww","dishwasher","GE","GDP670SGVWW","family-only","[]","will-not-drain","true","guided-checks","ge-gdp670sgvww::will-not-drain","[{""id"":""exp-ge-dishwasher-drain"",""kind"":""manufacturer-troubleshooting"",""title"":""GE dishwasher not-draining guidance"",""publisher"":""GE Appliances"",""url"":""https://products.geappliances.com/appliance/gea-support-search-content?contentId=16240"",""appliesTo"":""GE built-in dishwashers"",""lastVerified"":""2026-08-27""}]","","false","","A complete revision code is not independently verified for this catalog identity."
"ge-gdp670sgvww__door-will-not-close","ge-gdp670sgvww","dishwasher","GE","GDP670SGVWW","family-only","[]","door-will-not-close","true","guided-checks","ge-gdp670sgvww::door-will-not-close","[{""id"":""dishwasher-ge-door"",""kind"":""manufacturer-troubleshooting"",""title"":""Dishwasher door does not close properly"",""publisher"":""GE Appliances"",""url"":""https://products.geappliances.com/appliance/gea-support-search-content?contentId=17529"",""appliesTo"":""GE Appliances dishwashers; adjustable-rack branch is model-gated"",""lastVerified"":""2026-08-29""}]","","false","","Purchase promotion is limited to the category's separately reviewed default component route."
"ge-gdp670sgvww__not-cleaning","ge-gdp670sgvww","dishwasher","GE","GDP670SGVWW","family-only","[]","not-cleaning","true","guided-checks","ge-gdp670sgvww::not-cleaning","[{""id"":""ge-dishwasher-cleaning"",""kind"":""manufacturer-troubleshooting"",""title"":""GE dishwasher cleaning-performance checks"",""publisher"":""GE Appliances"",""url"":""https://products.geappliances.com/appliance/gea-support-search-content?contentId=38933"",""appliesTo"":""GE built-in dishwashers; loading, cycle, detergent, and visible spray obstruction only"",""lastVerified"":""2026-08-29""}]","","false","","Purchase promotion is limited to the category's separately reviewed default component route."
"ge-gdp670sgvww__will-not-fill","ge-gdp670sgvww","dishwasher","GE","GDP670SGVWW","family-only","[]","will-not-fill","true","guided-checks","ge-gdp670sgvww::will-not-fill","[{""id"":""ge-dishwasher-fill"",""kind"":""manufacturer-troubleshooting"",""title"":""GE dishwasher no-fill checks"",""publisher"":""GE Appliances"",""url"":""https://products.geappliances.com/appliance/gea-support-search-content?contentId=38924"",""appliesTo"":""GE built-in dishwashers; household water, door, and visible supply checks only"",""lastVerified"":""2026-08-29""}]","","false","","Purchase promotion is limited to the category's separately reviewed default component route."
"ge-gdp670sgvww__is-leaking","ge-gdp670sgvww","dishwasher","GE","GDP670SGVWW","family-only","[]","is-leaking","true","guided-checks","ge-gdp670sgvww::is-leaking","[{""id"":""ge-dishwasher-leak"",""kind"":""manufacturer-troubleshooting"",""title"":""GE dishwasher leak prevention and stop guidance"",""publisher"":""GE Appliances"",""url"":""https://products.geappliances.com/appliance/gea-support-search-content?contentId=18954"",""appliesTo"":""GE built-in dishwashers; suds, loading, gasket, and visible plumbing checks only"",""lastVerified"":""2026-08-29""}]","","false","","Purchase promotion is limited to the category's separately reviewed default component route."
"whirlpool-wdt540hamz__will-not-drain","whirlpool-wdt540hamz","dishwasher","Whirlpool","WDT540HAMZ","exact-code","[""WDT540HAMZ1""]","will-not-drain","true","purchase-ready","whirlpool-wdt540hamz::will-not-drain","[{""id"":""exp-whirlpool-dishwasher-drain"",""kind"":""manufacturer-troubleshooting"",""title"":""Whirlpool dishwasher water-remains guidance"",""publisher"":""Whirlpool"",""url"":""https://producthelp.whirlpool.com/Dishwashers/Dishwasher/Operation/Not_Draining%2F%2FWater_Remains"",""appliesTo"":""Whirlpool built-in dishwashers"",""lastVerified"":""2026-08-27""}]","","true","{""name"":""W10876537 dishwasher drain pump"",""sku"":""W10876537"",""compatibleProductCodes"":[""WDT540HAMZ1""],""installBoundary"":""professional-only"",""compatibilityEvidence"":[{""id"":""whirlpool-wdt540hamz-w10876537-fit"",""kind"":""authorized-parts"",""title"":""Exact WDT540HAMZ1 drain-pump listing"",""publisher"":""Whirlpool Parts"",""url"":""https://www.whirlpoolparts.com/Shop-For-Parts/a9b5c36d2467117/Model-WDT540HAMZ1-Whirlpool-Dishwasher-Pump-Parts"",""appliesTo"":""WDT540HAMZ1 uses exact drain-pump SKU W10876537. The Whirlpool-authorized exact-model page explicitly lists W10876537 as the drain pump fitting WDT540HAMZ1; revision 0 is not promoted and must not inherit this result."",""lastVerified"":""2026-08-29""},{""id"":""demo-dishwasher-w10876537-identity"",""kind"":""authorized-parts"",""title"":""Whirlpool Parts exact part W10876537"",""publisher"":""Whirlpool Parts"",""url"":""https://www.whirlpoolparts.com/PartDetail/Drain-Pump/W10876537/4454971"",""appliesTo"":""Dishwasher drain-pump part W10876537; exact appliance fit is established separately"",""lastVerified"":""2026-08-29""}],""sellerOffer"":{""provider"":""shopify-global-catalog"",""protocol"":""UCP"",""query"":""W10876537 dishwasher drain pump exact SKU"",""exactSku"":""W10876537"",""offerCountAtVerification"":20,""lastVerified"":""2026-08-29""}}",""
"whirlpool-wdt540hamz__door-will-not-close","whirlpool-wdt540hamz","dishwasher","Whirlpool","WDT540HAMZ","exact-code","[""WDT540HAMZ1""]","door-will-not-close","true","guided-checks","whirlpool-wdt540hamz::door-will-not-close","[{""id"":""dishwasher-whirlpool-door"",""kind"":""manufacturer-troubleshooting"",""title"":""Dishwasher door will not close"",""publisher"":""Whirlpool"",""url"":""https://producthelp.whirlpool.com/Dishwashers/Dishwasher/Door_Concerns/Door_Will_Not_Close/Door_Will_Not_Close_-_Dishwasher"",""appliesTo"":""Whirlpool dishwashers"",""lastVerified"":""2026-08-29""}]","","false","","Purchase promotion is limited to the category's separately reviewed default component route."
"whirlpool-wdt540hamz__not-cleaning","whirlpool-wdt540hamz","dishwasher","Whirlpool","WDT540HAMZ","exact-code","[""WDT540HAMZ1""]","not-cleaning","true","guided-checks","whirlpool-wdt540hamz::not-cleaning","[{""id"":""whirlpool-dishwasher-cleaning"",""kind"":""manufacturer-troubleshooting"",""title"":""Whirlpool dishwasher cleaning-performance checks"",""publisher"":""Whirlpool"",""url"":""https://producthelp.whirlpool.com/Dishwashers/Dishwasher/Wash_Performance/Other_Cookware_and_Dishes/Dull_Surfaces_on_Dishes"",""appliesTo"":""Whirlpool built-in dishwashers; loading, detergent, cycle, and visible spray observations only"",""lastVerified"":""2026-08-29""}]","","false","","Purchase promotion is limited to the category's separately reviewed default component route."
"whirlpool-wdt540hamz__will-not-fill","whirlpool-wdt540hamz","dishwasher","Whirlpool","WDT540HAMZ","exact-code","[""WDT540HAMZ1""]","will-not-fill","true","guided-checks","whirlpool-wdt540hamz::will-not-fill","[{""id"":""whirlpool-dishwasher-fill"",""kind"":""manufacturer-troubleshooting"",""title"":""Whirlpool dishwasher no-fill checks"",""publisher"":""Whirlpool"",""url"":""https://producthelp.whirlpool.com/Dishwashers/Dishwasher/Cycle_Concerns/Not_Filling%2F%2FNo_Water/Not_Filling_With_Water_-_Dishwasher"",""appliesTo"":""Whirlpool built-in dishwashers; household water, door, and visible supply checks only"",""lastVerified"":""2026-08-29""}]","","false","","Purchase promotion is limited to the category's separately reviewed default component route."
"whirlpool-wdt540hamz__is-leaking","whirlpool-wdt540hamz","dishwasher","Whirlpool","WDT540HAMZ","exact-code","[""WDT540HAMZ1""]","is-leaking","true","guided-checks","whirlpool-wdt540hamz::is-leaking","[{""id"":""whirlpool-dishwasher-leak"",""kind"":""manufacturer-troubleshooting"",""title"":""Whirlpool dishwasher leak troubleshooting"",""publisher"":""Whirlpool"",""url"":""https://producthelp.whirlpool.com/Dishwashers/Product_Info/Dishwasher_Product_Assistance/Dishwasher_Leaking_Troubleshooting_Guide"",""appliesTo"":""Whirlpool built-in dishwashers; suds, loading, and visible leak-location checks only"",""lastVerified"":""2026-08-29""}]","","false","","Purchase promotion is limited to the category's separately reviewed default component route."
"maytag-mdb8959skz__will-not-drain","maytag-mdb8959skz","dishwasher","Maytag","MDB8959SKZ","exact-code","[""MDB8959SKZ1""]","will-not-drain","true","purchase-ready","maytag-mdb8959skz::will-not-drain","[{""id"":""exp-maytag-dishwasher-drain"",""kind"":""manufacturer-troubleshooting"",""title"":""Maytag dishwasher not-draining guidance"",""publisher"":""Maytag"",""url"":""https://producthelp.maytag.com/Dishwashers/Product_Info/Dishwasher_Product_Assistance/Dishwasher_Not_Draining"",""appliesTo"":""Maytag built-in dishwashers"",""lastVerified"":""2026-08-27""}]","","true","{""name"":""W11497943 dishwasher drain pump"",""sku"":""W11497943"",""compatibleProductCodes"":[""MDB8959SKZ1""],""installBoundary"":""professional-only"",""compatibilityEvidence"":[{""id"":""maytag-mdb8959skz-w11497943-fit"",""kind"":""authorized-parts"",""title"":""Exact MDB8959SKZ1 drain-pump listing"",""publisher"":""Whirlpool Parts"",""url"":""https://www.whirlpoolparts.com/Shop-For-Parts/a9b4c36d2454085/Model-MDB8959SKZ1-Maytag-Dishwasher-Pump-Parts"",""appliesTo"":""MDB8959SKZ1 uses exact drain-pump SKU W11497943. The Whirlpool-authorized exact-model pump page explicitly lists W11497943 as the drain pump fitting MDB8959SKZ1."",""lastVerified"":""2026-08-29""},{""id"":""demo-dishwasher-w11497943-identity"",""kind"":""authorized-parts"",""title"":""Whirlpool Parts exact part W11497943"",""publisher"":""Whirlpool Parts"",""url"":""https://www.whirlpoolparts.com/PartDetail/Drain-Pump/W11497943/4960223"",""appliesTo"":""Dishwasher drain-pump part W11497943; exact appliance fit is established separately"",""lastVerified"":""2026-08-29""}],""sellerOffer"":{""provider"":""shopify-global-catalog"",""protocol"":""UCP"",""query"":""W11497943 dishwasher drain pump exact SKU"",""exactSku"":""W11497943"",""offerCountAtVerification"":8,""lastVerified"":""2026-08-29""}}",""
"maytag-mdb8959skz__door-will-not-close","maytag-mdb8959skz","dishwasher","Maytag","MDB8959SKZ","exact-code","[""MDB8959SKZ1""]","door-will-not-close","true","guided-checks","maytag-mdb8959skz::door-will-not-close","[{""id"":""dishwasher-maytag-door"",""kind"":""manufacturer-troubleshooting"",""title"":""Dishwasher door will not close"",""publisher"":""Maytag"",""url"":""https://producthelp.maytag.com/Dishwashers/Dishwasher/Door_Concerns/Door_Will_Not_Close/Door_Will_Not_Close_-_Dishwasher"",""appliesTo"":""Maytag dishwashers"",""lastVerified"":""2026-08-29""}]","","false","","Purchase promotion is limited to the category's separately reviewed default component route."
"maytag-mdb8959skz__not-cleaning","maytag-mdb8959skz","dishwasher","Maytag","MDB8959SKZ","exact-code","[""MDB8959SKZ1""]","not-cleaning","true","guided-checks","maytag-mdb8959skz::not-cleaning","[{""id"":""dishwasher-maytag-cleaning"",""kind"":""manufacturer-troubleshooting"",""title"":""Dishes are not clean"",""publisher"":""Maytag"",""url"":""https://producthelp.maytag.com/Dishwashers/Dishwasher/Wash_Performance/None_of_the_Dishes_are_Clean/Dishes_are_not_Clean"",""appliesTo"":""Maytag dishwashers"",""lastVerified"":""2026-08-29""}]","","false","","Purchase promotion is limited to the category's separately reviewed default component route."
"maytag-mdb8959skz__will-not-fill","maytag-mdb8959skz","dishwasher","Maytag","MDB8959SKZ","exact-code","[""MDB8959SKZ1""]","will-not-fill","true","guided-checks","maytag-mdb8959skz::will-not-fill","[{""id"":""dishwasher-maytag-fill"",""kind"":""manufacturer-troubleshooting"",""title"":""Dishwasher not filling with water"",""publisher"":""Maytag"",""url"":""https://producthelp.maytag.com/Dishwashers/Dishwasher/Cycle_Concerns/Not_Filling%2F%2FNo_Water/Not_Filling_With_Water_-_Dishwasher"",""appliesTo"":""Maytag dishwashers"",""lastVerified"":""2026-08-29""}]","","false","","Purchase promotion is limited to the category's separately reviewed default component route."
"maytag-mdb8959skz__is-leaking","maytag-mdb8959skz","dishwasher","Maytag","MDB8959SKZ","exact-code","[""MDB8959SKZ1""]","is-leaking","true","guided-checks","maytag-mdb8959skz::is-leaking","[{""id"":""dishwasher-maytag-leak"",""kind"":""manufacturer-troubleshooting"",""title"":""Dishwasher leaking from door"",""publisher"":""Maytag"",""url"":""https://producthelp.maytag.com/Dishwashers/Dishwasher/Leaking/Front%2F%2FDoor/Leaking_from_Door"",""appliesTo"":""Maytag dishwashers"",""lastVerified"":""2026-08-29""}]","","false","","Purchase promotion is limited to the category's separately reviewed default component route."
"kitchenaid-kdte204kps__will-not-drain","kitchenaid-kdte204kps","dishwasher","KitchenAid","KDTE204KPS","exact-code","[""KDTE204KPS2""]","will-not-drain","true","purchase-ready","kitchenaid-kdte204kps::will-not-drain","[{""id"":""exp-kitchenaid-dishwasher-drain"",""kind"":""manufacturer-troubleshooting"",""title"":""KitchenAid dishwasher water-remains guidance"",""publisher"":""KitchenAid"",""url"":""https://producthelp.kitchenaid.com/Dishwashers/Dishwasher/Operation/Not_Draining%2F%2FWater_Remains"",""appliesTo"":""KitchenAid built-in dishwashers"",""lastVerified"":""2026-08-27""}]","","true","{""name"":""KitchenAid dishwasher drain pump"",""sku"":""W11462456"",""compatibleProductCodes"":[""KDTE204KPS2""],""installBoundary"":""professional-only"",""compatibilityEvidence"":[{""id"":""kitchenaid-kdte204kps2-w11462456"",""kind"":""authorized-parts"",""title"":""Factory-certified exact-model listing with one drain-pump result W11462456"",""publisher"":""Whirlpool Parts"",""url"":""https://www.whirlpoolparts.com/Shop-For-Parts/a9b121i168d2466555/Model-KDTE204KPS2-Kitchenaid-Dishwasher-Drain-Pump-Parts"",""appliesTo"":""KitchenAid KDTE204KPS2 has one drain-pump result, Whirlpool OEM W11462456"",""lastVerified"":""2026-08-29""},{""id"":""whirlpool-w11462456-identity-2026-08-29"",""kind"":""authorized-parts"",""title"":""Whirlpool factory-certified W11462456 drain-pump page"",""publisher"":""Whirlpool Parts"",""url"":""https://www.whirlpoolparts.com/PartDetail/Drain-Pump/W11462456/4975481"",""appliesTo"":""Whirlpool OEM dishwasher drain pump W11462456; exact appliance fit is established on the exact-model listing"",""lastVerified"":""2026-08-29""}],""sellerOffer"":{""provider"":""shopify-global-catalog"",""protocol"":""UCP"",""query"":""KitchenAid W11462456 dishwasher drain pump exact part"",""exactSku"":""W11462456"",""offerCountAtVerification"":5,""lastVerified"":""2026-08-29""}}",""
"kitchenaid-kdte204kps__door-will-not-close","kitchenaid-kdte204kps","dishwasher","KitchenAid","KDTE204KPS","exact-code","[""KDTE204KPS2""]","door-will-not-close","true","guided-checks","kitchenaid-kdte204kps::door-will-not-close","[{""id"":""dishwasher-kitchenaid-door"",""kind"":""manufacturer-troubleshooting"",""title"":""Dishwasher door will not close"",""publisher"":""KitchenAid"",""url"":""https://producthelp.kitchenaid.com/Dishwashers/Dishwasher/Door_Concerns/Door_Will_Not_Close/Door_Will_Not_Close_-_Dishwasher"",""appliesTo"":""KitchenAid dishwashers"",""lastVerified"":""2026-08-29""}]","","false","","Purchase promotion is limited to the category's separately reviewed default component route."
"kitchenaid-kdte204kps__not-cleaning","kitchenaid-kdte204kps","dishwasher","KitchenAid","KDTE204KPS","exact-code","[""KDTE204KPS2""]","not-cleaning","true","guided-checks","kitchenaid-kdte204kps::not-cleaning","[{""id"":""dishwasher-kitchenaid-cleaning"",""kind"":""manufacturer-troubleshooting"",""title"":""Dishes are not clean"",""publisher"":""KitchenAid"",""url"":""https://producthelp.kitchenaid.com/Dishwashers/Dishwasher/Wash_Performance/None_of_the_Dishes_are_Clean/Dishes_are_not_Clean"",""appliesTo"":""KitchenAid dishwashers"",""lastVerified"":""2026-08-29""}]","","false","","Purchase promotion is limited to the category's separately reviewed default component route."
"kitchenaid-kdte204kps__will-not-fill","kitchenaid-kdte204kps","dishwasher","KitchenAid","KDTE204KPS","exact-code","[""KDTE204KPS2""]","will-not-fill","true","guided-checks","kitchenaid-kdte204kps::will-not-fill","[{""id"":""dishwasher-kitchenaid-fill"",""kind"":""manufacturer-troubleshooting"",""title"":""Dishwasher not filling with water"",""publisher"":""KitchenAid"",""url"":""https://producthelp.kitchenaid.com/Dishwashers/Dishwasher/Cycle_Concerns/Not_Filling%2F%2FNo_Water/Not_Filling_With_Water_-_Dishwasher"",""appliesTo"":""KitchenAid dishwashers"",""lastVerified"":""2026-08-29""}]","","false","","Purchase promotion is limited to the category's separately reviewed default component route."
"kitchenaid-kdte204kps__is-leaking","kitchenaid-kdte204kps","dishwasher","KitchenAid","KDTE204KPS","exact-code","[""KDTE204KPS2""]","is-leaking","true","guided-checks","kitchenaid-kdte204kps::is-leaking","[{""id"":""dishwasher-kitchenaid-leak"",""kind"":""manufacturer-troubleshooting"",""title"":""Dishwasher leaking from door"",""publisher"":""KitchenAid"",""url"":""https://producthelp.kitchenaid.com/Dishwashers/Dishwasher/Leaking/Front%2F%2FDoor/Leaking_from_Door"",""appliesTo"":""KitchenAid dishwashers"",""lastVerified"":""2026-08-29""}]","","false","","Purchase promotion is limited to the category's separately reviewed default component route."
"lg-ldps6762s__will-not-drain","lg-ldps6762s","dishwasher","LG","LDPS6762S","exact-code","[""LDPS6762S.ASSESNA""]","will-not-drain","true","guided-checks","lg-ldps6762s::will-not-drain","[{""id"":""exp-lg-dishwasher-drain"",""kind"":""manufacturer-troubleshooting"",""title"":""LG dishwasher not-draining guidance"",""publisher"":""LG"",""url"":""https://www.lg.com/us/support/help-library/how-to-fix-an-lg-dishwasher-that-is-not-draining--20155352254013"",""appliesTo"":""LG built-in dishwashers"",""lastVerified"":""2026-08-27""}]","","false","","No accepted complete-revision → one exact-SKU compatibility chain plus separately verified seller offer is recorded."
"lg-ldps6762s__door-will-not-close","lg-ldps6762s","dishwasher","LG","LDPS6762S","exact-code","[""LDPS6762S.ASSESNA""]","door-will-not-close","true","guided-checks","lg-ldps6762s::door-will-not-close","[{""id"":""dishwasher-lg-ldps6762-door-manual"",""kind"":""manufacturer-troubleshooting"",""title"":""LDPS6762S exact support page and owner's manual index"",""publisher"":""LG"",""url"":""https://www.lg.com/us/support/product/lg-LDPS6762S.ASSESNA"",""appliesTo"":""LDPS6762S.ASSESNA only; the indexed owner's manual directs checking that the door is completely closed and latched"",""lastVerified"":""2026-08-29""}]","","false","","Purchase promotion is limited to the category's separately reviewed default component route."
"lg-ldps6762s__not-cleaning","lg-ldps6762s","dishwasher","LG","LDPS6762S","exact-code","[""LDPS6762S.ASSESNA""]","not-cleaning","true","guided-checks","lg-ldps6762s::not-cleaning","[{""id"":""lg-dishwasher-cleaning"",""kind"":""manufacturer-troubleshooting"",""title"":""LG dishwasher cleaning-performance maintenance"",""publisher"":""LG"",""url"":""https://www.lg.com/us/support/help-library/lg-dishwasher-maintenance--1433962981524"",""appliesTo"":""LG dishwashers; loading, water temperature, and visible spray obstruction; filter removal excluded unless the exact manual matches"",""lastVerified"":""2026-08-29""}]","","false","","Purchase promotion is limited to the category's separately reviewed default component route."
"lg-ldps6762s__will-not-fill","lg-ldps6762s","dishwasher","LG","LDPS6762S","exact-code","[""LDPS6762S.ASSESNA""]","will-not-fill","true","guided-checks","lg-ldps6762s::will-not-fill","[{""id"":""lg-dishwasher-fill"",""kind"":""manufacturer-troubleshooting"",""title"":""LG dishwasher no-water checks"",""publisher"":""LG"",""url"":""https://www.lg.com/us/support/help-library/dishwasher-no-water-ie-error-code--20154712581272"",""appliesTo"":""All LG dishwasher models; household water and visible supply-hose checks only"",""lastVerified"":""2026-08-29""}]","","false","","Purchase promotion is limited to the category's separately reviewed default component route."
"lg-ldps6762s__is-leaking","lg-ldps6762s","dishwasher","LG","LDPS6762S","exact-code","[""LDPS6762S.ASSESNA""]","is-leaking","true","guided-checks","lg-ldps6762s::is-leaking","[{""id"":""lg-dishwasher-leak"",""kind"":""manufacturer-troubleshooting"",""title"":""LG dishwasher leak-code and suds guidance"",""publisher"":""LG"",""url"":""https://www.lg.com/us/support/help-library/lg-dishwasher-guide-to-error-codes--20154464775480"",""appliesTo"":""LG dishwashers; stop, suds, and error-code observations only"",""lastVerified"":""2026-08-29""}]","","false","","Purchase promotion is limited to the category's separately reviewed default component route."
"bosch-shx5aem5n01__will-not-drain","bosch-shx5aem5n01","dishwasher","Bosch","SHX5AEM5N/01","exact-code","[""SHX5AEM5N/01""]","will-not-drain","true","purchase-ready","bosch-shx5aem5n01::will-not-drain","[{""id"":""exp-bosch-dishwasher-drain"",""kind"":""manufacturer-troubleshooting"",""title"":""Bosch dishwasher not-draining guidance"",""publisher"":""Bosch"",""url"":""https://www.bosch-home.com/us/owner-support/dishwashers/troubleshooting"",""appliesTo"":""Bosch built-in dishwashers"",""lastVerified"":""2026-08-27""}]","","true","{""name"":""Bosch dishwasher drain pump"",""sku"":""00631200"",""compatibleProductCodes"":[""SHX5AEM5N/01""],""installBoundary"":""professional-only"",""compatibilityEvidence"":[{""id"":""bosch-shx5aem5n01-00631200"",""kind"":""manufacturer-part"",""title"":""Bosch exact E-Nr spare-parts list containing drain pump 00631200"",""publisher"":""Bosch"",""url"":""https://www.bosch-home.com/us/en/spare-parts-list/SHX5AEM5N-01"",""appliesTo"":""Bosch SHX5AEM5N/01 includes drain pump 00631200"",""lastVerified"":""2026-08-29""},{""id"":""bosch-00631200-identity-2026-08-29"",""kind"":""manufacturer-part"",""title"":""Bosch 00631200 Pump-drain product page"",""publisher"":""Bosch"",""url"":""https://www.bosch-home.com/us/en/product/00631200"",""appliesTo"":""Bosch manufacturer drain pump 00631200; exact E-Nr fit is established separately"",""lastVerified"":""2026-08-29""}],""sellerOffer"":{""provider"":""shopify-global-catalog"",""protocol"":""UCP"",""query"":""Bosch 00631200 dishwasher drain pump exact part"",""exactSku"":""00631200"",""offerCountAtVerification"":5,""lastVerified"":""2026-08-29""}}",""
"bosch-shx5aem5n01__door-will-not-close","bosch-shx5aem5n01","dishwasher","Bosch","SHX5AEM5N/01","exact-code","[""SHX5AEM5N/01""]","door-will-not-close","true","guided-checks","bosch-shx5aem5n01::door-will-not-close","[{""id"":""dishwasher-bosch-door"",""kind"":""manufacturer-troubleshooting"",""title"":""Bosch dishwasher troubleshooting"",""publisher"":""Bosch"",""url"":""https://www.bosch-home.com/us/owner-support/dishwashers/troubleshooting"",""appliesTo"":""Bosch dishwashers; feature-specific branches are model-gated"",""lastVerified"":""2026-08-29""}]","","false","","Purchase promotion is limited to the category's separately reviewed default component route."
"bosch-shx5aem5n01__not-cleaning","bosch-shx5aem5n01","dishwasher","Bosch","SHX5AEM5N/01","exact-code","[""SHX5AEM5N/01""]","not-cleaning","true","guided-checks","bosch-shx5aem5n01::not-cleaning","[{""id"":""bosch-dishwasher-cleaning"",""kind"":""manufacturer-troubleshooting"",""title"":""Bosch dishwasher not-cleaning checks"",""publisher"":""Bosch"",""url"":""https://www.bosch-home.com/us/owner-support/get-support/support-selfhelp-dishwasher-not-cleaning-dishes"",""appliesTo"":""Bosch dishwashers; loading, detergent, water temperature, and visible spray observations only"",""lastVerified"":""2026-08-29""}]","","false","","Purchase promotion is limited to the category's separately reviewed default component route."
"bosch-shx5aem5n01__will-not-fill","bosch-shx5aem5n01","dishwasher","Bosch","SHX5AEM5N/01","exact-code","[""SHX5AEM5N/01""]","will-not-fill","true","guided-checks","bosch-shx5aem5n01::will-not-fill","[{""id"":""bosch-dishwasher-fill"",""kind"":""manufacturer-troubleshooting"",""title"":""Bosch dishwasher not-drawing-water checks"",""publisher"":""Bosch"",""url"":""https://www.bosch-home.com/us/owner-support/get-support/support-selfhelp-dishwasher-not-drawing-water"",""appliesTo"":""Bosch dishwashers; household supply, visible hose, and door observations only"",""lastVerified"":""2026-08-29""}]","","false","","Purchase promotion is limited to the category's separately reviewed default component route."
"bosch-shx5aem5n01__is-leaking","bosch-shx5aem5n01","dishwasher","Bosch","SHX5AEM5N/01","exact-code","[""SHX5AEM5N/01""]","is-leaking","true","guided-checks","bosch-shx5aem5n01::is-leaking","[{""id"":""bosch-dishwasher-leak"",""kind"":""manufacturer-troubleshooting"",""title"":""Bosch dishwasher leak error guidance"",""publisher"":""Bosch"",""url"":""https://www.bosch-home.com/us/owner-support/error-codes/dishwashers"",""appliesTo"":""Bosch dishwashers; visible leak or E15 condition is a stop and service boundary"",""lastVerified"":""2026-08-29""}]","","false","","Purchase promotion is limited to the category's separately reviewed default component route."
"lg-dlex6500b__door-will-not-close","lg-dlex6500b","dryer","LG","DLEX6500B","exact-code","[""DLEX6500B.ABLEECI""]","door-will-not-close","true","guided-checks","lg-dlex6500b::door-will-not-close","[{""id"":""exp-lg-dryer-door"",""kind"":""manufacturer-troubleshooting"",""title"":""LG dryer door-error guidance"",""publisher"":""LG"",""url"":""https://www.lg.com/us/support/help-library/lg-dryer-error-code-list--20152310891742"",""appliesTo"":""LG electric dryers"",""lastVerified"":""2026-08-27""}]","","false","","No accepted complete-revision → one exact-SKU compatibility chain plus separately verified seller offer is recorded."
"lg-dlex6500b__will-not-start","lg-dlex6500b","dryer","LG","DLEX6500B","exact-code","[""DLEX6500B.ABLEECI""]","will-not-start","true","guided-checks","lg-dlex6500b::will-not-start","[{""id"":""lg-dryer-start"",""kind"":""manufacturer-troubleshooting"",""title"":""LG dryer power and start checks"",""publisher"":""LG"",""url"":""https://www.lg.com/us/support/help-library/power-issues-laundry-dryer--20150394890820"",""appliesTo"":""LG electric dryers; visible power, control-lock, door, and cycle observations only"",""lastVerified"":""2026-08-29""}]","","false","","Purchase promotion is limited to the category's separately reviewed default component route."
"lg-dlex6500b__not-heating","lg-dlex6500b","dryer","LG","DLEX6500B","exact-code","[""DLEX6500B.ABLEECI""]","not-heating","true","guided-checks","lg-dlex6500b::not-heating","[{""id"":""lg-dryer-heat"",""kind"":""manufacturer-troubleshooting"",""title"":""LG dryer not-heating checks"",""publisher"":""LG"",""url"":""https://www.lg.com/us/support/help-library/not-heating-not-drying-or-long-time-drying-CT10000011-1432223739634"",""appliesTo"":""LG electric dryers; cycle, lint screen, and household vent observations only"",""lastVerified"":""2026-08-29""}]","","false","","Purchase promotion is limited to the category's separately reviewed default component route."
"lg-dlex6500b__drum-will-not-turn","lg-dlex6500b","dryer","LG","DLEX6500B","exact-code","[""DLEX6500B.ABLEECI""]","drum-will-not-turn","true","guided-checks","lg-dlex6500b::drum-will-not-turn","[{""id"":""lg-dryer-drum"",""kind"":""manufacturer-troubleshooting"",""title"":""LG dryer drum-not-turning checks"",""publisher"":""LG"",""url"":""https://www.lg.com/us/support/help-library/lg-dryer-dryer-drum-not-turning--20154713270264"",""appliesTo"":""All LG dryer models; load, door, and service-stop observations only"",""lastVerified"":""2026-08-29""}]","","false","","Purchase promotion is limited to the category's separately reviewed default component route."
"ge-gtd58ebsvws__door-will-not-close","ge-gtd58ebsvws","dryer","GE","GTD58EBSVWS","exact-code","[""GTD58EBSV0WS""]","door-will-not-close","true","purchase-ready","ge-gtd58ebsvws::door-will-not-close","[{""id"":""exp-ge-dryer-start"",""kind"":""manufacturer-troubleshooting"",""title"":""GE dryer will-not-start guidance"",""publisher"":""GE Appliances"",""url"":""https://products.geappliances.com/appliance/gea-support-search-content?contentId=17381"",""appliesTo"":""GE electric dryers"",""lastVerified"":""2026-08-27""}]","","true","{""name"":""Dryer strike"",""sku"":""WE01M10007"",""compatibleProductCodes"":[""GTD58EBSV0WS""],""installBoundary"":""user-replaceable"",""compatibilityEvidence"":[{""id"":""ge-gtd58ebsvws-we01m10007-fit"",""kind"":""authorized-parts"",""title"":""Exact GTD58EBSV0WS visible door-side strike listing"",""publisher"":""Encompass (GE-authorized parts distributor)"",""url"":""https://encompass.com/model/HOTGTD58EBSV0WS"",""appliesTo"":""GTD58EBSV0WS uses visible door-side strike WE01M10007. Authorized exact-model ledger lists GE Strike WE01M10007 for GTD58EBSV0WS."",""lastVerified"":""2026-08-29""},{""id"":""demo-dryer-we01m10007-identity"",""kind"":""authorized-parts"",""title"":""GE Appliances Parts exact door-side strike WE01M10007"",""publisher"":""GE Appliances Parts"",""url"":""https://www.geapplianceparts.com/store/parts/ModelSectionParts/HTX24EASK0WS/2/0/0/0/FRONT_PANEL_%26_DOOR"",""appliesTo"":""Dryer door-side strike WE01M10007; exact appliance fit and observation gate are established separately"",""lastVerified"":""2026-08-29""}],""sellerOffer"":{""provider"":""shopify-global-catalog"",""protocol"":""UCP"",""query"":""WE01M10007 dryer door strike exact SKU"",""exactSku"":""WE01M10007"",""offerCountAtVerification"":10,""lastVerified"":""2026-08-29""}}",""
"ge-gtd58ebsvws__will-not-start","ge-gtd58ebsvws","dryer","GE","GTD58EBSVWS","exact-code","[""GTD58EBSV0WS""]","will-not-start","true","guided-checks","ge-gtd58ebsvws::will-not-start","[{""id"":""ge-dryer-start"",""kind"":""manufacturer-troubleshooting"",""title"":""GE dryer will-not-start checks"",""publisher"":""GE Appliances"",""url"":""https://products.geappliances.com/appliance/gea-support-search-content?contentId=17381"",""appliesTo"":""GE electric dryers; visible plug, door, controls, and breaker observations only"",""lastVerified"":""2026-08-29""}]","","false","","Purchase promotion is limited to the category's separately reviewed default component route."
"ge-gtd58ebsvws__not-heating","ge-gtd58ebsvws","dryer","GE","GTD58EBSVWS","exact-code","[""GTD58EBSV0WS""]","not-heating","true","guided-checks","ge-gtd58ebsvws::not-heating","[{""id"":""ge-dryer-heat"",""kind"":""manufacturer-troubleshooting"",""title"":""GE electric dryer runs-without-heat checks"",""publisher"":""GE Appliances"",""url"":""https://products.geappliances.com/appliance/gea-support-search-content?contentId=16921"",""appliesTo"":""GE electric dryers; cycle, airflow, and household breaker observations only; no terminal access"",""lastVerified"":""2026-08-29""}]","","false","","Purchase promotion is limited to the category's separately reviewed default component route."
"ge-gtd58ebsvws__drum-will-not-turn","ge-gtd58ebsvws","dryer","GE","GTD58EBSVWS","exact-code","[""GTD58EBSV0WS""]","drum-will-not-turn","true","guided-checks","ge-gtd58ebsvws::drum-will-not-turn","[{""id"":""ge-dryer-drum"",""kind"":""manufacturer-troubleshooting"",""title"":""GE dryer drum-does-not-turn checks"",""publisher"":""GE Appliances"",""url"":""https://products.geappliances.com/appliance/gea-support-search-content?contentId=17096"",""appliesTo"":""GE dryers; load observation and professional stop; no internal access"",""lastVerified"":""2026-08-29""}]","","false","","Purchase promotion is limited to the category's separately reviewed default component route."
"whirlpool-wed6150pb__door-will-not-close","whirlpool-wed6150pb","dryer","Whirlpool","WED6150PB","exact-code","[""WED6150PB0""]","door-will-not-close","true","purchase-ready","whirlpool-wed6150pb::door-will-not-close","[{""id"":""exp-whirlpool-dryer-start"",""kind"":""manufacturer-troubleshooting"",""title"":""Whirlpool dryer not-starting guidance"",""publisher"":""Whirlpool"",""url"":""https://producthelp.whirlpool.com/Laundry/Dryers/Product_Info/Dryer_Product_Assistance/Dryer_Not_Starting_or_No_Operation"",""appliesTo"":""Whirlpool electric dryers"",""lastVerified"":""2026-08-27""}]","","true","{""name"":""Dryer door strike"",""sku"":""W11429589"",""compatibleProductCodes"":[""WED6150PB0""],""installBoundary"":""user-replaceable"",""compatibilityEvidence"":[{""id"":""whirlpool-wed6150pb-w11429589-fit"",""kind"":""authorized-parts"",""title"":""Exact WED6150PB0 visible door-side strike listing"",""publisher"":""Whirlpool Parts (authorized)"",""url"":""https://www.whirlpoolparts.com/Shop-For-Parts/a8b5d2467159/Model-WED6150PB0-Whirlpool-Dryer-Parts?n=3"",""appliesTo"":""WED6150PB0 uses visible door-side strike W11429589. Authorized exact-model listing states OEM W11429589 Door Strike fits WED6150PB0; W11429587 is separately listed as the door catch and is not substituted."",""lastVerified"":""2026-08-29""},{""id"":""demo-dryer-w11429589-identity"",""kind"":""authorized-parts"",""title"":""Whirlpool Parts (authorized) exact door-side strike W11429589"",""publisher"":""Whirlpool Parts (authorized)"",""url"":""https://www.whirlpoolparts.com/Shop-For-Parts/a8b5d2467159/Model-WED6150PB0-Whirlpool-Dryer-Parts?n=3"",""appliesTo"":""Dryer door-side strike W11429589; exact appliance fit and observation gate are established separately"",""lastVerified"":""2026-08-29""}],""sellerOffer"":{""provider"":""shopify-global-catalog"",""protocol"":""UCP"",""query"":""W11429589 dryer door strike exact SKU"",""exactSku"":""W11429589"",""offerCountAtVerification"":10,""lastVerified"":""2026-08-29""}}",""
"whirlpool-wed6150pb__will-not-start","whirlpool-wed6150pb","dryer","Whirlpool","WED6150PB","exact-code","[""WED6150PB0""]","will-not-start","true","guided-checks","whirlpool-wed6150pb::will-not-start","[{""id"":""whirlpool-dryer-start"",""kind"":""manufacturer-troubleshooting"",""title"":""Whirlpool dryer not-starting checks"",""publisher"":""Whirlpool"",""url"":""https://producthelp.whirlpool.com/Laundry/Dryers/Dryer/Operation/Not_Starting/Not_Starting_or_Not_Operating_-_Dryer"",""appliesTo"":""Whirlpool electric dryers; visible controls, door, cycle, and power observations only"",""lastVerified"":""2026-08-29""}]","","false","","Purchase promotion is limited to the category's separately reviewed default component route."
"whirlpool-wed6150pb__not-heating","whirlpool-wed6150pb","dryer","Whirlpool","WED6150PB","exact-code","[""WED6150PB0""]","not-heating","true","guided-checks","whirlpool-wed6150pb::not-heating","[{""id"":""whirlpool-dryer-heat"",""kind"":""manufacturer-troubleshooting"",""title"":""Whirlpool electric dryer not-heating checks"",""publisher"":""Whirlpool"",""url"":""https://producthelp.whirlpool.com/Laundry/Dryers/Dryer/Operation/Not_Heating/Not_Heating_-_Electric_Dryer"",""appliesTo"":""Whirlpool electric dryers; heated cycle, airflow, and household breaker observations only"",""lastVerified"":""2026-08-29""}]","","false","","Purchase promotion is limited to the category's separately reviewed default component route."
"whirlpool-wed6150pb__drum-will-not-turn","whirlpool-wed6150pb","dryer","Whirlpool","WED6150PB","exact-code","[""WED6150PB0""]","drum-will-not-turn","true","guided-checks","whirlpool-wed6150pb::drum-will-not-turn","[{""id"":""whirlpool-dryer-drum"",""kind"":""manufacturer-troubleshooting"",""title"":""Whirlpool dryer not-tumbling checks"",""publisher"":""Whirlpool"",""url"":""https://producthelp.whirlpool.com/Laundry/Dryers/Dryer/Operation/Not_Starting/Not_Tumbling_or_Spinning_-_Dryer"",""appliesTo"":""Whirlpool electric dryers; power, start, and professional-stop observations only"",""lastVerified"":""2026-08-29""}]","","false","","Purchase promotion is limited to the category's separately reviewed default component route."
"maytag-med6500mbk__door-will-not-close","maytag-med6500mbk","dryer","Maytag","MED6500MBK","family-only","[]","door-will-not-close","true","guided-checks","maytag-med6500mbk::door-will-not-close","[{""id"":""exp-maytag-dryer-start"",""kind"":""manufacturer-troubleshooting"",""title"":""Maytag dryer not-starting guidance"",""publisher"":""Maytag"",""url"":""https://producthelp.maytag.com/Laundry/Dryers/Product_Info/Dryer_Product_Assistance/Dryer_Not_Starting_or_No_Operation"",""appliesTo"":""Maytag electric dryers"",""lastVerified"":""2026-08-27""}]","","false","","A complete revision code is not independently verified for this catalog identity."
"maytag-med6500mbk__will-not-start","maytag-med6500mbk","dryer","Maytag","MED6500MBK","family-only","[]","will-not-start","true","guided-checks","maytag-med6500mbk::will-not-start","[{""id"":""dryer-maytag-dryer-start"",""kind"":""manufacturer-troubleshooting"",""title"":""Maytag dryer troubleshooting: Door, cycle, Start control, Control Lock, visible power, and household breaker checks."",""publisher"":""Maytag"",""url"":""https://producthelp.maytag.com/Laundry/Dryers/Dryer/Operation/Not_Starting/Not_Starting_or_Not_Operating_-_Dryer"",""appliesTo"":""Maytag MED6500MBK; Content was used only for the stated visible or owner-accessible checks; unsafe and wrong-topology sections are excluded."",""lastVerified"":""2026-08-29""}]","","false","","Purchase promotion is limited to the category's separately reviewed default component route."
"maytag-med6500mbk__not-heating","maytag-med6500mbk","dryer","Maytag","MED6500MBK","family-only","[]","not-heating","true","guided-checks","maytag-med6500mbk::not-heating","[{""id"":""dryer-maytag-electric-dryer-heat"",""kind"":""manufacturer-troubleshooting"",""title"":""Maytag dryer troubleshooting: Electric-dryer dual-breaker and Air Only checks; terminal-block instructions are excluded."",""publisher"":""Maytag"",""url"":""https://producthelp.maytag.com/Laundry/Dryers/Dryer/Operation/Not_Heating/Not_Heating_-_Electric_Dryer"",""appliesTo"":""Maytag MED6500MBK; Content was used only for the stated visible or owner-accessible checks; unsafe and wrong-topology sections are excluded."",""lastVerified"":""2026-08-29""}]","","false","","Purchase promotion is limited to the category's separately reviewed default component route."
"maytag-med6500mbk__drum-will-not-turn","maytag-med6500mbk","dryer","Maytag","MED6500MBK","family-only","[]","drum-will-not-turn","true","guided-checks","maytag-med6500mbk::drum-will-not-turn","[{""id"":""dryer-maytag-dryer-tumble"",""kind"":""manufacturer-troubleshooting"",""title"":""Maytag dryer troubleshooting: Visible power and Start-control observations followed by service; terminal access is excluded."",""publisher"":""Maytag"",""url"":""https://producthelp.maytag.com/Laundry/Dryers/Dryer/Operation/Not_Starting/Not_Tumbling_or_Spinning_-_Dryer"",""appliesTo"":""Maytag MED6500MBK; Content was used only for the stated visible or owner-accessible checks; unsafe and wrong-topology sections are excluded."",""lastVerified"":""2026-08-29""}]","","false","","Purchase promotion is limited to the category's separately reviewed default component route."
"electrolux-elfe7437aw__door-will-not-close","electrolux-elfe7437aw","dryer","Electrolux","ELFE7437AW","family-only","[]","door-will-not-close","true","guided-checks","electrolux-elfe7437aw::door-will-not-close","[{""id"":""exp-electrolux-dryer-start"",""kind"":""manufacturer-troubleshooting"",""title"":""Electrolux dryer not-starting guidance"",""publisher"":""Electrolux"",""url"":""https://owner.electrolux.com/support-articles/article/1853009-what-should-i-do-if-my-dryer-does-not-start-"",""appliesTo"":""Electrolux electric dryers"",""lastVerified"":""2026-08-27""}]","","false","","A complete revision code is not independently verified for this catalog identity."
"electrolux-elfe7437aw__will-not-start","electrolux-elfe7437aw","dryer","Electrolux","ELFE7437AW","family-only","[]","will-not-start","true","guided-checks","electrolux-elfe7437aw::will-not-start","[{""id"":""dryer-electrolux-dryer-start"",""kind"":""manufacturer-troubleshooting"",""title"":""Electrolux dryer troubleshooting: Start control, cycle selector, door, plug, and household breaker checks."",""publisher"":""Electrolux"",""url"":""https://owner.electrolux.com/support-articles/article/1853009-what-should-i-do-if-my-dryer-does-not-start-"",""appliesTo"":""Electrolux ELFE7437AW; Content was used only for the stated visible or owner-accessible checks; unsafe and wrong-topology sections are excluded."",""lastVerified"":""2026-08-29""}]","","false","","Purchase promotion is limited to the category's separately reviewed default component route."
"electrolux-elfe7437aw__not-heating","electrolux-elfe7437aw","dryer","Electrolux","ELFE7437AW","family-only","[]","not-heating","true","guided-checks","electrolux-elfe7437aw::not-heating","[{""id"":""dryer-electrolux-electric-dryer-heat"",""kind"":""manufacturer-troubleshooting"",""title"":""Electrolux dryer troubleshooting: Electric-dryer dual-circuit and Air Fluff checks; outlet verification is professional-only."",""publisher"":""Electrolux"",""url"":""https://owner.electrolux.com/support-articles/article/1853007-my-dryer-is-running-but-does-not-seem-to-be-heating-what-should-i-do-"",""appliesTo"":""Electrolux ELFE7437AW; Content was used only for the stated visible or owner-accessible checks; unsafe and wrong-topology sections are excluded."",""lastVerified"":""2026-08-29""}]","","false","","Purchase promotion is limited to the category's separately reviewed default component route."
"electrolux-elfe7437aw__drum-will-not-turn","electrolux-elfe7437aw","dryer","Electrolux","ELFE7437AW","family-only","[]","drum-will-not-turn","true","guided-checks","electrolux-elfe7437aw::drum-will-not-turn","[{""id"":""dryer-electrolux-dryer-stop-overload"",""kind"":""manufacturer-troubleshooting"",""title"":""Electrolux dryer troubleshooting: Overload reduction, cool-down, and service stop for the thermal limiter."",""publisher"":""Electrolux"",""url"":""https://owner.electrolux.com/support-articles/article/1853011-what-should-i-do-if-my-dryer-stops-operating-?locale=en-US"",""appliesTo"":""Electrolux ELFE7437AW; Content was used only for the stated visible or owner-accessible checks; unsafe and wrong-topology sections are excluded."",""lastVerified"":""2026-08-29""}]","","false","","Purchase promotion is limited to the category's separately reviewed default component route."
"samsung-dve54cg7150da3__door-will-not-close","samsung-dve54cg7150da3","dryer","Samsung","DVE54CG7150D/A3","exact-code","[""DVE54CG7150D/A3""]","door-will-not-close","true","guided-checks","samsung-dve54cg7150da3::door-will-not-close","[{""id"":""exp-samsung-dryer-door"",""kind"":""manufacturer-troubleshooting"",""title"":""Samsung dryer door-error guidance"",""publisher"":""Samsung"",""url"":""https://www.samsung.com/us/support/troubleshoot/TSG10001006/"",""appliesTo"":""Samsung electric dryers"",""lastVerified"":""2026-08-27""}]","","false","","No accepted complete-revision → one exact-SKU compatibility chain plus separately verified seller offer is recorded."
"samsung-dve54cg7150da3__will-not-start","samsung-dve54cg7150da3","dryer","Samsung","DVE54CG7150D/A3","exact-code","[""DVE54CG7150D/A3""]","will-not-start","true","guided-checks","samsung-dve54cg7150da3::will-not-start","[{""id"":""samsung-dryer-start-drum"",""kind"":""manufacturer-troubleshooting"",""title"":""Samsung dryer start and spin checks"",""publisher"":""Samsung"",""url"":""https://www.samsung.com/us/support/troubleshoot/TSG10007168/"",""appliesTo"":""Samsung dryers; error, child-lock, cycle-start, door, and service-stop observations only"",""lastVerified"":""2026-08-29""}]","","false","","Purchase promotion is limited to the category's separately reviewed default component route."
"samsung-dve54cg7150da3__not-heating","samsung-dve54cg7150da3","dryer","Samsung","DVE54CG7150D/A3","exact-code","[""DVE54CG7150D/A3""]","not-heating","true","guided-checks","samsung-dve54cg7150da3::not-heating","[{""id"":""samsung-dryer-heat"",""kind"":""manufacturer-troubleshooting"",""title"":""Samsung dryer no-heat and airflow checks"",""publisher"":""Samsung"",""url"":""https://www.samsung.com/us/support/troubleshoot/TSG10001001/"",""appliesTo"":""Samsung vented electric dryers; timed-cycle, lint screen, and visible vent observations only"",""lastVerified"":""2026-08-29""}]","","false","","Purchase promotion is limited to the category's separately reviewed default component route."
"samsung-dve54cg7150da3__drum-will-not-turn","samsung-dve54cg7150da3","dryer","Samsung","DVE54CG7150D/A3","exact-code","[""DVE54CG7150D/A3""]","drum-will-not-turn","true","guided-checks","samsung-dve54cg7150da3::drum-will-not-turn","[{""id"":""samsung-dryer-start-drum"",""kind"":""manufacturer-troubleshooting"",""title"":""Samsung dryer start and spin checks"",""publisher"":""Samsung"",""url"":""https://www.samsung.com/us/support/troubleshoot/TSG10007168/"",""appliesTo"":""Samsung dryers; error, child-lock, cycle-start, door, and service-stop observations only"",""lastVerified"":""2026-08-29""}]","","false","","Purchase promotion is limited to the category's separately reviewed default component route."
"lg-lrmvc2306s__slow-water-flow","lg-lrmvc2306s","refrigerator","LG","LRMVC2306S","exact-code","[""LRMVC2306S.ASTCNA0""]","slow-water-flow","true","purchase-ready","lg-lrmvc2306s::slow-water-flow","[{""id"":""exp-lg-refrigerator-water"",""kind"":""manufacturer-troubleshooting"",""title"":""LG refrigerator slow-water guidance"",""publisher"":""LG"",""url"":""https://www.lg.com/us/support/help-library/lg-refrigerator-water-dispensing-slowly-CT10000021-1337887886789"",""appliesTo"":""LG refrigerators with a water dispenser"",""lastVerified"":""2026-08-27""}]","","true","{""name"":""LT1000P refrigerator water filter"",""sku"":""LT1000P"",""compatibleProductCodes"":[""LRMVC2306S.ASTCNA0""],""installBoundary"":""user-replaceable"",""compatibilityEvidence"":[{""id"":""lg-lrmvc2306s-lt1000p"",""kind"":""manufacturer-part"",""title"":""LG LRMVC2306S specifications naming the LT1000P filter"",""publisher"":""LG"",""url"":""https://www.lg.com/us/business/refrigerators/lg-lrmvc2306s"",""appliesTo"":""LG LRMVC2306S.ASTCNA0"",""lastVerified"":""2026-08-29""},{""id"":""lg-lrmvc2306s-astcna0-support"",""kind"":""manufacturer-part"",""title"":""LG exact-revision support page"",""publisher"":""LG"",""url"":""https://www.lg.com/us/support/product/lg-LRMVC2306S.ASTCNA0"",""appliesTo"":""LG LRMVC2306S.ASTCNA0"",""lastVerified"":""2026-08-29""},{""id"":""lg-lt1000p-identity-2026-08-29"",""kind"":""manufacturer-part"",""title"":""LG LT1000P genuine replacement water-filter page"",""publisher"":""LG"",""url"":""https://www.lg.com/us/appliances-accessories/lg-lt1000p-refrigerator-water-filter"",""appliesTo"":""LG LT1000P genuine replacement filter; model fit is established separately"",""lastVerified"":""2026-08-29""}],""sellerOffer"":{""provider"":""shopify-global-catalog"",""protocol"":""UCP"",""query"":""LG LT1000P refrigerator water filter exact part"",""exactSku"":""LT1000P"",""offerCountAtVerification"":5,""lastVerified"":""2026-08-29""}}",""
"lg-lrmvc2306s__door-will-not-close","lg-lrmvc2306s","refrigerator","LG","LRMVC2306S","exact-code","[""LRMVC2306S.ASTCNA0""]","door-will-not-close","true","guided-checks","lg-lrmvc2306s::door-will-not-close","[{""id"":""lg-refrigerator-door"",""kind"":""manufacturer-troubleshooting"",""title"":""LG refrigerator door not closing properly"",""publisher"":""LG"",""url"":""https://www.lg.com/us/support/help-library/lg-refrigerator-how-to-troubleshoot-a-refrigerator-door-not-closing-properly-CT10000021-20153109606488"",""appliesTo"":""LG refrigerators; all-model article with model-dependent visuals"",""lastVerified"":""2026-08-28""}]","","false","","Purchase promotion is limited to the category's separately reviewed default component route."
"lg-lrmvc2306s__not-cooling","lg-lrmvc2306s","refrigerator","LG","LRMVC2306S","exact-code","[""LRMVC2306S.ASTCNA0""]","not-cooling","true","guided-checks","lg-lrmvc2306s::not-cooling","[{""id"":""lg-refrigerator-cooling"",""kind"":""manufacturer-troubleshooting"",""title"":""LG refrigerator cooling troubleshooting"",""publisher"":""LG"",""url"":""https://www.lg.com/us/support/help-library/lg-refrigerator-not-cooling-CT10000021-1429710717769"",""appliesTo"":""LG full-size refrigerators; settings, door, airflow, and food-safety observations only"",""lastVerified"":""2026-08-29""}]","","false","","Purchase promotion is limited to the category's separately reviewed default component route."
"lg-lrmvc2306s__is-leaking","lg-lrmvc2306s","refrigerator","LG","LRMVC2306S","exact-code","[""LRMVC2306S.ASTCNA0""]","is-leaking","true","guided-checks","lg-lrmvc2306s::is-leaking","[{""id"":""lg-refrigerator-leak"",""kind"":""manufacturer-troubleshooting"",""title"":""LG refrigerator leak troubleshooting"",""publisher"":""LG"",""url"":""https://www.lg.com/us/support/help-library/lg-refrigerator-troubleshooting-a-leaking-refrigerator--20152715569705"",""appliesTo"":""LG refrigerators with factory water/ice systems; visible source, shutoff, filter, and service-stop observations only"",""lastVerified"":""2026-08-29""}]","","false","","Purchase promotion is limited to the category's separately reviewed default component route."
"lg-lrmvc2306s__ice-maker-not-making-ice","lg-lrmvc2306s","refrigerator","LG","LRMVC2306S","exact-code","[""LRMVC2306S.ASTCNA0""]","ice-maker-not-making-ice","true","guided-checks","lg-lrmvc2306s::ice-maker-not-making-ice","[{""id"":""lg-refrigerator-ice"",""kind"":""manufacturer-troubleshooting"",""title"":""LG refrigerator no-ice checks"",""publisher"":""LG"",""url"":""https://www.lg.com/us/support/help-library/lg-refrigerator-why-is-my-refrigerator-not-making-ice-CT10000021-1400773605181"",""appliesTo"":""LG refrigerators with factory icemakers; temperature, power, water, and visible bin checks only; test-mode instructions excluded"",""lastVerified"":""2026-08-29""}]","","false","","Purchase promotion is limited to the category's separately reviewed default component route."
"ge-gne29gynfs__slow-water-flow","ge-gne29gynfs","refrigerator","GE","GNE29GYNFS","family-only","[]","slow-water-flow","true","guided-checks","ge-gne29gynfs::slow-water-flow","[{""id"":""exp-ge-refrigerator-water"",""kind"":""manufacturer-troubleshooting"",""title"":""GE refrigerator water-filter guidance"",""publisher"":""GE Appliances"",""url"":""https://products.geappliances.com/appliance/gea-support-search-content?contentId=17409"",""appliesTo"":""GE refrigerators with a water dispenser"",""lastVerified"":""2026-08-27""}]","","false","","A complete revision code is not independently verified for this catalog identity."
"ge-gne29gynfs__door-will-not-close","ge-gne29gynfs","refrigerator","GE","GNE29GYNFS","family-only","[]","door-will-not-close","true","guided-checks","ge-gne29gynfs::door-will-not-close","[{""id"":""ge-refrigerator-door"",""kind"":""manufacturer-troubleshooting"",""title"":""GE refrigerator door will not close"",""publisher"":""GE Appliances"",""url"":""https://products.geappliances.com/appliance/gea-support-search-content?contentId=18947"",""appliesTo"":""GE refrigerators and freezers; built-in leveling exclusions apply"",""lastVerified"":""2026-08-28""}]","","false","","Purchase promotion is limited to the category's separately reviewed default component route."
"ge-gne29gynfs__not-cooling","ge-gne29gynfs","refrigerator","GE","GNE29GYNFS","family-only","[]","not-cooling","true","guided-checks","ge-gne29gynfs::not-cooling","[{""id"":""ge-refrigerator-cooling"",""kind"":""manufacturer-troubleshooting"",""title"":""GE refrigerator not-cooling-enough checks"",""publisher"":""GE Appliances"",""url"":""https://products.geappliances.com/appliance/gea-support-search-content?contentId=21185"",""appliesTo"":""GE full-size refrigerators; settings, room conditions, airflow, door, and light observations only"",""lastVerified"":""2026-08-29""}]","","false","","Purchase promotion is limited to the category's separately reviewed default component route."
"ge-gne29gynfs__is-leaking","ge-gne29gynfs","refrigerator","GE","GNE29GYNFS","family-only","[]","is-leaking","true","guided-checks","ge-gne29gynfs::is-leaking","[{""id"":""ge-refrigerator-leak"",""kind"":""manufacturer-troubleshooting"",""title"":""GE refrigerator icemaker leak stop guidance"",""publisher"":""GE Appliances"",""url"":""https://products.geappliances.com/appliance/gea-support-search-content?contentId=19092"",""appliesTo"":""GE refrigerators with factory icemakers; turn-off and household-water stop only"",""lastVerified"":""2026-08-29""}]","","false","","Purchase promotion is limited to the category's separately reviewed default component route."
"ge-gne29gynfs__ice-maker-not-making-ice","ge-gne29gynfs","refrigerator","GE","GNE29GYNFS","family-only","[]","ice-maker-not-making-ice","true","guided-checks","ge-gne29gynfs::ice-maker-not-making-ice","[{""id"":""ge-refrigerator-ice"",""kind"":""manufacturer-troubleshooting"",""title"":""GE refrigerator icemaker no-ice checks"",""publisher"":""GE Appliances"",""url"":""https://products.geappliances.com/appliance/gea-support-search-content?contentId=39364"",""appliesTo"":""GE refrigerators with factory icemakers; power, temperature, filter-age, and visible ice-bin checks only"",""lastVerified"":""2026-08-29""}]","","false","","Purchase promotion is limited to the category's separately reviewed default component route."
"whirlpool-wrf555sdfz08__slow-water-flow","whirlpool-wrf555sdfz08","refrigerator","Whirlpool","WRF555SDFZ08","exact-code","[""WRF555SDFZ08""]","slow-water-flow","true","purchase-ready","whirlpool-wrf555sdfz08::slow-water-flow","[{""id"":""exp-whirlpool-french-refrigerator-water"",""kind"":""manufacturer-troubleshooting"",""title"":""Whirlpool water-filter replacement guidance"",""publisher"":""Whirlpool"",""url"":""https://producthelp.whirlpool.com/Refrigeration/Water_Filter_Information/Product_Assistance/Does_the_Water_Filter_Need_to_be_Replaced%253F"",""appliesTo"":""Whirlpool French-door refrigerators with a water filter"",""lastVerified"":""2026-08-27""}]","","true","{""name"":""EveryDrop Filter 4 refrigerator water filter"",""sku"":""EDR4RXD1"",""compatibleProductCodes"":[""WRF555SDFZ08""],""installBoundary"":""user-replaceable"",""compatibilityEvidence"":[{""id"":""whirlpool-wrf555sdfz08-edr4rxd1"",""kind"":""authorized-parts"",""title"":""Whirlpool WRF555SDFZ08 exact water-filter listing"",""publisher"":""Whirlpool Parts"",""url"":""https://www.whirlpoolparts.com/Shop-For-Parts/i183d2171004/Model-WRF555SDFZ08-Water-Filter-Parts"",""appliesTo"":""Whirlpool WRF555SDFZ08 uses EDR4RXD1"",""lastVerified"":""2026-08-29""},{""id"":""everydrop-edr4rxd1-identity-2026-08-29"",""kind"":""manufacturer-part"",""title"":""Whirlpool EveryDrop Filter 4 EDR4RXD1 product page"",""publisher"":""Whirlpool"",""url"":""https://www.whirlpool.com/accessories/kitchen-accessories/refrigerator/p.everydrop-refrigerator-water-filter-4-edr4rxd1.html"",""appliesTo"":""EveryDrop Filter 4 manufacturer part EDR4RXD1; exact appliance fit is established separately"",""lastVerified"":""2026-08-29""}],""sellerOffer"":{""provider"":""shopify-global-catalog"",""protocol"":""UCP"",""query"":""Whirlpool EveryDrop EDR4RXD1 refrigerator water filter exact part"",""exactSku"":""EDR4RXD1"",""offerCountAtVerification"":5,""lastVerified"":""2026-08-29""}}",""
"whirlpool-wrf555sdfz08__door-will-not-close","whirlpool-wrf555sdfz08","refrigerator","Whirlpool","WRF555SDFZ08","exact-code","[""WRF555SDFZ08""]","door-will-not-close","true","guided-checks","whirlpool-wrf555sdfz08::door-will-not-close","[{""id"":""whirlpool-refrigerator-door"",""kind"":""manufacturer-troubleshooting"",""title"":""Whirlpool refrigerator doors not closing properly"",""publisher"":""Whirlpool"",""url"":""https://producthelp.whirlpool.com/Refrigeration/Full-Size_Refrigerators/Product_Info/Installation_Support/Doors_Not_Closing_Properly"",""appliesTo"":""Whirlpool full-size refrigerators; French-door mullion guidance only on French-door models"",""lastVerified"":""2026-08-28""}]","","false","","Purchase promotion is limited to the category's separately reviewed default component route."
"whirlpool-wrf555sdfz08__not-cooling","whirlpool-wrf555sdfz08","refrigerator","Whirlpool","WRF555SDFZ08","exact-code","[""WRF555SDFZ08""]","not-cooling","true","guided-checks","whirlpool-wrf555sdfz08::not-cooling","[{""id"":""whirlpool-refrigerator-cooling"",""kind"":""manufacturer-troubleshooting"",""title"":""Whirlpool refrigerator not-cooling checks"",""publisher"":""Whirlpool"",""url"":""https://producthelp.whirlpool.com/Refrigeration/Full-Size_Refrigerators/All_Refrigerator/Operation/Temperature_Concerns/Not_Cooling"",""appliesTo"":""Whirlpool full-size refrigerators; settings, room conditions, airflow, door, and food-safety observations only"",""lastVerified"":""2026-08-29""}]","","false","","Purchase promotion is limited to the category's separately reviewed default component route."
"whirlpool-wrf555sdfz08__is-leaking","whirlpool-wrf555sdfz08","refrigerator","Whirlpool","WRF555SDFZ08","exact-code","[""WRF555SDFZ08""]","is-leaking","true","guided-checks","whirlpool-wrf555sdfz08::is-leaking","[{""id"":""whirlpool-refrigerator-leak"",""kind"":""manufacturer-troubleshooting"",""title"":""Whirlpool refrigerator water-on-floor checks"",""publisher"":""Whirlpool"",""url"":""https://producthelp.whirlpool.com/Refrigeration/Full-Size_Refrigerators/Product_Info/Installation_Support/What_to_Do_if_There_is_Water_on_the_Floor"",""appliesTo"":""Whirlpool refrigerators with factory water/ice systems; visible filter, supply, and floor-water checks only"",""lastVerified"":""2026-08-29""}]","","false","","Purchase promotion is limited to the category's separately reviewed default component route."
"whirlpool-wrf555sdfz08__ice-maker-not-making-ice","whirlpool-wrf555sdfz08","refrigerator","Whirlpool","WRF555SDFZ08","exact-code","[""WRF555SDFZ08""]","ice-maker-not-making-ice","true","guided-checks","whirlpool-wrf555sdfz08::ice-maker-not-making-ice","[{""id"":""whirlpool-refrigerator-ice"",""kind"":""manufacturer-troubleshooting"",""title"":""Whirlpool refrigerator water-supply checks"",""publisher"":""Whirlpool"",""url"":""https://producthelp.whirlpool.com/Refrigeration/Full-Size_Refrigerators/Product_Info/Installation_Support/How_to_Check_the_Water_Supply_Line"",""appliesTo"":""Whirlpool refrigerators with factory icemakers; visible household water, supply-line, and leak observations only"",""lastVerified"":""2026-08-29""}]","","false","","Purchase promotion is limited to the category's separately reviewed default component route."
"kitchenaid-krff305ess00__slow-water-flow","kitchenaid-krff305ess00","refrigerator","KitchenAid","KRFF305ESS00","exact-code","[""KRFF305ESS00""]","slow-water-flow","true","guided-checks","kitchenaid-krff305ess00::slow-water-flow","[{""id"":""exp-kitchenaid-refrigerator-water"",""kind"":""manufacturer-troubleshooting"",""title"":""KitchenAid water-filter replacement guidance"",""publisher"":""KitchenAid"",""url"":""https://producthelp.kitchenaid.com/Refrigeration/Water_Filter_Information/Product_Assistance/Does_the_Water_Filter_Need_to_be_Replaced%253F"",""appliesTo"":""KitchenAid refrigerators with a water filter"",""lastVerified"":""2026-08-27""}]","","false","","No accepted complete-revision → one exact-SKU compatibility chain plus separately verified seller offer is recorded."
"kitchenaid-krff305ess00__door-will-not-close","kitchenaid-krff305ess00","refrigerator","KitchenAid","KRFF305ESS00","exact-code","[""KRFF305ESS00""]","door-will-not-close","true","guided-checks","kitchenaid-krff305ess00::door-will-not-close","[{""id"":""kitchenaid-refrigerator-door"",""kind"":""manufacturer-troubleshooting"",""title"":""KitchenAid refrigerator doors not closing properly"",""publisher"":""KitchenAid"",""url"":""https://producthelp.kitchenaid.com/Refrigeration/Full-Size_Refrigerators/Product_Info/Installation_Support/Doors_Not_Closing_Properly"",""appliesTo"":""KitchenAid full-size refrigerators; French-door mullion guidance only on French-door models"",""lastVerified"":""2026-08-28""}]","","false","","Purchase promotion is limited to the category's separately reviewed default component route."
"kitchenaid-krff305ess00__not-cooling","kitchenaid-krff305ess00","refrigerator","KitchenAid","KRFF305ESS00","exact-code","[""KRFF305ESS00""]","not-cooling","true","guided-checks","kitchenaid-krff305ess00::not-cooling","[{""id"":""kitchenaid-refrigerator-cooling"",""kind"":""manufacturer-troubleshooting"",""title"":""KitchenAid refrigerator control-setting checks"",""publisher"":""KitchenAid"",""url"":""https://producthelp.kitchenaid.com/Refrigeration/Full-Size_Refrigerators/Product_Info/Product_Assistance/Tips_for_Properly_Setting_the_Controls"",""appliesTo"":""KitchenAid full-size refrigerators; temperature settings, room conditions, door, and airflow observations only"",""lastVerified"":""2026-08-29""}]","","false","","Purchase promotion is limited to the category's separately reviewed default component route."
"kitchenaid-krff305ess00__is-leaking","kitchenaid-krff305ess00","refrigerator","KitchenAid","KRFF305ESS00","exact-code","[""KRFF305ESS00""]","is-leaking","true","guided-checks","kitchenaid-krff305ess00::is-leaking","[{""id"":""kitchenaid-refrigerator-leak"",""kind"":""manufacturer-troubleshooting"",""title"":""KitchenAid refrigerator water-on-floor checks"",""publisher"":""KitchenAid"",""url"":""https://producthelp.kitchenaid.com/Refrigeration/Full-Size_Refrigerators/Product_Info/Installation_Support/What_to_Do_if_There_is_Water_on_the_Floor"",""appliesTo"":""KitchenAid refrigerators with factory water/ice systems; visible filter, supply, and floor-water observations only"",""lastVerified"":""2026-08-29""}]","","false","","Purchase promotion is limited to the category's separately reviewed default component route."
"kitchenaid-krff305ess00__ice-maker-not-making-ice","kitchenaid-krff305ess00","refrigerator","KitchenAid","KRFF305ESS00","exact-code","[""KRFF305ESS00""]","ice-maker-not-making-ice","true","guided-checks","kitchenaid-krff305ess00::ice-maker-not-making-ice","[{""id"":""kitchenaid-refrigerator-ice"",""kind"":""manufacturer-troubleshooting"",""title"":""KitchenAid refrigerator ice-maker checks"",""publisher"":""KitchenAid"",""url"":""https://producthelp.kitchenaid.com/Refrigeration/Full-Size_Refrigerators/Product_Info/Product_Assistance/Ice_Maker_Not_Working_-_Troubleshooting"",""appliesTo"":""KitchenAid refrigerators with factory icemakers; power, temperature, water supply, filter age, and visible bin observations only"",""lastVerified"":""2026-08-29""}]","","false","","Purchase promotion is limited to the category's separately reviewed default component route."
"bosch-b36ct81ens07__slow-water-flow","bosch-b36ct81ens07","refrigerator","Bosch","B36CT81ENS/07","exact-code","[""B36CT81ENS/07""]","slow-water-flow","true","purchase-ready","bosch-b36ct81ens07::slow-water-flow","[{""id"":""exp-bosch-refrigerator-water"",""kind"":""manufacturer-troubleshooting"",""title"":""Bosch refrigerator water-filter replacement guidance"",""publisher"":""Bosch"",""url"":""https://www.bosch-home.com/us/experience-bosch/heart-of-the-home/tips-and-tricks/refrigeration-tips/replace-water-filter"",""appliesTo"":""Bosch refrigerators with a water filter"",""lastVerified"":""2026-08-27""}]","","true","{""name"":""UltraClarity Pro refrigerator water filter"",""sku"":""11032531"",""compatibleProductCodes"":[""B36CT81ENS/07""],""installBoundary"":""user-replaceable"",""compatibilityEvidence"":[{""id"":""bosch-b36ct81ens07-parts"",""kind"":""manufacturer-part"",""title"":""Bosch exact E-Nr replacement-parts catalog"",""publisher"":""Bosch"",""url"":""https://www.bosch-home.com/us/en/spare-parts-list/B36CT81ENS-07"",""appliesTo"":""Bosch B36CT81ENS/07 with UltraClarity Pro filter"",""lastVerified"":""2026-08-29""},{""id"":""bosch-b36ct81ens-ultraclaritypro-spec"",""kind"":""manufacturer-part"",""title"":""Bosch B36CT81ENS specification naming BORPLFTR55 UltraClarityPro"",""publisher"":""Bosch"",""url"":""https://media3.bosch-home.com/Documents/19681511_B36CT81ENS%20Spec%20Sheet.pdf"",""appliesTo"":""Bosch B36CT81ENS/07 with BORPLFTR55 UltraClarityPro filter"",""lastVerified"":""2026-08-29""},{""id"":""bosch-11032531-identity-2026-08-29"",""kind"":""manufacturer-part"",""title"":""Bosch 11032531 UltraClarity Pro water filter"",""publisher"":""Bosch"",""url"":""https://www.bosch-home.com/us/en/product/11032531"",""appliesTo"":""Bosch part 11032531 / BORPLFTR55; exact E-Nr fit is established separately"",""lastVerified"":""2026-08-29""}],""sellerOffer"":{""provider"":""shopify-global-catalog"",""protocol"":""UCP"",""query"":""Bosch 11032531 UltraClarity Pro water filter exact part"",""exactSku"":""11032531"",""offerCountAtVerification"":5,""lastVerified"":""2026-08-29""}}",""
"bosch-b36ct81ens07__door-will-not-close","bosch-b36ct81ens07","refrigerator","Bosch","B36CT81ENS/07","exact-code","[""B36CT81ENS/07""]","door-will-not-close","true","guided-checks","bosch-b36ct81ens07::door-will-not-close","[{""id"":""bosch-refrigerator-door"",""kind"":""manufacturer-troubleshooting"",""title"":""Bosch refrigerator door does not shut"",""publisher"":""Bosch"",""url"":""https://www.bosch-home.com/us/owner-support/get-support/self-help-fridge-does-not-shut"",""appliesTo"":""Bosch refrigerators; supports door-seal inspection/cleaning and service escalation"",""lastVerified"":""2026-08-28""}]","","false","","Purchase promotion is limited to the category's separately reviewed default component route."
"bosch-b36ct81ens07__not-cooling","bosch-b36ct81ens07","refrigerator","Bosch","B36CT81ENS/07","exact-code","[""B36CT81ENS/07""]","not-cooling","true","guided-checks","bosch-b36ct81ens07::not-cooling","[{""id"":""bosch-refrigerator-cooling"",""kind"":""manufacturer-troubleshooting"",""title"":""Bosch refrigerator not-cooling checks"",""publisher"":""Bosch"",""url"":""https://www.bosch-home.com/us/owner-support/get-support/self-help-fridge-has-stopped-cooling"",""appliesTo"":""Bosch full-size refrigerators; power, temperature, airflow, door, and food-safety observations only"",""lastVerified"":""2026-08-29""}]","","false","","Purchase promotion is limited to the category's separately reviewed default component route."
"bosch-b36ct81ens07__is-leaking","bosch-b36ct81ens07","refrigerator","Bosch","B36CT81ENS/07","exact-code","[""B36CT81ENS/07""]","is-leaking","false","unsupported","","[]","No active exact model × symptom row is backed by current primary manufacturer troubleshooting evidence.","false","","The symptom route is unsupported, so no exact-part purchase claim is permitted."
"bosch-b36ct81ens07__ice-maker-not-making-ice","bosch-b36ct81ens07","refrigerator","Bosch","B36CT81ENS/07","exact-code","[""B36CT81ENS/07""]","ice-maker-not-making-ice","false","unsupported","","[]","No active exact model × symptom row is backed by current primary manufacturer troubleshooting evidence.","false","","The symptom route is unsupported, so no exact-part purchase claim is permitted."
"maytag-mrff5033pz__slow-water-flow","maytag-mrff5033pz","refrigerator","Maytag","MRFF5033PZ","family-only","[]","slow-water-flow","true","guided-checks","maytag-mrff5033pz::slow-water-flow","[{""id"":""exp-maytag-french-refrigerator-water"",""kind"":""manufacturer-troubleshooting"",""title"":""Maytag water-filter replacement guidance"",""publisher"":""Maytag"",""url"":""https://producthelp.maytag.com/Refrigeration/Water_Filter_Information/Product_Assistance/Does_the_Water_Filter_Need_to_be_Replaced%3F"",""appliesTo"":""Maytag French-door refrigerators with a water filter"",""lastVerified"":""2026-08-27""}]","","false","","A complete revision code is not independently verified for this catalog identity."
"maytag-mrff5033pz__door-will-not-close","maytag-mrff5033pz","refrigerator","Maytag","MRFF5033PZ","family-only","[]","door-will-not-close","true","guided-checks","maytag-mrff5033pz::door-will-not-close","[{""id"":""maytag-refrigerator-door"",""kind"":""manufacturer-troubleshooting"",""title"":""Maytag refrigerator doors not closing properly"",""publisher"":""Maytag"",""url"":""https://producthelp.maytag.com/Refrigeration/Full-size_Refrigerators/Product_Info/Installation_Support/Doors_Not_Closing_Properly"",""appliesTo"":""Maytag full-size refrigerators; French-door mullion guidance only on French-door models"",""lastVerified"":""2026-08-28""}]","","false","","Purchase promotion is limited to the category's separately reviewed default component route."
"maytag-mrff5033pz__not-cooling","maytag-mrff5033pz","refrigerator","Maytag","MRFF5033PZ","family-only","[]","not-cooling","true","guided-checks","maytag-mrff5033pz::not-cooling","[{""id"":""maytag-refrigerator-cooling"",""kind"":""manufacturer-troubleshooting"",""title"":""Maytag refrigerator control-setting checks"",""publisher"":""Maytag"",""url"":""https://producthelp.maytag.com/Refrigeration/Full-size_Refrigerators/Product_Info/Product_Assistance/Tips_for_Properly_Setting_the_Controls"",""appliesTo"":""Maytag full-size refrigerators; temperature settings, room conditions, door, and airflow observations only"",""lastVerified"":""2026-08-29""}]","","false","","Purchase promotion is limited to the category's separately reviewed default component route."
"maytag-mrff5033pz__is-leaking","maytag-mrff5033pz","refrigerator","Maytag","MRFF5033PZ","family-only","[]","is-leaking","true","guided-checks","maytag-mrff5033pz::is-leaking","[{""id"":""maytag-refrigerator-leak"",""kind"":""manufacturer-troubleshooting"",""title"":""Maytag refrigerator water-on-floor checks"",""publisher"":""Maytag"",""url"":""https://producthelp.maytag.com/Refrigeration/Full-size_Refrigerators/Product_Info/Installation_Support/What_to_Do_if_There_is_Water_on_the_Floor"",""appliesTo"":""Maytag refrigerators with factory water/ice systems; visible filter, supply, and floor-water observations only"",""lastVerified"":""2026-08-29""}]","","false","","Purchase promotion is limited to the category's separately reviewed default component route."
"maytag-mrff5033pz__ice-maker-not-making-ice","maytag-mrff5033pz","refrigerator","Maytag","MRFF5033PZ","family-only","[]","ice-maker-not-making-ice","true","guided-checks","maytag-mrff5033pz::ice-maker-not-making-ice","[{""id"":""maytag-refrigerator-ice"",""kind"":""manufacturer-troubleshooting"",""title"":""Maytag refrigerator ice-maker checks"",""publisher"":""Maytag"",""url"":""https://producthelp.maytag.com/Refrigeration/Full-size_Refrigerators/Product_Info/Product_Assistance/Ice_Maker_Not_Working_-_Troubleshooting"",""appliesTo"":""Maytag refrigerators with factory icemakers; power, temperature, water supply, filter age, and visible bin observations only"",""lastVerified"":""2026-08-29""}]","","false","","Purchase promotion is limited to the category's separately reviewed default component route."
